# Blender 5.0.1
# www.blender.org
mtllib 21Untitled.mtl
o wow
v -9.879130 17.051800 12.316199
v -9.827040 17.127399 12.256899
v -9.826590 17.137199 12.289299
v -9.776810 17.245899 12.246499
v -9.788530 17.236099 12.210099
v -9.771940 17.358400 12.191699
v -9.768290 17.364401 12.225499
v -9.772410 17.463200 12.188999
v -9.767210 17.464001 12.219999
v -9.760770 17.506800 12.221999
v -9.769080 17.506901 12.184099
v -9.770060 17.552500 12.184299
v -9.760610 17.552200 12.224299
v -9.784650 17.586000 12.196199
v -9.781940 17.586901 12.219399
v -11.857000 17.051800 12.316199
v -11.909500 17.137199 12.289299
v -11.909100 17.127399 12.256899
v -11.959300 17.245899 12.246499
v -11.947600 17.236099 12.210099
v -11.964200 17.358299 12.191699
v -11.967800 17.364300 12.225499
v -11.963700 17.463100 12.188999
v -11.968900 17.464001 12.219999
v -11.975400 17.506800 12.221999
v -11.967100 17.506901 12.184099
v -11.966100 17.552500 12.184299
v -11.975500 17.552200 12.224299
v -11.951500 17.586000 12.196199
v -11.954200 17.586800 12.219399
v -9.826360 17.297501 12.153499
v -9.820190 17.215900 12.191299
v -9.801480 17.283100 12.124599
v -9.840840 17.383600 12.124599
v -9.788820 17.194201 12.172599
v -9.830250 17.375000 12.082899
v -9.827040 17.127399 12.256899
v -9.814120 17.101101 12.246399
v -9.879130 17.051800 12.316199
v -9.848250 17.441500 12.080400
v -9.851310 17.439899 12.128999
v -9.876660 17.486401 12.088399
v -9.872400 17.483801 12.129899
v -9.912950 17.510201 12.110899
v -9.911450 17.507999 12.128599
v -11.915900 17.215900 12.191299
v -11.909800 17.297501 12.153499
v -11.934700 17.283100 12.124599
v -11.895300 17.383600 12.124599
v -11.947300 17.194099 12.172599
v -11.905900 17.375000 12.082899
v -11.909100 17.127399 12.256899
v -11.922000 17.101101 12.246399
v -11.857000 17.051800 12.316199
v -11.887900 17.441500 12.080400
v -11.884800 17.439899 12.128999
v -11.859500 17.486401 12.088399
v -11.863700 17.483801 12.129899
v -11.823200 17.510201 12.110899
v -11.824700 17.507999 12.128599
v -9.981040 16.296600 11.881499
v -9.964580 16.350401 11.873899
v -9.978320 16.328699 11.909099
v -9.972220 16.319000 11.849699
v -9.979920 16.268299 11.848999
v -9.972700 16.289801 11.824199
v -9.989390 16.254999 11.823399
v -9.982290 16.270201 11.810099
v -11.763900 16.319000 11.849699
v -11.755100 16.296600 11.881499
v -11.771500 16.350401 11.873899
v -11.757800 16.328699 11.909099
v -11.756200 16.268200 11.848999
v -11.763400 16.289700 11.824199
v -11.746700 16.254900 11.823399
v -11.753800 16.270201 11.810099
v -9.959200 16.619801 12.053699
v -9.964700 16.650700 12.088099
v -9.961220 16.617500 12.095799
v -9.963050 16.652100 12.064899
v -9.970360 16.581699 12.091099
v -9.968540 16.587400 12.047499
v -10.002900 16.516100 12.075099
v -10.000900 16.524300 12.039199
v -10.018900 16.463800 12.024399
v -10.022200 16.455299 12.064199
v -10.032800 16.390699 12.056999
v -11.776900 16.619801 12.053699
v -11.771400 16.650700 12.088099
v -11.773100 16.652000 12.064899
v -11.774900 16.617500 12.095799
v -11.765700 16.581600 12.091099
v -11.767600 16.587400 12.047499
v -11.733200 16.516001 12.075099
v -11.735200 16.524300 12.039199
v -11.717200 16.463800 12.024399
v -11.713900 16.455200 12.064199
v -11.703300 16.390699 12.056999
v -10.152200 16.276899 12.113400
v -10.079500 16.321800 12.059399
v -10.074800 16.340200 12.080499
v -10.032800 16.390699 12.056999
v -10.026900 16.377001 11.983299
v -10.008400 16.417200 12.014599
v -9.984590 16.425699 11.942199
v -9.969550 16.458700 11.967799
v -9.950170 16.499001 11.903899
v -9.947730 16.520800 11.941699
v -9.937750 16.563999 11.879399
v -9.939520 16.578600 11.913599
v -9.925420 16.601200 11.861300
v -9.928570 16.615999 11.902399
v -9.926470 16.661200 11.884499
v -9.919360 16.643200 11.843799
v -9.937800 16.681299 11.862899
v -9.933010 16.672400 11.837799
v -11.583900 16.276899 12.113400
v -11.661300 16.340200 12.080499
v -11.656600 16.321800 12.059399
v -11.703300 16.390699 12.056999
v -11.709200 16.377001 11.983299
v -11.727800 16.417200 12.014599
v -11.751500 16.425600 11.942199
v -11.766600 16.458599 11.967799
v -11.785900 16.499001 11.903899
v -11.788400 16.520800 11.941699
v -11.798400 16.563900 11.879399
v -11.796600 16.578600 11.913599
v -11.810700 16.601200 11.861300
v -11.807500 16.615900 11.902399
v -11.809600 16.661200 11.884499
v -11.816800 16.643200 11.843799
v -11.798300 16.681299 11.862899
v -11.803100 16.672400 11.837799
v -9.961890 17.296301 12.515299
v -9.962990 17.406401 12.536399
v -10.004300 17.408199 12.560699
v -9.997020 17.438801 12.538999
v -10.034400 17.463699 12.577999
v -10.022500 17.474300 12.556099
v -10.051400 17.509600 12.600499
v -10.039400 17.523001 12.576199
v -10.048400 17.553499 12.592799
v -10.062900 17.537201 12.620499
v -10.078000 17.564600 12.627799
v -10.065300 17.577801 12.603599
v -10.097300 17.593300 12.610099
v -10.104800 17.587799 12.621799
v -11.774200 17.296200 12.515299
v -11.731800 17.408100 12.560699
v -11.773100 17.406401 12.536399
v -11.739100 17.438801 12.538999
v -11.701700 17.463699 12.577999
v -11.713700 17.474300 12.556099
v -11.684700 17.509600 12.600499
v -11.696700 17.523001 12.576199
v -11.687700 17.553499 12.592799
v -11.673300 17.537201 12.620499
v -11.658200 17.564600 12.627799
v -11.670800 17.577700 12.603599
v -11.638800 17.593300 12.610099
v -11.631400 17.587799 12.621799
v -9.981970 17.056801 12.425900
v -9.965170 16.966200 12.383599
v -9.950660 17.078300 12.368999
v -9.963900 17.159800 12.418099
v -9.978300 17.149300 12.458599
v -9.951310 17.248100 12.451099
v -9.971040 17.241501 12.495499
v -9.961890 17.296301 12.515299
v -9.929200 17.320999 12.465799
v -9.923490 17.411200 12.506899
v -9.906210 17.409800 12.468699
v -9.891960 17.521299 12.491899
v -9.891400 17.518999 12.464199
v -9.879920 17.636200 12.489299
v -9.879770 17.637899 12.462699
v -9.878070 17.677799 12.463099
v -9.880920 17.677099 12.496399
v -9.891620 17.709000 12.496399
v -9.886620 17.709400 12.463599
v -9.910080 17.730600 12.489699
v -9.904660 17.731001 12.467699
v -11.754200 17.056700 12.425900
v -11.785500 17.078300 12.368999
v -11.771000 16.966101 12.383599
v -11.772200 17.159800 12.418099
v -11.757800 17.149300 12.458599
v -11.784800 17.248100 12.451099
v -11.765100 17.241501 12.495499
v -11.774200 17.296200 12.515299
v -11.806900 17.320900 12.465799
v -11.812600 17.411200 12.506899
v -11.829900 17.409800 12.468699
v -11.844200 17.521200 12.491899
v -11.844700 17.518999 12.464199
v -11.856200 17.636200 12.489299
v -11.856400 17.637800 12.462699
v -11.858100 17.677700 12.463099
v -11.855200 17.677099 12.496399
v -11.844500 17.708900 12.496399
v -11.849500 17.709299 12.463599
v -11.826100 17.730600 12.489699
v -11.831500 17.730900 12.467699
v -10.311400 16.199100 12.210599
v -10.390100 16.122999 12.191299
v -10.318600 16.172100 12.151399
v -10.234800 16.239599 12.156499
v -10.248300 16.211201 12.117599
v -10.152200 16.276899 12.113400
v -10.166600 16.253099 12.069799
v -10.077700 16.303499 12.045099
v -10.093100 16.289000 12.015699
v -10.013600 16.324800 11.955899
v -10.021100 16.317900 11.940699
v -9.978320 16.328699 11.909099
v -11.424700 16.199100 12.210599
v -11.417500 16.172100 12.151399
v -11.346000 16.122999 12.191299
v -11.501300 16.239599 12.156499
v -11.487800 16.211201 12.117599
v -11.583900 16.276899 12.113400
v -11.569500 16.253000 12.069799
v -11.658400 16.303400 12.045099
v -11.643100 16.289000 12.015699
v -11.722500 16.324800 11.955899
v -11.715000 16.317801 11.940699
v -11.757800 16.328699 11.909099
v -9.904660 17.731001 12.467699
v -9.919210 17.731701 12.456699
v -9.924550 17.739300 12.477899
v -9.940920 17.732000 12.461199
v -9.910080 17.730600 12.489699
v -9.950120 17.731899 12.481499
v -9.928170 17.731300 12.497699
v -11.831500 17.730900 12.467699
v -11.811600 17.739300 12.477899
v -11.816900 17.731701 12.456699
v -11.795200 17.732000 12.461199
v -11.826100 17.730600 12.489699
v -11.786000 17.731899 12.481499
v -11.808000 17.731199 12.497699
v -9.997020 17.438801 12.538999
v -9.962990 17.406401 12.536399
v -9.957350 17.445999 12.516599
v -11.739100 17.438801 12.538999
v -11.778800 17.445900 12.516599
v -11.773100 17.406401 12.536399
v -10.022500 17.474300 12.556099
v -10.017500 17.439600 12.518199
v -10.037200 17.473700 12.535099
v -9.997020 17.438801 12.538999
v -10.055000 17.526400 12.550200
v -10.039400 17.523001 12.576199
v -10.068100 17.558100 12.559399
v -10.048400 17.553499 12.592799
v -10.082300 17.581301 12.572799
v -10.065300 17.577801 12.603599
v -10.104500 17.594999 12.596899
v -10.097300 17.593300 12.610099
v -11.713700 17.474300 12.556099
v -11.718700 17.439600 12.518199
v -11.739100 17.438801 12.538999
v -11.699000 17.473600 12.535099
v -11.681200 17.526400 12.550200
v -11.696700 17.523001 12.576199
v -11.668000 17.558100 12.559399
v -11.687700 17.553499 12.592799
v -11.653800 17.581301 12.572799
v -11.670800 17.577700 12.603599
v -11.631600 17.594999 12.596899
v -11.638800 17.593300 12.610099
v -10.124300 16.497400 12.085499
v -10.132200 16.507500 12.086299
v -10.137100 16.488600 12.092899
v -10.118800 16.508101 12.073499
v -10.107400 16.500299 12.062499
v -10.109800 16.473600 12.079700
v -10.137600 16.470301 12.091799
v -10.097100 16.486099 12.054899
v -10.129600 16.452700 12.083999
v -10.103300 16.455000 12.065799
v -10.086800 16.459000 12.037899
v -10.118700 16.426001 12.062899
v -10.081200 16.481100 12.030499
v -10.093700 16.502701 12.045499
v -10.104600 16.434299 12.042599
v -10.136800 16.422501 12.078199
v -10.145900 16.453300 12.092899
v -10.084100 16.498699 12.021499
v -10.091000 16.512400 12.030199
v -10.089800 16.514799 12.012999
v -10.087900 16.497999 12.001899
v -10.088300 16.479900 11.999699
v -10.090500 16.463200 12.006199
v -10.093700 16.447201 12.020099
v -10.103200 16.437300 11.993699
v -10.102400 16.470100 11.986199
v -10.101100 16.432400 12.017399
v -10.117300 16.417801 12.033899
v -10.124600 16.419399 12.000199
v -10.128800 16.425200 11.982099
v -10.113300 16.446699 11.973499
v -10.112100 16.465000 11.970399
v -10.127200 16.438000 11.968399
v -10.123200 16.454599 11.960999
v -10.134400 16.406200 12.023399
v -10.143000 16.416800 11.991999
v -10.131900 16.414301 12.051499
v -10.149600 16.411100 12.047699
v -10.148900 16.409401 12.059299
v -10.166200 16.407400 12.038099
v -10.163600 16.411100 12.066899
v -10.159200 16.403999 12.009799
v -10.159000 16.412300 11.991899
v -10.175700 16.405600 12.022399
v -10.177300 16.407499 12.001199
v -10.160300 16.427000 12.087899
v -10.173700 16.418200 12.078099
v -10.179200 16.434000 12.092199
v -10.162900 16.447399 12.096299
v -11.611800 16.497400 12.085499
v -11.599000 16.488600 12.092899
v -11.603900 16.507500 12.086299
v -11.617300 16.507999 12.073499
v -11.628700 16.500299 12.062499
v -11.626300 16.473600 12.079700
v -11.598500 16.470301 12.091799
v -11.639100 16.486099 12.054899
v -11.606500 16.452700 12.083999
v -11.632800 16.455000 12.065799
v -11.649300 16.458900 12.037899
v -11.617400 16.426001 12.062899
v -11.654900 16.481100 12.030499
v -11.642400 16.502701 12.045499
v -11.631500 16.434200 12.042599
v -11.599300 16.422400 12.078199
v -11.590300 16.453199 12.092899
v -11.652000 16.498600 12.021499
v -11.645100 16.512400 12.030199
v -11.646300 16.514799 12.012999
v -11.648200 16.497999 12.001899
v -11.647800 16.479900 11.999699
v -11.645600 16.463200 12.006199
v -11.642400 16.447201 12.020099
v -11.632900 16.437300 11.993699
v -11.633700 16.470100 11.986199
v -11.635000 16.432400 12.017399
v -11.618800 16.417801 12.033899
v -11.611500 16.419399 12.000199
v -11.607400 16.425200 11.982099
v -11.601700 16.406200 12.023399
v -11.622900 16.446699 11.973499
v -11.608900 16.438000 11.968399
v -11.624000 16.464899 11.970399
v -11.612900 16.454599 11.960999
v -11.593100 16.416800 11.991999
v -11.604200 16.414301 12.051499
v -11.586500 16.411100 12.047699
v -11.587200 16.409401 12.059299
v -11.569900 16.407400 12.038099
v -11.572600 16.410999 12.066899
v -11.576900 16.403999 12.009799
v -11.560400 16.405600 12.022399
v -11.577100 16.412300 11.991899
v -11.558800 16.407499 12.001199
v -11.575800 16.427000 12.087899
v -11.562400 16.418200 12.078099
v -11.556900 16.434000 12.092199
v -11.573200 16.447399 12.096299
v -10.448500 16.027599 12.180299
v -10.469100 16.047501 12.295099
v -10.539100 15.941800 12.294799
v -10.510100 15.926600 12.169299
v -10.390100 16.122999 12.191299
v -10.403500 16.154400 12.295199
v -10.310500 16.240499 12.279699
v -10.311400 16.199100 12.210599
v -10.257800 16.309099 12.187999
v -10.270100 16.323200 12.290699
v -10.218800 16.473900 12.260499
v -10.227900 16.464100 12.326399
v -10.175900 16.613899 12.309999
v -10.183000 16.606899 12.358799
v -10.115700 16.752701 12.337499
v -10.119500 16.747900 12.386699
v -10.047700 16.851500 12.337199
v -10.039300 16.875299 12.399699
v -9.945220 16.933201 12.296199
v -9.965170 16.966200 12.383599
v -9.879130 17.051800 12.316199
v -9.869160 17.014700 12.242199
v -9.814120 17.101101 12.246399
v -9.820440 17.076099 12.196699
v -9.788820 17.194201 12.172599
v -9.796750 17.173700 12.132199
v -9.804330 17.273001 12.102199
v -9.801480 17.283100 12.124599
v -9.830250 17.375000 12.082899
v -11.226000 15.926600 12.169299
v -11.197000 15.941800 12.294799
v -11.287600 16.027599 12.180299
v -11.267000 16.047400 12.295099
v -11.346000 16.122999 12.191299
v -11.332600 16.154400 12.295199
v -11.425600 16.240400 12.279699
v -11.424700 16.199100 12.210599
v -11.478300 16.309099 12.187999
v -11.466000 16.323200 12.290699
v -11.517300 16.473801 12.260499
v -11.508200 16.464100 12.326399
v -11.560200 16.613800 12.309999
v -11.553200 16.606899 12.358799
v -11.620400 16.752600 12.337499
v -11.616600 16.747900 12.386699
v -11.688400 16.851500 12.337199
v -11.696800 16.875299 12.399699
v -11.790900 16.933100 12.296199
v -11.771000 16.966101 12.383599
v -11.857000 17.051800 12.316199
v -11.867000 17.014601 12.242199
v -11.922000 17.101101 12.246399
v -11.915700 17.076000 12.196699
v -11.947300 17.194099 12.172599
v -11.939400 17.173700 12.132199
v -11.931800 17.273001 12.102199
v -11.934700 17.283100 12.124599
v -11.905900 17.375000 12.082899
v -9.961890 17.296301 12.515299
v -9.923490 17.411200 12.506899
v -9.962990 17.406401 12.536399
v -9.957350 17.445999 12.516599
v -9.891960 17.521299 12.491899
v -9.918700 17.525200 12.509099
v -9.879920 17.636200 12.489299
v -9.916190 17.636900 12.518499
v -9.880920 17.677099 12.496399
v -9.922220 17.676500 12.521399
v -9.891620 17.709000 12.496399
v -9.926090 17.707800 12.514099
v -9.910080 17.730600 12.489699
v -9.928170 17.731300 12.497699
v -11.774200 17.296200 12.515299
v -11.773100 17.406401 12.536399
v -11.812600 17.411200 12.506899
v -11.778800 17.445900 12.516599
v -11.844200 17.521200 12.491899
v -11.817400 17.525200 12.509099
v -11.856200 17.636200 12.489299
v -11.820000 17.636900 12.518499
v -11.855200 17.677099 12.496399
v -11.813900 17.676399 12.521399
v -11.844500 17.708900 12.496399
v -11.810100 17.707800 12.514099
v -11.826100 17.730600 12.489699
v -11.808000 17.731199 12.497699
v -10.003200 16.259701 11.809299
v -10.021000 16.262800 11.816199
v -10.017500 16.275499 11.805799
v -10.009000 16.252501 11.826799
v -10.000500 16.278601 11.801099
v -9.989390 16.254999 11.823399
v -9.982290 16.270201 11.810099
v -11.732900 16.259600 11.809299
v -11.718600 16.275499 11.805799
v -11.715100 16.262800 11.816199
v -11.735600 16.278601 11.801099
v -11.727100 16.252501 11.826799
v -11.753800 16.270201 11.810099
v -11.746700 16.254900 11.823399
v -9.958900 16.381800 11.822499
v -9.962690 16.399000 11.824599
v -9.946210 16.394899 11.824799
v -9.954330 16.408600 11.834299
v -9.943920 16.378201 11.832999
v -9.940960 16.402599 11.843299
v -9.937890 16.389400 11.840599
v -11.777200 16.381800 11.822499
v -11.789900 16.394899 11.824799
v -11.773400 16.398899 11.824599
v -11.781800 16.408600 11.834299
v -11.792200 16.378099 11.832999
v -11.795100 16.402599 11.843299
v -11.798200 16.389400 11.840599
v -9.950660 17.078300 12.368999
v -9.965170 16.966200 12.383599
v -9.879130 17.051800 12.316199
v -9.852200 17.161900 12.311699
v -9.826590 17.137199 12.289299
v -9.776810 17.245899 12.246499
v -9.801940 17.262800 12.270199
v -9.768290 17.364401 12.225499
v -9.784370 17.368601 12.242499
v -9.767210 17.464001 12.219999
v -9.785780 17.462799 12.239199
v -9.760770 17.506800 12.221999
v -9.787570 17.504499 12.249299
v -9.793080 17.549601 12.250199
v -9.760610 17.552200 12.224299
v -9.781940 17.586901 12.219399
v -9.800540 17.583300 12.230299
v -11.785500 17.078300 12.368999
v -11.857000 17.051800 12.316199
v -11.771000 16.966101 12.383599
v -11.883900 17.161900 12.311699
v -11.909500 17.137199 12.289299
v -11.959300 17.245899 12.246499
v -11.934200 17.262800 12.270199
v -11.967800 17.364300 12.225499
v -11.951800 17.368601 12.242499
v -11.968900 17.464001 12.219999
v -11.950400 17.462799 12.239199
v -11.975400 17.506800 12.221999
v -11.948600 17.504499 12.249299
v -11.943100 17.549500 12.250199
v -11.975500 17.552200 12.224299
v -11.954200 17.586800 12.219399
v -11.935600 17.583200 12.230299
v -9.950170 16.499001 11.903899
v -9.967300 16.563299 11.868799
v -9.937750 16.563999 11.879399
v -9.965250 16.598499 11.843499
v -9.986050 16.504400 11.895899
v -9.925420 16.601200 11.861300
v -9.984590 16.425699 11.942199
v -9.962370 16.634399 11.822499
v -10.017800 16.436899 11.928999
v -10.026900 16.377001 11.983299
v -10.051400 16.393700 11.964599
v -9.919360 16.643200 11.843799
v -9.933010 16.672400 11.837799
v -9.958590 16.669901 11.822399
v -11.768800 16.563299 11.868799
v -11.750100 16.504299 11.895899
v -11.785900 16.499001 11.903899
v -11.751500 16.425600 11.942199
v -11.798400 16.563900 11.879399
v -11.718300 16.436899 11.928999
v -11.709200 16.377001 11.983299
v -11.684700 16.393600 11.964599
v -11.770900 16.598499 11.843499
v -11.810700 16.601200 11.861300
v -11.773700 16.634399 11.822499
v -11.816800 16.643200 11.843799
v -11.803100 16.672400 11.837799
v -11.777500 16.669901 11.822399
v -10.152200 16.276899 12.113400
v -10.077700 16.303499 12.045099
v -10.079500 16.321800 12.059399
v -10.026900 16.377001 11.983299
v -10.013600 16.324800 11.955899
v -9.985180 16.347300 11.922699
v -9.991650 16.390900 11.939899
v -9.978320 16.328699 11.909099
v -9.957030 16.369499 11.889699
v -9.961130 16.399200 11.897999
v -9.964580 16.350401 11.873899
v -9.942500 16.380301 11.863699
v -9.946900 16.406099 11.868499
v -9.940960 16.402599 11.843299
v -9.953760 16.365400 11.849799
v -9.937890 16.389400 11.840599
v -9.943920 16.378201 11.832999
v -11.583900 16.276899 12.113400
v -11.656600 16.321800 12.059399
v -11.658400 16.303400 12.045099
v -11.709200 16.377001 11.983299
v -11.722500 16.324800 11.955899
v -11.750900 16.347200 11.922699
v -11.757800 16.328699 11.909099
v -11.744500 16.390900 11.939899
v -11.779100 16.369499 11.889699
v -11.771500 16.350401 11.873899
v -11.775000 16.399200 11.897999
v -11.793600 16.380199 11.863699
v -11.789200 16.406000 11.868499
v -11.795100 16.402599 11.843299
v -11.782300 16.365299 11.849799
v -11.798200 16.389400 11.840599
v -11.792200 16.378099 11.832999
v -9.975090 16.371000 11.837299
v -9.964580 16.350401 11.873899
v -9.993800 16.365200 11.854799
v -9.953760 16.365400 11.849799
v -9.958900 16.381800 11.822499
v -9.943920 16.378201 11.832999
v -11.761000 16.371000 11.837299
v -11.771500 16.350401 11.873899
v -11.782300 16.365299 11.849799
v -11.742300 16.365200 11.854799
v -11.777200 16.381800 11.822499
v -11.792200 16.378099 11.832999
v -10.039700 16.495100 11.993399
v -10.025900 16.501400 11.979399
v -10.008800 16.518400 11.991799
v -10.035800 16.514000 12.002399
v -10.056400 16.504801 12.012999
v -10.040900 16.482401 11.972699
v -10.071800 16.492901 12.021399
v -10.066800 16.469500 12.000199
v -10.053500 16.464199 11.971199
v -10.088500 16.467199 12.019699
v -10.070800 16.449800 11.981399
v -10.086200 16.444700 12.007699
v -11.696400 16.495100 11.993399
v -11.727300 16.518400 11.991799
v -11.710200 16.501400 11.979399
v -11.700300 16.513901 12.002399
v -11.679700 16.504801 12.012999
v -11.695200 16.482300 11.972699
v -11.664300 16.492901 12.021399
v -11.669300 16.469500 12.000199
v -11.682600 16.464199 11.971199
v -11.647600 16.467199 12.019699
v -11.665300 16.449800 11.981399
v -11.649900 16.444700 12.007699
v -9.963900 17.159800 12.418099
v -9.964760 17.097700 12.350199
v -9.976340 17.168699 12.401999
v -9.950660 17.078300 12.368999
v -9.951310 17.248100 12.451099
v -9.967250 17.255400 12.426099
v -9.929200 17.320999 12.465799
v -9.945890 17.330299 12.440199
v -9.906210 17.409800 12.468699
v -9.920750 17.413300 12.450199
v -9.891400 17.518999 12.464199
v -9.900200 17.520599 12.453099
v -9.879770 17.637899 12.462699
v -9.897660 17.639601 12.445499
v -9.878070 17.677799 12.463099
v -9.902650 17.678900 12.439699
v -9.886620 17.709400 12.463599
v -9.909690 17.709499 12.442799
v -9.904660 17.731001 12.467699
v -9.919210 17.731701 12.456699
v -11.771400 17.097700 12.350199
v -11.772200 17.159800 12.418099
v -11.759800 17.168699 12.401999
v -11.785500 17.078300 12.368999
v -11.784800 17.248100 12.451099
v -11.768900 17.255400 12.426099
v -11.806900 17.320900 12.465799
v -11.790200 17.330299 12.440199
v -11.829900 17.409800 12.468699
v -11.815400 17.413300 12.450199
v -11.844700 17.518999 12.464199
v -11.835900 17.520599 12.453099
v -11.856400 17.637800 12.462699
v -11.838500 17.639601 12.445499
v -11.858100 17.677700 12.463099
v -11.833500 17.678900 12.439699
v -11.849500 17.709299 12.463599
v -11.826500 17.709499 12.442799
v -11.831500 17.730900 12.467699
v -11.816900 17.731701 12.456699
v -9.979720 17.475201 12.512399
v -9.984290 17.478901 12.519899
v -9.982700 17.470699 12.519899
v -9.989770 17.472601 12.525399
v -9.977870 17.469000 12.507599
v -9.993550 17.465000 12.526999
v -9.982170 17.460600 12.519199
v -9.977150 17.459600 12.505299
v -9.994980 17.455700 12.524899
v -9.985710 17.448700 12.515199
v -9.980580 17.444700 12.500399
v -9.999180 17.441299 12.520599
v -10.005900 17.445200 12.527699
v -9.993570 17.438801 12.508099
v -10.000700 17.460199 12.530199
v -9.974600 17.451700 12.493699
v -9.973810 17.465000 12.499499
v -9.973050 17.459600 12.487099
v -9.972250 17.467300 12.491799
v -9.972950 17.466600 12.482299
v -9.976880 17.458799 12.478699
v -9.980760 17.451300 12.479799
v -9.985610 17.444201 12.485399
v -9.988240 17.439699 12.494099
v -11.756400 17.475201 12.512399
v -11.753400 17.470699 12.519899
v -11.751800 17.478901 12.519899
v -11.746400 17.472601 12.525399
v -11.758300 17.469000 12.507599
v -11.742600 17.465000 12.526999
v -11.754000 17.460600 12.519199
v -11.759000 17.459600 12.505299
v -11.741200 17.455700 12.524899
v -11.750400 17.448601 12.515199
v -11.737000 17.441200 12.520599
v -11.730200 17.445200 12.527699
v -11.735400 17.460100 12.530199
v -11.742600 17.438700 12.508099
v -11.755600 17.444599 12.500399
v -11.761500 17.451700 12.493699
v -11.762300 17.465000 12.499499
v -11.763100 17.459499 12.487099
v -11.763900 17.467199 12.491799
v -11.763200 17.466499 12.482299
v -11.759300 17.458799 12.478699
v -11.755400 17.451300 12.479799
v -11.750500 17.444099 12.485399
v -11.747900 17.439699 12.494099
v -10.038900 16.436100 11.950399
v -10.039800 16.421600 11.951899
v -10.023200 16.420200 11.938299
v -10.042600 16.410801 11.946099
v -10.056000 16.404301 11.959399
v -10.054000 16.423500 11.968599
v -10.046400 16.443100 11.961399
v -10.066500 16.409700 11.976499
v -10.058000 16.440500 11.977299
v -10.064600 16.423000 11.986799
v -11.697300 16.436100 11.950399
v -11.712900 16.420200 11.938299
v -11.696400 16.421499 11.951899
v -11.693500 16.410801 11.946099
v -11.680100 16.404200 11.959399
v -11.682100 16.423500 11.968599
v -11.689700 16.443001 11.961399
v -11.669600 16.409700 11.976499
v -11.678100 16.440399 11.977299
v -11.671500 16.423000 11.986799
v -10.090900 16.965401 12.276899
v -10.077400 16.950100 12.253799
v -10.075300 16.981600 12.277799
v -10.071100 16.977600 12.255699
v -10.063000 16.997900 12.261799
v -10.095100 16.976200 12.296299
v -10.054500 17.014700 12.272399
v -10.067200 17.007900 12.303699
v -10.093500 16.988600 12.315099
v -10.053500 17.025200 12.292599
v -10.081700 17.006701 12.324699
v -10.059700 17.022100 12.321599
v -11.645200 16.965401 12.276899
v -11.660800 16.981600 12.277799
v -11.658700 16.950001 12.253799
v -11.665000 16.977600 12.255699
v -11.673100 16.997900 12.261799
v -11.641000 16.976101 12.296299
v -11.681600 17.014700 12.272399
v -11.668900 17.007900 12.303699
v -11.642600 16.988501 12.315099
v -11.682600 17.025200 12.292599
v -11.654500 17.006599 12.324699
v -11.676400 17.021999 12.321599
v -10.539100 15.941800 12.294799
v -10.691800 16.063900 12.191799
v -10.587300 15.990300 12.117999
v -10.641300 16.015900 12.323499
v -10.510100 15.926600 12.169299
v -11.197000 15.941800 12.294799
v -11.044300 16.063900 12.191799
v -11.094800 16.015900 12.323499
v -11.148800 15.990300 12.117999
v -11.226000 15.926600 12.169299
v -10.021100 16.317900 11.940699
v -9.981040 16.296600 11.881499
v -9.978320 16.328699 11.909099
v -10.016600 16.294399 11.887099
v -10.013800 16.260401 11.851799
v -9.979920 16.268299 11.848999
v -10.009000 16.252501 11.826799
v -9.989390 16.254999 11.823399
v -9.999530 16.331499 11.836799
v -9.964580 16.350401 11.873899
v -9.972220 16.319000 11.849699
v -9.993800 16.365200 11.854799
v -9.998760 16.303101 11.808799
v -9.972700 16.289801 11.824199
v -10.000500 16.278601 11.801099
v -9.982290 16.270201 11.810099
v -11.715000 16.317801 11.940699
v -11.757800 16.328699 11.909099
v -11.755100 16.296600 11.881499
v -11.719600 16.294399 11.887099
v -11.722300 16.260401 11.851799
v -11.756200 16.268200 11.848999
v -11.727100 16.252501 11.826799
v -11.746700 16.254900 11.823399
v -11.736600 16.331400 11.836799
v -11.771500 16.350401 11.873899
v -11.742300 16.365200 11.854799
v -11.763900 16.319000 11.849699
v -11.737300 16.303101 11.808799
v -11.763400 16.289700 11.824199
v -11.735600 16.278601 11.801099
v -11.753800 16.270201 11.810099
v -10.362300 16.213499 12.116599
v -10.390100 16.122999 12.191299
v -10.451800 16.170799 12.136599
v -10.318600 16.172100 12.151399
v -10.286400 16.247000 12.086999
v -10.248300 16.211201 12.117599
v -10.201000 16.282200 12.049199
v -10.166600 16.253099 12.069799
v -10.124400 16.314600 11.996099
v -10.093100 16.289000 12.015699
v -10.045700 16.336901 11.924199
v -10.021100 16.317900 11.940699
v -11.373800 16.213499 12.116599
v -11.346000 16.122999 12.191299
v -11.417500 16.172100 12.151399
v -11.284300 16.170799 12.136599
v -11.449700 16.247000 12.086999
v -11.487800 16.211201 12.117599
v -11.535100 16.282200 12.049199
v -11.569500 16.253000 12.069799
v -11.611700 16.314600 11.996099
v -11.643100 16.289000 12.015699
v -11.690400 16.336800 11.924199
v -11.715000 16.317801 11.940699
v -9.959200 16.619801 12.053699
v -9.997580 16.630199 12.036799
v -9.963050 16.652100 12.064899
v -9.986950 16.658701 12.055099
v -9.968540 16.587400 12.047499
v -10.005900 16.597300 12.031499
v -10.000900 16.524300 12.039199
v -10.021600 16.531200 12.028499
v -10.038300 16.474100 12.011399
v -10.018900 16.463800 12.024399
v -11.738500 16.630199 12.036799
v -11.773100 16.652000 12.064899
v -11.749200 16.658701 12.055099
v -11.776900 16.619801 12.053699
v -11.767600 16.587400 12.047499
v -11.730200 16.597300 12.031499
v -11.735200 16.524300 12.039199
v -11.714500 16.531099 12.028499
v -11.697800 16.474100 12.011399
v -11.717200 16.463800 12.024399
v -9.781940 17.586901 12.219399
v -9.784650 17.586000 12.196199
v -9.802910 17.590700 12.210499
v -9.805010 17.584200 12.189799
v -9.800540 17.583300 12.230299
v -9.821750 17.581600 12.200999
v -9.818120 17.581600 12.221499
v -11.954200 17.586800 12.219399
v -11.933200 17.590700 12.210499
v -11.951500 17.586000 12.196199
v -11.931100 17.584200 12.189799
v -11.935600 17.583200 12.230299
v -11.914400 17.581600 12.200999
v -11.918000 17.581499 12.221499
v -10.077000 17.172199 12.414699
v -10.071400 17.147400 12.394499
v -10.066000 17.164801 12.392699
v -10.053500 17.153601 12.375999
v -10.086300 17.154301 12.405799
v -10.042100 17.138800 12.363799
v -10.091700 17.131399 12.396299
v -10.062100 17.118099 12.377199
v -10.040800 17.116899 12.358399
v -10.090700 17.110500 12.389599
v -10.049700 17.093201 12.366099
v -10.075700 17.093800 12.376399
v -11.659100 17.172199 12.414699
v -11.670100 17.164801 12.392699
v -11.664800 17.147301 12.394499
v -11.682600 17.153601 12.375999
v -11.649900 17.154301 12.405799
v -11.694000 17.138700 12.363799
v -11.644500 17.131300 12.396299
v -11.674000 17.118000 12.377199
v -11.695300 17.116899 12.358399
v -11.645500 17.110500 12.389599
v -11.686400 17.093201 12.366099
v -11.660500 17.093800 12.376399
v -10.133000 16.377899 12.002699
v -10.147000 16.378700 12.009199
v -10.149200 16.352699 12.001299
v -10.140300 16.395399 12.017200
v -10.129800 16.370399 11.989899
v -10.117000 16.397100 12.007599
v -10.125300 16.408300 12.018999
v -10.113200 16.382900 11.987499
v -10.104400 16.409100 12.012099
v -10.103700 16.398600 11.996399
v -11.603100 16.377800 12.002699
v -11.586900 16.352699 12.001299
v -11.589100 16.378700 12.009199
v -11.606300 16.370399 11.989899
v -11.595800 16.395399 12.017200
v -11.619100 16.396999 12.007599
v -11.622900 16.382900 11.987499
v -11.610800 16.408300 12.018999
v -11.632400 16.398600 11.996399
v -11.631700 16.409100 12.012099
v -10.104800 17.587799 12.621799
v -10.097300 17.593300 12.610099
v -10.114900 17.592400 12.609799
v -10.104500 17.594999 12.596899
v -10.119000 17.580601 12.623199
v -10.121500 17.590700 12.594499
v -10.129900 17.582701 12.607899
v -11.631400 17.587799 12.621799
v -11.621200 17.592400 12.609799
v -11.638800 17.593300 12.610099
v -11.631600 17.594999 12.596899
v -11.617200 17.580601 12.623199
v -11.614600 17.590599 12.594499
v -11.606300 17.582701 12.607899
v -10.108200 17.017700 12.281699
v -10.100100 17.023199 12.263999
v -10.089200 17.018600 12.278399
v -10.083000 17.030899 12.263799
v -10.107600 17.016199 12.298899
v -10.066900 17.036100 12.272499
v -10.073000 17.018101 12.298599
v -10.099000 17.017200 12.314699
v -10.053200 17.036699 12.289199
v -10.082300 17.020201 12.329999
v -10.062900 17.027201 12.320299
v -10.043500 17.046400 12.320599
v -10.078200 17.033001 12.350999
v -10.033100 17.059700 12.293799
v -10.050100 17.045401 12.273999
v -10.059200 17.042400 12.339899
v -10.098200 17.025299 12.354199
v -10.095200 17.014799 12.327099
v -10.115100 17.013201 12.325899
v -10.034800 17.070200 12.277899
v -10.045800 17.059299 12.264199
v -10.039500 17.080500 12.262799
v -10.034900 17.089399 12.282299
v -10.034600 17.088400 12.301299
v -10.032200 17.078300 12.316799
v -10.044400 17.064600 12.346199
v -10.035700 17.089701 12.344099
v -10.029100 17.092400 12.316899
v -10.069700 17.058399 12.363400
v -10.059700 17.085100 12.361599
v -10.056800 17.105000 12.358799
v -10.036900 17.110500 12.339099
v -10.031600 17.112200 12.319199
v -10.050600 17.120001 12.349399
v -10.040800 17.128201 12.333299
v -10.083900 17.076200 12.375399
v -10.076300 17.103399 12.365299
v -10.100400 17.050900 12.366099
v -10.113100 17.068300 12.372499
v -10.121100 17.048700 12.365699
v -10.099900 17.092800 12.377499
v -10.092800 17.107901 12.371499
v -10.115600 17.086800 12.376299
v -10.109700 17.104000 12.376399
v -10.126900 17.024700 12.350499
v -10.136200 17.041100 12.358699
v -10.132700 17.017700 12.332699
v -10.145300 17.029301 12.346299
v -11.628000 17.017599 12.281699
v -11.646900 17.018600 12.278399
v -11.636100 17.023199 12.263999
v -11.653100 17.030899 12.263799
v -11.628500 17.016199 12.298899
v -11.669200 17.036100 12.272499
v -11.663100 17.018101 12.298599
v -11.637100 17.017200 12.314699
v -11.683000 17.036699 12.289199
v -11.653800 17.020201 12.329999
v -11.673200 17.027201 12.320299
v -11.692600 17.046400 12.320599
v -11.657900 17.032900 12.350999
v -11.703000 17.059700 12.293799
v -11.686000 17.045401 12.273999
v -11.676900 17.042400 12.339899
v -11.638000 17.025200 12.354199
v -11.640900 17.014700 12.327099
v -11.621000 17.013201 12.325899
v -11.701300 17.070200 12.277899
v -11.690300 17.059299 12.264199
v -11.696700 17.080500 12.262799
v -11.701200 17.089399 12.282299
v -11.701600 17.088400 12.301299
v -11.703900 17.078199 12.316799
v -11.691800 17.064600 12.346199
v -11.700400 17.089701 12.344099
v -11.707100 17.092400 12.316899
v -11.666400 17.058399 12.363400
v -11.676400 17.085100 12.361599
v -11.679300 17.105000 12.358799
v -11.699200 17.110500 12.339099
v -11.704500 17.112200 12.319199
v -11.685600 17.120001 12.349399
v -11.695400 17.128201 12.333299
v -11.652200 17.076099 12.375399
v -11.659800 17.103300 12.365299
v -11.635700 17.050800 12.366099
v -11.623000 17.068300 12.372499
v -11.615100 17.048700 12.365699
v -11.636200 17.092699 12.377499
v -11.620500 17.086800 12.376299
v -11.643300 17.107800 12.371499
v -11.626400 17.104000 12.376399
v -11.609200 17.024599 12.350499
v -11.599900 17.041100 12.358699
v -11.590800 17.029200 12.346299
v -11.603400 17.017700 12.332699
v -10.587300 15.990300 12.117999
v -10.448500 16.027599 12.180299
v -10.510100 15.926600 12.169299
v -10.523300 16.085199 12.121399
v -10.390100 16.122999 12.191299
v -10.451800 16.170799 12.136599
v -11.287600 16.027599 12.180299
v -11.148800 15.990300 12.117999
v -11.226000 15.926600 12.169299
v -11.212800 16.085199 12.121399
v -11.346000 16.122999 12.191299
v -11.284300 16.170799 12.136599
v -10.257800 16.309099 12.187999
v -10.311400 16.199100 12.210599
v -10.234800 16.239599 12.156499
v -10.175800 16.332701 12.137099
v -10.152200 16.276899 12.113400
v -10.074800 16.340200 12.080499
v -10.100900 16.385300 12.102499
v -10.032800 16.390699 12.056999
v -10.055700 16.451000 12.092099
v -10.022200 16.455299 12.064199
v -10.032700 16.518700 12.097899
v -10.002900 16.516100 12.075099
v -10.007900 16.589500 12.112000
v -9.970360 16.581699 12.091099
v -9.995980 16.624599 12.111799
v -9.961220 16.617500 12.095799
v -9.964700 16.650700 12.088099
v -9.984880 16.656700 12.096899
v -11.478300 16.309099 12.187999
v -11.501300 16.239599 12.156499
v -11.424700 16.199100 12.210599
v -11.560300 16.332701 12.137099
v -11.583900 16.276899 12.113400
v -11.661300 16.340200 12.080499
v -11.635200 16.385300 12.102499
v -11.703300 16.390699 12.056999
v -11.680400 16.450899 12.092099
v -11.713900 16.455200 12.064199
v -11.703400 16.518700 12.097899
v -11.733200 16.516001 12.075099
v -11.728200 16.589399 12.112000
v -11.765700 16.581600 12.091099
v -11.740100 16.624599 12.111799
v -11.774900 16.617500 12.095799
v -11.771400 16.650700 12.088099
v -11.751200 16.656700 12.096899
v -9.986730 16.999701 12.228099
v -10.009000 17.018499 12.257399
v -10.009600 17.002501 12.237099
v -9.990000 17.022900 12.240699
v -10.031900 17.005501 12.253099
v -9.993880 17.043800 12.260999
v -10.027700 17.033600 12.293699
v -10.050000 17.008400 12.274999
v -10.000100 17.057600 12.285399
v -10.052600 17.020000 12.295699
v -10.017300 17.056999 12.306099
v -10.037700 17.039801 12.319299
v -11.749400 16.999599 12.228099
v -11.726600 17.002399 12.237099
v -11.727100 17.018499 12.257399
v -11.746100 17.022800 12.240699
v -11.704200 17.005400 12.253099
v -11.742300 17.043800 12.260999
v -11.708400 17.033501 12.293699
v -11.686200 17.008400 12.274999
v -11.736000 17.057600 12.285399
v -11.683500 17.020000 12.295699
v -11.718800 17.056999 12.306099
v -11.698400 17.039801 12.319299
v -10.036700 16.982500 12.420899
v -9.981970 17.056801 12.425900
v -10.029900 17.059401 12.448299
v -10.022200 17.148899 12.477099
v -9.978300 17.149300 12.458599
v -10.010500 17.240900 12.511199
v -9.971040 17.241501 12.495499
v -9.961890 17.296301 12.515299
v -10.011000 17.323000 12.538999
v -10.004300 17.408199 12.560699
v -10.031100 17.403400 12.563599
v -10.034400 17.463699 12.577999
v -10.053600 17.455500 12.581499
v -10.051400 17.509600 12.600499
v -10.078600 17.496099 12.601999
v -10.062900 17.537201 12.620499
v -10.097500 17.522499 12.621799
v -10.078000 17.564600 12.627799
v -10.112300 17.551399 12.630099
v -10.104800 17.587799 12.621799
v -10.119000 17.580601 12.623199
v -11.754200 17.056700 12.425900
v -11.699400 16.982401 12.420899
v -11.706300 17.059401 12.448299
v -11.713900 17.148800 12.477099
v -11.757800 17.149300 12.458599
v -11.725600 17.240900 12.511199
v -11.765100 17.241501 12.495499
v -11.774200 17.296200 12.515299
v -11.725200 17.323000 12.538999
v -11.731800 17.408100 12.560699
v -11.705100 17.403400 12.563599
v -11.701700 17.463699 12.577999
v -11.682600 17.455500 12.581499
v -11.684700 17.509600 12.600499
v -11.657500 17.496099 12.601999
v -11.673300 17.537201 12.620499
v -11.638600 17.522400 12.621799
v -11.658200 17.564600 12.627799
v -11.623900 17.551300 12.630099
v -11.631400 17.587799 12.621799
v -11.617200 17.580601 12.623199
v -9.975450 17.178499 12.399699
v -9.998450 17.159401 12.382899
v -9.982780 17.170401 12.377499
v -9.999460 17.171400 12.398799
v -9.989640 17.157700 12.359599
v -10.020600 17.157801 12.397599
v -10.017500 17.134501 12.368299
v -9.998570 17.140200 12.345499
v -10.036000 17.140900 12.392999
v -10.014200 17.124001 12.345599
v -10.039900 17.123699 12.377599
v -10.030500 17.111500 12.361399
v -9.997020 17.438801 12.538999
v -9.982490 17.436300 12.490399
v -10.017500 17.439600 12.518199
v -9.957350 17.445999 12.516599
v -11.760700 17.178400 12.399699
v -11.753400 17.170401 12.377499
v -11.737700 17.159401 12.382899
v -11.736700 17.171301 12.398799
v -11.746500 17.157700 12.359599
v -11.715500 17.157700 12.397599
v -11.718600 17.134501 12.368299
v -11.737600 17.140100 12.345499
v -11.700200 17.140900 12.392999
v -11.721900 17.123899 12.345599
v -11.696200 17.123699 12.377599
v -11.705600 17.111500 12.361399
v -11.739100 17.438801 12.538999
v -11.753600 17.436300 12.490399
v -11.778800 17.445900 12.516599
v -11.718700 17.439600 12.518199
v -10.403500 16.154400 12.295199
v -10.310500 16.240499 12.279699
v -10.384500 16.268400 12.313599
v -10.468300 16.208799 12.305999
v -10.338000 16.352800 12.328799
v -10.469100 16.047501 12.295099
v -10.270100 16.323200 12.290699
v -10.561000 16.109400 12.315299
v -10.539100 15.941800 12.294799
v -10.641300 16.015900 12.323499
v -10.227900 16.464100 12.326399
v -10.286200 16.486000 12.358099
v -10.228300 16.622700 12.386099
v -10.183000 16.606899 12.358799
v -10.174700 16.761499 12.416399
v -10.119500 16.747900 12.386699
v -10.101700 16.899401 12.429199
v -10.039300 16.875299 12.399699
v -9.965170 16.966200 12.383599
v -11.332600 16.154400 12.295199
v -11.351600 16.268400 12.313599
v -11.425600 16.240400 12.279699
v -11.267800 16.208799 12.305999
v -11.398100 16.352699 12.328799
v -11.267000 16.047400 12.295099
v -11.466000 16.323200 12.290699
v -11.175100 16.109400 12.315299
v -11.197000 15.941800 12.294799
v -11.094800 16.015900 12.323499
v -11.508200 16.464100 12.326399
v -11.449900 16.486000 12.358099
v -11.507900 16.622700 12.386099
v -11.553200 16.606899 12.358799
v -11.561400 16.761400 12.416399
v -11.616600 16.747900 12.386699
v -11.634400 16.899300 12.429199
v -11.696800 16.875299 12.399699
v -11.771000 16.966101 12.383599
v -10.219400 16.643000 12.274599
v -10.115700 16.752701 12.337499
v -10.175900 16.613899 12.309999
v -10.157200 16.773701 12.302099
v -10.263300 16.505501 12.228199
v -10.098600 16.882000 12.291199
v -10.218800 16.473900 12.260499
v -10.303500 16.341499 12.159099
v -10.257800 16.309099 12.187999
v -10.047700 16.851500 12.337199
v -10.007000 16.967199 12.252799
v -9.945220 16.933201 12.296199
v -9.923680 17.038300 12.207099
v -9.869160 17.014700 12.242199
v -9.872230 17.099501 12.163799
v -9.820440 17.076099 12.196699
v -9.796750 17.173700 12.132199
v -9.843300 17.183001 12.119099
v -9.804330 17.273001 12.102199
v -9.837190 17.280600 12.090699
v -9.830250 17.375000 12.082899
v -9.864550 17.367901 12.069099
v -9.848250 17.441500 12.080400
v -9.890320 17.425501 12.055599
v -9.876660 17.486401 12.088399
v -9.912500 17.474199 12.070199
v -9.912950 17.510201 12.110899
v -9.925070 17.504900 12.103099
v -11.516700 16.643000 12.274599
v -11.620400 16.752600 12.337499
v -11.579000 16.773701 12.302099
v -11.637500 16.882000 12.291199
v -11.560200 16.613800 12.309999
v -11.688400 16.851500 12.337199
v -11.472800 16.505501 12.228199
v -11.729100 16.967199 12.252799
v -11.517300 16.473801 12.260499
v -11.432600 16.341499 12.159099
v -11.478300 16.309099 12.187999
v -11.790900 16.933100 12.296199
v -11.812400 17.038300 12.207099
v -11.867000 17.014601 12.242199
v -11.863900 17.099400 12.163799
v -11.915700 17.076000 12.196699
v -11.939400 17.173700 12.132199
v -11.892800 17.183001 12.119099
v -11.931800 17.273001 12.102199
v -11.898900 17.280500 12.090699
v -11.905900 17.375000 12.082899
v -11.871600 17.367901 12.069099
v -11.887900 17.441500 12.080400
v -11.845800 17.425501 12.055599
v -11.859500 17.486401 12.088399
v -11.823600 17.474199 12.070199
v -11.823200 17.510201 12.110899
v -11.811100 17.504801 12.103099
v -9.975750 17.434900 12.468799
v -9.966310 17.433599 12.457399
v -9.971450 17.443800 12.469899
v -9.982930 17.429399 12.463999
v -9.992440 17.425301 12.473999
v -9.985170 17.434099 12.483499
v -9.976000 17.447300 12.484299
v -9.995890 17.427099 12.485199
v -9.983380 17.442600 12.492699
v -9.990580 17.432400 12.495399
v -11.760400 17.434900 12.468799
v -11.764700 17.443701 12.469899
v -11.769800 17.433599 12.457399
v -11.753200 17.429399 12.463999
v -11.743700 17.425200 12.473999
v -11.751000 17.434099 12.483499
v -11.760100 17.447300 12.484299
v -11.740200 17.427099 12.485199
v -11.752800 17.442600 12.492699
v -11.745600 17.432400 12.495399
v -9.772410 17.463200 12.188999
v -9.771940 17.358400 12.191699
v -9.806990 17.364799 12.176699
v -9.803440 17.463301 12.175399
v -9.830220 17.248199 12.194099
v -9.803900 17.506500 12.167099
v -9.788530 17.236099 12.210099
v -9.827040 17.127399 12.256899
v -9.874530 17.149000 12.227399
v -9.769080 17.506901 12.184099
v -9.770060 17.552500 12.184299
v -9.804870 17.552401 12.168499
v -9.784650 17.586000 12.196199
v -9.805010 17.584200 12.189799
v -11.929100 17.364799 12.176699
v -11.963700 17.463100 12.188999
v -11.932700 17.463301 12.175399
v -11.932200 17.506500 12.167099
v -11.964200 17.358299 12.191699
v -11.967100 17.506901 12.184099
v -11.905900 17.248100 12.194099
v -11.966100 17.552500 12.184299
v -11.947600 17.236099 12.210099
v -11.909100 17.127399 12.256899
v -11.861600 17.148899 12.227399
v -11.931300 17.552401 12.168499
v -11.951500 17.586000 12.196199
v -11.931100 17.584200 12.189799
v -10.018900 16.463800 12.024399
v -10.008400 16.417200 12.014599
v -9.969550 16.458700 11.967799
v -10.032800 16.390699 12.056999
v -10.005700 16.487600 11.988799
v -9.947730 16.520800 11.941699
v -9.981970 16.536400 11.956999
v -9.939520 16.578600 11.913599
v -9.965390 16.585899 11.927499
v -9.928570 16.615999 11.902399
v -9.962290 16.628099 11.917799
v -9.926470 16.661200 11.884499
v -9.959380 16.666700 11.898999
v -9.959440 16.684999 11.871499
v -9.937800 16.681299 11.862899
v -11.730400 16.487600 11.988799
v -11.766600 16.458599 11.967799
v -11.717200 16.463800 12.024399
v -11.727800 16.417200 12.014599
v -11.703300 16.390699 12.056999
v -11.788400 16.520800 11.941699
v -11.754100 16.536400 11.956999
v -11.796600 16.578600 11.913599
v -11.770700 16.585800 11.927499
v -11.807500 16.615900 11.902399
v -11.773800 16.628099 11.917799
v -11.809600 16.661200 11.884499
v -11.776700 16.666700 11.898999
v -11.776700 16.684999 11.871499
v -11.798300 16.681299 11.862899
v -10.127200 16.426500 11.962099
v -10.107900 16.410299 11.979799
v -10.129200 16.416700 11.966199
v -10.130700 16.418301 11.969799
v -10.128400 16.428101 11.964999
v -10.117700 16.432199 11.967299
v -10.126600 16.406900 11.971599
v -10.128100 16.408400 11.975099
v -10.116700 16.429899 11.964599
v -10.107300 16.429100 11.968199
v -10.108200 16.431299 11.970899
v -10.119600 16.401300 11.977599
v -10.120000 16.402000 11.981299
v -10.130800 16.396700 11.974599
v -10.100200 16.424299 11.974899
v -10.100800 16.425600 11.977799
v -10.098100 16.434299 11.973199
v -10.128900 16.397100 11.971699
v -10.135400 16.387400 11.969999
v -10.109500 16.389799 11.980599
v -10.133800 16.388100 11.966899
v -10.135100 16.377399 11.965999
v -10.133800 16.378401 11.963499
v -10.125300 16.370899 11.968499
v -10.124100 16.372499 11.965999
v -10.116200 16.370001 11.972699
v -10.114800 16.371201 11.969499
v -10.105600 16.374901 11.975199
v -10.106400 16.374001 11.978299
v -10.101100 16.382999 11.977399
v -10.100500 16.380501 11.982099
v -10.102500 16.373600 11.974199
v -10.103700 16.376301 11.971599
v -10.101400 16.366400 11.965499
v -10.089400 16.382099 11.973799
v -10.102800 16.369101 11.962899
v -10.095400 16.361799 11.956399
v -10.095800 16.364700 11.954499
v -10.087000 16.364000 11.948599
v -10.085900 16.361401 11.950499
v -10.078200 16.367100 11.953699
v -10.079200 16.369499 11.951499
v -10.073400 16.374800 11.959799
v -10.074400 16.377199 11.957099
v -10.075700 16.385201 11.966599
v -9.851740 17.295099 12.154399
v -9.847640 17.216000 12.182099
v -9.826360 17.297501 12.153499
v -9.820190 17.215900 12.191299
v -9.827040 17.127399 12.256899
v -9.874530 17.149000 12.227399
v -9.840840 17.383600 12.124599
v -9.868420 17.378000 12.134599
v -9.888340 17.424000 12.148299
v -9.851310 17.439899 12.128999
v -9.872400 17.483801 12.129899
v -9.908780 17.469200 12.153199
v -9.911450 17.507999 12.128599
v -9.923770 17.500999 12.136499
v -11.888500 17.216000 12.182099
v -11.884400 17.295000 12.154399
v -11.909800 17.297501 12.153499
v -11.915900 17.215900 12.191299
v -11.909100 17.127399 12.256899
v -11.861600 17.148899 12.227399
v -11.895300 17.383600 12.124599
v -11.867700 17.378000 12.134599
v -11.847800 17.423901 12.148299
v -11.884800 17.439899 12.128999
v -11.863700 17.483801 12.129899
v -11.827400 17.469200 12.153199
v -11.824700 17.507999 12.128599
v -11.812400 17.500999 12.136499
v -9.976790 17.131800 12.366499
v -9.978580 17.143000 12.367099
v -9.988470 17.133600 12.369899
v -9.967680 17.137899 12.358199
v -9.994000 17.123100 12.368299
v -9.963380 17.130199 12.352199
v -9.974800 17.118601 12.363400
v -9.995100 17.110201 12.363599
v -9.961330 17.119400 12.347199
v -9.976710 17.101999 12.352899
v -9.994320 17.092100 12.350799
v -9.964070 17.098499 12.336499
v -10.009100 17.096600 12.358899
v -10.004300 17.115400 12.367499
v -9.980970 17.091000 12.336899
v -9.951500 17.110399 12.332199
v -9.954420 17.126499 12.343899
v -9.976340 17.088900 12.318299
v -9.960530 17.103201 12.313999
v -9.952860 17.112499 12.311499
v -9.945870 17.124001 12.326699
v -9.948210 17.132299 12.334999
v -9.946470 17.124599 12.314699
v -9.943890 17.133200 12.322399
v -9.973650 17.093100 12.303099
v -9.963270 17.108900 12.301699
v -9.992240 17.085699 12.329499
v -9.993720 17.088200 12.305799
v -9.992720 17.092800 12.294499
v -9.974580 17.100700 12.291599
v -9.967640 17.110901 12.291199
v -9.986680 17.100901 12.285099
v -9.977410 17.108999 12.281799
v -10.009600 17.084999 12.319099
v -10.005400 17.093300 12.298499
v -10.004400 17.088200 12.339099
v -10.017000 17.092501 12.334699
v -10.015900 17.091200 12.341799
v -10.026300 17.096100 12.326999
v -10.024600 17.096600 12.345599
v -10.019800 17.090500 12.310699
v -10.019100 17.096800 12.297599
v -10.031500 17.097500 12.315299
v -10.029200 17.099100 12.302499
v -10.022100 17.107000 12.362399
v -10.029900 17.103600 12.351199
v -10.029700 17.114500 12.361199
v -10.015700 17.117800 12.368099
v -11.759300 17.131800 12.366499
v -11.747700 17.133600 12.369899
v -11.757500 17.143000 12.367099
v -11.768500 17.137800 12.358199
v -11.742100 17.122999 12.368299
v -11.772800 17.130199 12.352199
v -11.761300 17.118601 12.363400
v -11.741000 17.110201 12.363599
v -11.774800 17.119400 12.347199
v -11.759400 17.101999 12.352899
v -11.741800 17.091999 12.350799
v -11.772100 17.098499 12.336499
v -11.727100 17.096500 12.358899
v -11.731800 17.115400 12.367499
v -11.755200 17.091000 12.336899
v -11.784600 17.110399 12.332199
v -11.781700 17.126400 12.343899
v -11.759800 17.088900 12.318299
v -11.775600 17.103201 12.313999
v -11.783300 17.112499 12.311499
v -11.790300 17.124001 12.326699
v -11.787900 17.132299 12.334999
v -11.789700 17.124599 12.314699
v -11.792200 17.133101 12.322399
v -11.762500 17.093100 12.303099
v -11.772900 17.108900 12.301699
v -11.743900 17.085699 12.329499
v -11.742400 17.088200 12.305799
v -11.743400 17.092800 12.294499
v -11.761500 17.100700 12.291599
v -11.768500 17.110901 12.291199
v -11.749400 17.100901 12.285099
v -11.758700 17.108900 12.281799
v -11.726500 17.084999 12.319099
v -11.730800 17.093300 12.298499
v -11.731800 17.088200 12.339099
v -11.719100 17.092501 12.334699
v -11.720300 17.091200 12.341799
v -11.709800 17.096001 12.326999
v -11.711500 17.096600 12.345599
v -11.716400 17.090500 12.310699
v -11.704600 17.097500 12.315299
v -11.717100 17.096800 12.297599
v -11.706900 17.099001 12.302499
v -11.714000 17.107000 12.362399
v -11.706300 17.103500 12.351199
v -11.706400 17.114500 12.361199
v -11.720400 17.117800 12.368099
v -9.927390 17.507200 12.121599
v -9.911450 17.507999 12.128599
v -9.912950 17.510201 12.110899
v -9.923770 17.500999 12.136499
v -9.925070 17.504900 12.103099
v -9.939260 17.495100 12.127699
v -9.938520 17.498400 12.109299
v -11.808800 17.507200 12.121599
v -11.823200 17.510201 12.110899
v -11.824700 17.507999 12.128599
v -11.811100 17.504801 12.103099
v -11.812400 17.500999 12.136499
v -11.797600 17.498400 12.109299
v -11.796900 17.495100 12.127699
v -11.725400 17.443100 12.473699
v -11.731100 17.445499 12.467299
v -11.729900 17.447901 12.468499
v -11.739900 17.440399 12.491999
v -11.726000 17.440500 12.472399
v -11.724000 17.439199 12.481799
v -11.724000 17.436100 12.480799
v -11.726500 17.438101 12.489899
v -11.727100 17.433599 12.489699
v -11.717100 17.436501 12.487399
v -11.717800 17.439699 12.487299
v -11.727900 17.438200 12.503399
v -11.710000 17.441601 12.489699
v -11.709100 17.438299 12.489799
v -11.702500 17.441000 12.495799
v -11.703400 17.444099 12.495399
v -11.706800 17.444700 12.504899
v -11.705500 17.441799 12.505899
v -11.711900 17.441601 12.512099
v -11.712800 17.444500 12.511199
v -11.720200 17.439699 12.514499
v -11.720700 17.442900 12.513899
v -11.728400 17.441099 12.512999
v -11.729800 17.437000 12.513999
v -11.721500 17.439400 12.519199
v -11.721100 17.441999 12.516899
v -11.734400 17.445801 12.518399
v -11.715700 17.446800 12.521599
v -11.716100 17.444700 12.524299
v -11.714500 17.453199 12.526699
v -11.714400 17.451599 12.529399
v -11.717600 17.459499 12.534099
v -11.716900 17.461300 12.531599
v -11.726400 17.463100 12.530699
v -11.727100 17.461599 12.533499
v -11.735400 17.460100 12.530199
v -11.734400 17.461700 12.527299
v -11.741200 17.455700 12.524899
v -11.739500 17.457001 12.522799
v -11.747500 17.452999 12.512799
v -11.742600 17.456699 12.509399
v -11.751900 17.448500 12.498399
v -11.732100 17.451099 12.513299
v -11.746100 17.452700 12.498099
v -11.728300 17.442801 12.502799
v -11.737600 17.445000 12.493099
v -10.012200 17.436199 12.480799
v -10.009000 17.433599 12.489699
v -10.009700 17.438101 12.489899
v -10.019000 17.436501 12.487399
v -10.018300 17.439699 12.487299
v -10.026100 17.441601 12.489699
v -10.027100 17.438299 12.489799
v -10.008300 17.438299 12.503399
v -9.996250 17.440399 12.491999
v -10.033700 17.441099 12.495799
v -10.032700 17.444201 12.495399
v -10.029300 17.444700 12.504899
v -10.030600 17.441799 12.505899
v -10.024300 17.441601 12.512099
v -10.023300 17.444500 12.511199
v -10.015900 17.439800 12.514499
v -10.015400 17.442900 12.513899
v -10.007700 17.441099 12.512999
v -10.006300 17.437099 12.513999
v -10.014600 17.439400 12.519199
v -10.015100 17.441999 12.516899
v -10.020500 17.446800 12.521599
v -10.020000 17.444700 12.524299
v -10.001700 17.445801 12.518399
v -10.021700 17.453300 12.526699
v -10.021700 17.451700 12.529399
v -10.018600 17.459600 12.534099
v -10.019300 17.461300 12.531599
v -10.009800 17.463100 12.530699
v -10.009000 17.461599 12.533499
v -10.000700 17.460199 12.530199
v -10.001800 17.461700 12.527299
v -9.996620 17.457001 12.522799
v -9.988610 17.452999 12.512799
v -9.993490 17.456800 12.509399
v -9.984200 17.448500 12.498399
v -10.004000 17.451200 12.513299
v -9.990020 17.452801 12.498099
v -10.007800 17.442801 12.502799
v -9.998490 17.445000 12.493099
v -11.657900 16.367001 11.953699
v -11.649200 16.364000 11.948599
v -11.650200 16.361401 11.950499
v -11.640700 16.361799 11.956399
v -11.640300 16.364700 11.954499
v -11.646700 16.382099 11.973799
v -11.633300 16.369101 11.962899
v -11.634700 16.366400 11.965499
v -11.632400 16.376301 11.971599
v -11.633600 16.373501 11.974199
v -11.635100 16.382900 11.977399
v -11.635600 16.380501 11.982099
v -11.629700 16.374001 11.978299
v -11.630500 16.374901 11.975199
v -11.619900 16.370001 11.972699
v -11.626600 16.389700 11.980599
v -11.621300 16.371099 11.969499
v -11.612000 16.372400 11.965999
v -11.610800 16.370899 11.968499
v -11.602400 16.378300 11.963499
v -11.601000 16.377399 11.965999
v -11.602300 16.388100 11.966899
v -11.600700 16.387300 11.969999
v -11.607200 16.396999 11.971699
v -11.605300 16.396700 11.974599
v -11.616500 16.401300 11.977599
v -11.628300 16.410299 11.979799
v -11.628700 16.392599 11.972499
v -11.644500 16.386499 11.968899
v -11.657800 16.398500 11.974899
v -11.629300 16.408600 11.972699
v -11.648300 16.414400 11.979199
v -11.645900 16.412001 11.970799
v -11.652800 16.400200 11.968399
v -11.608900 16.426500 11.962099
v -11.606900 16.416700 11.966199
v -11.605400 16.418301 11.969799
v -11.607700 16.428101 11.964999
v -11.618400 16.432199 11.967299
v -11.609500 16.406900 11.971599
v -11.608000 16.408400 11.975099
v -11.616100 16.402000 11.981299
v -11.619400 16.429899 11.964599
v -11.628800 16.429001 11.968199
v -11.627900 16.431299 11.970899
v -11.635900 16.424299 11.974899
v -11.635400 16.425600 11.977799
v -11.638000 16.434200 11.973199
v -11.637700 16.432199 11.969999
v -11.646000 16.440500 11.966199
v -11.645300 16.438601 11.963799
v -11.655200 16.441401 11.961599
v -11.653800 16.439501 11.959299
v -11.662800 16.434099 11.963199
v -11.661000 16.432400 11.961099
v -11.666500 16.424101 11.967799
v -11.664400 16.422701 11.965099
v -11.660500 16.414000 11.969599
v -11.664300 16.414301 11.974699
v -11.669600 16.414600 11.963099
v -11.666800 16.414499 11.961199
v -11.673600 16.408800 11.953300
v -11.676200 16.409100 11.954799
v -11.677200 16.399200 11.948199
v -11.680000 16.399099 11.949999
v -11.676700 16.389700 11.954299
v -11.674000 16.390400 11.952599
v -11.670800 16.383801 11.961899
v -11.668100 16.384300 11.959299
v -11.660400 16.385099 11.966599
v -11.662900 16.382999 11.970699
v -11.662700 16.374800 11.959799
v -11.661700 16.377100 11.957099
v -11.657000 16.369499 11.951499
v -10.020300 17.393200 12.469499
v -10.013800 17.412399 12.480499
v -10.026000 17.411301 12.480499
v -10.005300 17.409500 12.470999
v -10.023600 17.424999 12.494099
v -9.994220 17.421301 12.479099
v -10.007500 17.423800 12.490299
v -10.014400 17.431499 12.498899
v -9.994740 17.429399 12.489399
v -10.001000 17.431700 12.498999
v -11.715800 17.393101 12.469499
v -11.710100 17.411301 12.480499
v -11.722400 17.412399 12.480499
v -11.730900 17.409500 12.470999
v -11.712500 17.424999 12.494099
v -11.741900 17.421200 12.479099
v -11.728700 17.423800 12.490299
v -11.721700 17.431499 12.498899
v -11.741400 17.429399 12.489399
v -11.735200 17.431700 12.498999
v -11.765200 17.138201 12.355499
v -11.755500 17.143801 12.363799
v -11.757200 17.109501 12.352499
v -11.757500 17.143000 12.367099
v -11.768500 17.137800 12.358199
v -11.747700 17.133600 12.369899
v -11.772800 17.130199 12.352199
v -11.745900 17.134800 12.366899
v -11.740500 17.124201 12.365099
v -11.742100 17.122999 12.368299
v -11.770600 17.131201 12.348899
v -11.774800 17.119400 12.347199
v -11.740600 17.112400 12.360399
v -11.741000 17.110201 12.363599
v -11.770900 17.120899 12.344499
v -11.778100 17.127600 12.342599
v -11.781700 17.126400 12.343899
v -11.732100 17.118000 12.364199
v -11.731800 17.115400 12.367499
v -11.735700 17.097601 12.350599
v -11.720800 17.119900 12.364799
v -11.720400 17.117800 12.368099
v -11.708100 17.115601 12.359399
v -11.706400 17.114500 12.361199
v -11.706300 17.103500 12.351199
v -11.707000 17.105301 12.349699
v -11.712200 17.098900 12.343899
v -11.711500 17.096600 12.345599
v -11.720600 17.093399 12.340399
v -11.720300 17.091200 12.341799
v -11.731000 17.093201 12.337799
v -11.731800 17.088200 12.339099
v -11.719100 17.092501 12.334699
v -11.720300 17.096300 12.334599
v -11.736100 17.090099 12.325099
v -11.711500 17.099600 12.326799
v -11.709800 17.096001 12.326999
v -11.704600 17.097500 12.315299
v -11.706900 17.101299 12.315599
v -11.708500 17.102699 12.303299
v -11.706900 17.099001 12.302499
v -11.717100 17.096800 12.297599
v -11.717900 17.100401 12.298899
v -11.731500 17.097300 12.299999
v -9.963050 16.652100 12.064899
v -9.986950 16.658701 12.055099
v -9.980720 16.668800 12.075299
v -10.001800 16.661301 12.068399
v -9.964700 16.650700 12.088099
v -10.000200 16.660101 12.089199
v -9.984880 16.656700 12.096899
v -11.773100 16.652000 12.064899
v -11.755400 16.668800 12.075299
v -11.749200 16.658701 12.055099
v -11.734400 16.661301 12.068399
v -11.771400 16.650700 12.088099
v -11.735900 16.660101 12.089199
v -11.751200 16.656700 12.096899
v -10.073200 16.383101 11.970699
v -10.065300 16.383900 11.961899
v -10.068000 16.384399 11.959299
v -10.062100 16.390400 11.952599
v -10.059400 16.389799 11.954299
v -10.078300 16.398500 11.974899
v -10.058900 16.399200 11.948199
v -10.056100 16.399099 11.949999
v -10.059900 16.409100 11.954799
v -10.062600 16.408800 11.953300
v -10.066500 16.414700 11.963099
v -10.069300 16.414600 11.961199
v -10.075600 16.414000 11.969599
v -10.071800 16.414301 11.974699
v -10.069600 16.424101 11.967799
v -10.071700 16.422701 11.965099
v -10.075100 16.432501 11.961099
v -10.073300 16.434099 11.963199
v -10.087800 16.414400 11.979199
v -10.082300 16.439501 11.959299
v -10.080900 16.441401 11.961599
v -10.090800 16.438601 11.963799
v -10.090100 16.440500 11.966199
v -10.098400 16.432301 11.969999
v -10.090200 16.412100 11.970799
v -10.106800 16.408600 11.972699
v -10.083300 16.400200 11.968399
v -10.091700 16.386499 11.968899
v -10.107400 16.392599 11.972499
v -9.970910 17.138201 12.355499
v -9.978910 17.109501 12.352499
v -9.980600 17.143801 12.363799
v -9.978580 17.143000 12.367099
v -9.967680 17.137899 12.358199
v -9.988470 17.133600 12.369899
v -9.963380 17.130199 12.352199
v -9.990230 17.134899 12.366899
v -9.995600 17.124300 12.365099
v -9.994000 17.123100 12.368299
v -9.965570 17.131300 12.348899
v -9.961330 17.119400 12.347199
v -9.995490 17.112400 12.360399
v -9.995100 17.110201 12.363599
v -9.965210 17.120899 12.344499
v -9.958020 17.127701 12.342599
v -9.954420 17.126499 12.343899
v -10.004000 17.118000 12.364199
v -10.004300 17.115400 12.367499
v -10.000400 17.097700 12.350599
v -10.015300 17.120001 12.364799
v -10.015700 17.117800 12.368099
v -10.028000 17.115601 12.359399
v -10.029700 17.114500 12.361199
v -10.029900 17.103600 12.351199
v -10.029100 17.105301 12.349699
v -10.023900 17.098900 12.343899
v -10.024600 17.096600 12.345599
v -10.015600 17.093399 12.340399
v -10.015900 17.091200 12.341799
v -10.005100 17.093300 12.337799
v -10.017000 17.092501 12.334699
v -10.004400 17.088200 12.339099
v -10.015800 17.096300 12.334599
v -10.024700 17.099600 12.326799
v -10.026300 17.096100 12.326999
v -10.000000 17.090099 12.325099
v -10.031500 17.097500 12.315299
v -10.029200 17.101299 12.315599
v -10.027600 17.102699 12.303299
v -10.029200 17.099100 12.302499
v -10.019100 17.096800 12.297599
v -10.018200 17.100401 12.298899
v -10.004600 17.097401 12.299999
v -10.005400 17.093300 12.298499
v -9.994210 17.093201 12.306899
v -9.993720 17.088200 12.305799
v -9.992720 17.092800 12.294499
v -9.994600 17.096201 12.295799
v -9.986680 17.100901 12.285099
v -9.978740 17.094200 12.316699
v -9.988110 17.104000 12.286999
v -9.977410 17.108999 12.281799
v -9.979550 17.111799 12.283699
v -10.013100 17.418699 12.480599
v -9.994980 17.423800 12.477099
v -10.006000 17.411301 12.468399
v -9.994220 17.421301 12.479099
v -10.005300 17.409500 12.470999
v -9.994740 17.429399 12.489399
v -10.021300 17.395399 12.466599
v -10.020300 17.393200 12.469499
v -10.026000 17.411301 12.480499
v -9.995530 17.432400 12.487599
v -10.027000 17.413401 12.477899
v -10.024600 17.427700 12.491699
v -10.023600 17.424999 12.494099
v -10.014400 17.431499 12.498899
v -10.015500 17.434401 12.497299
v -10.002700 17.434900 12.497999
v -10.001000 17.431700 12.498999
v -11.723100 17.418699 12.480599
v -11.730100 17.411301 12.468399
v -11.741200 17.423700 12.477099
v -11.741900 17.421200 12.479099
v -11.730900 17.409500 12.470999
v -11.741400 17.429399 12.489399
v -11.714800 17.395399 12.466599
v -11.715800 17.393101 12.469499
v -11.710100 17.411301 12.480499
v -11.740600 17.432400 12.487599
v -11.709100 17.413300 12.477899
v -11.711600 17.427700 12.491699
v -11.712500 17.424999 12.494099
v -11.721700 17.431499 12.498899
v -11.720700 17.434401 12.497299
v -11.733400 17.434900 12.497999
v -11.735200 17.431700 12.498999
v -10.017500 17.439600 12.518199
v -10.055100 17.468201 12.530599
v -10.037200 17.473700 12.535099
v -10.055000 17.526400 12.550200
v -10.036100 17.425301 12.510199
v -9.982490 17.436300 12.490399
v -10.012600 17.361900 12.455299
v -10.083100 17.517099 12.546299
v -10.068100 17.558100 12.559399
v -10.102500 17.548300 12.550799
v -10.082300 17.581301 12.572799
v -10.117000 17.571800 12.564499
v -10.104500 17.594999 12.596899
v -10.121500 17.590700 12.594499
v -11.718700 17.439600 12.518199
v -11.681000 17.468201 12.530599
v -11.700000 17.425301 12.510199
v -11.753600 17.436300 12.490399
v -11.723500 17.361900 12.455299
v -11.699000 17.473600 12.535099
v -11.681200 17.526400 12.550200
v -11.653000 17.517099 12.546299
v -11.668000 17.558100 12.559399
v -11.633600 17.548300 12.550799
v -11.653800 17.581301 12.572799
v -11.619100 17.571699 12.564499
v -11.631600 17.594999 12.596899
v -11.614600 17.590599 12.594499
v -9.956700 16.689400 11.845299
v -9.981150 16.681499 11.861699
v -9.959440 16.684999 11.871499
v -9.981550 16.678499 11.839799
v -9.937800 16.681299 11.862899
v -9.958590 16.669901 11.822399
v -9.933010 16.672400 11.837799
v -11.779400 16.689301 11.845299
v -11.776700 16.684999 11.871499
v -11.755000 16.681499 11.861699
v -11.798300 16.681299 11.862899
v -11.754600 16.678400 11.839799
v -11.803100 16.672400 11.837799
v -11.777500 16.669901 11.822399
v -10.084600 16.366501 11.963699
v -10.085900 16.361401 11.950499
v -10.078200 16.367100 11.953699
v -10.095400 16.361799 11.956399
v -10.073400 16.374800 11.959799
v -10.101400 16.366400 11.965499
v -10.085900 16.375099 11.975899
v -10.102500 16.373600 11.974199
v -10.073200 16.383101 11.970699
v -10.100500 16.380501 11.982099
v -10.087600 16.385300 11.981899
v -10.077800 16.396700 11.981199
v -10.101600 16.393000 11.987499
v -10.066700 16.397301 11.972899
v -10.065300 16.383900 11.961899
v -10.091300 16.397499 11.985699
v -10.116300 16.384800 11.984699
v -10.106400 16.374001 11.978299
v -10.116200 16.370001 11.972699
v -10.060000 16.398500 11.961599
v -10.059400 16.389799 11.954299
v -10.056100 16.399099 11.949999
v -10.059900 16.409100 11.954799
v -10.066500 16.414700 11.963099
v -10.071800 16.414301 11.974699
v -10.086600 16.411100 11.985600
v -10.083600 16.426800 11.979999
v -10.069600 16.424101 11.967799
v -10.104500 16.408100 11.987000
v -10.100800 16.425600 11.977799
v -10.098100 16.434299 11.973199
v -10.090100 16.440500 11.966199
v -10.081300 16.435801 11.970099
v -10.073300 16.434099 11.963199
v -10.080900 16.441401 11.961599
v -10.116000 16.418301 11.982099
v -10.108200 16.431299 11.970899
v -10.120000 16.402000 11.981299
v -10.117700 16.432199 11.967299
v -10.128100 16.408400 11.975099
v -10.130800 16.396700 11.974599
v -10.130700 16.418301 11.969799
v -10.122700 16.424999 11.972899
v -10.128400 16.428101 11.964999
v -10.126900 16.380400 11.976499
v -10.135400 16.387400 11.969999
v -10.125300 16.370899 11.968499
v -10.135100 16.377399 11.965999
v -11.651500 16.366501 11.963699
v -11.657900 16.367001 11.953699
v -11.650200 16.361401 11.950499
v -11.640700 16.361799 11.956399
v -11.662700 16.374800 11.959799
v -11.634700 16.366400 11.965499
v -11.650200 16.375099 11.975899
v -11.633600 16.373501 11.974199
v -11.662900 16.382999 11.970699
v -11.635600 16.380501 11.982099
v -11.648500 16.385300 11.981899
v -11.658300 16.396700 11.981199
v -11.634500 16.392900 11.987499
v -11.669400 16.397301 11.972899
v -11.670800 16.383801 11.961899
v -11.644800 16.397400 11.985699
v -11.619800 16.384800 11.984699
v -11.629700 16.374001 11.978299
v -11.619900 16.370001 11.972699
v -11.676200 16.398399 11.961599
v -11.676700 16.389700 11.954299
v -11.680000 16.399099 11.949999
v -11.676200 16.409100 11.954799
v -11.669600 16.414600 11.963099
v -11.664300 16.414301 11.974699
v -11.649500 16.411100 11.985600
v -11.652500 16.426800 11.979999
v -11.666500 16.424101 11.967799
v -11.631700 16.408100 11.987000
v -11.635400 16.425600 11.977799
v -11.638000 16.434200 11.973199
v -11.646000 16.440500 11.966199
v -11.654800 16.435801 11.970099
v -11.662800 16.434099 11.963199
v -11.655200 16.441401 11.961599
v -11.620100 16.418200 11.982099
v -11.627900 16.431299 11.970899
v -11.616100 16.402000 11.981299
v -11.618400 16.432199 11.967299
v -11.608000 16.408400 11.975099
v -11.605300 16.396700 11.974599
v -11.605400 16.418301 11.969799
v -11.613400 16.424999 11.972899
v -11.607700 16.428101 11.964999
v -11.609200 16.380400 11.976499
v -11.600700 16.387300 11.969999
v -11.601000 16.377399 11.965999
v -11.610800 16.370899 11.968499
v -9.976340 17.168699 12.401999
v -9.964760 17.097700 12.350199
v -10.048800 17.101999 12.367099
v -10.041300 17.028799 12.304299
v -10.036700 17.175100 12.406799
v -10.026100 17.260700 12.432699
v -9.967250 17.255400 12.426099
v -9.945890 17.330299 12.440199
v -10.012600 17.361900 12.455299
v -9.966290 17.427500 12.453699
v -9.920750 17.413300 12.450199
v -9.900200 17.520599 12.453099
v -9.933150 17.527599 12.449299
v -9.897660 17.639601 12.445499
v -9.933140 17.639400 12.448099
v -9.902650 17.678900 12.439699
v -9.940090 17.678101 12.443999
v -9.909690 17.709499 12.442799
v -9.944260 17.708099 12.448199
v -9.919210 17.731701 12.456699
v -9.940920 17.732000 12.461199
v -11.699400 17.175100 12.406799
v -11.687400 17.101999 12.367099
v -11.759800 17.168699 12.401999
v -11.771400 17.097700 12.350199
v -11.694800 17.028799 12.304299
v -11.710100 17.260700 12.432699
v -11.768900 17.255400 12.426099
v -11.790200 17.330299 12.440199
v -11.723500 17.361900 12.455299
v -11.769800 17.427500 12.453699
v -11.815400 17.413300 12.450199
v -11.835900 17.520599 12.453099
v -11.803000 17.527599 12.449299
v -11.838500 17.639601 12.445499
v -11.803000 17.639299 12.448099
v -11.833500 17.678900 12.439699
v -11.796100 17.678101 12.443999
v -11.826500 17.709499 12.442799
v -11.791900 17.708000 12.448199
v -11.816900 17.731701 12.456699
v -11.795200 17.732000 12.461199
v -9.784370 17.368601 12.242499
v -9.821610 17.459101 12.227199
v -9.816510 17.369499 12.226799
v -9.785780 17.462799 12.239199
v -9.801940 17.262800 12.270199
v -9.787570 17.504499 12.249299
v -9.841950 17.269899 12.243399
v -9.831100 17.501900 12.231399
v -9.852200 17.161900 12.311699
v -9.793080 17.549601 12.250199
v -9.880470 17.178699 12.305099
v -9.950660 17.078300 12.368999
v -9.964760 17.097700 12.350199
v -9.832350 17.547001 12.230699
v -9.818120 17.581600 12.221499
v -9.800540 17.583300 12.230299
v -11.914500 17.459000 12.227199
v -11.951800 17.368601 12.242499
v -11.919600 17.369499 12.226799
v -11.934200 17.262800 12.270199
v -11.950400 17.462799 12.239199
v -11.894200 17.269800 12.243399
v -11.948600 17.504499 12.249299
v -11.883900 17.161900 12.311699
v -11.905000 17.501801 12.231399
v -11.855700 17.178699 12.305099
v -11.785500 17.078300 12.368999
v -11.771400 17.097700 12.350199
v -11.943100 17.549500 12.250199
v -11.903800 17.547001 12.230699
v -11.918000 17.581499 12.221499
v -11.935600 17.583200 12.230299
v -9.955030 17.638500 12.489100
v -9.952630 17.533199 12.485399
v -9.916190 17.636900 12.518499
v -9.918700 17.525200 12.509099
v -9.957350 17.445999 12.516599
v -9.982490 17.436300 12.490399
v -9.922220 17.676500 12.521399
v -9.962580 17.676901 12.488899
v -9.926090 17.707800 12.514099
v -9.962680 17.707600 12.486399
v -9.950120 17.731899 12.481499
v -9.928170 17.731300 12.497699
v -11.783500 17.533199 12.485399
v -11.781100 17.638399 12.489100
v -11.820000 17.636900 12.518499
v -11.813900 17.676399 12.521399
v -11.817400 17.525200 12.509099
v -11.778800 17.445900 12.516599
v -11.753600 17.436300 12.490399
v -11.773600 17.676901 12.488899
v -11.810100 17.707800 12.514099
v -11.773500 17.707600 12.486399
v -11.786000 17.731899 12.481499
v -11.808000 17.731199 12.497699
v -9.982360 17.475500 12.510999
v -9.986930 17.479300 12.517900
v -9.979720 17.475201 12.512399
v -9.984290 17.478901 12.519899
v -9.977870 17.469000 12.507599
v -9.989770 17.472601 12.525399
v -9.980590 17.469601 12.505899
v -9.980960 17.461201 12.503699
v -9.977150 17.459600 12.505299
v -9.992120 17.473499 12.523099
v -9.993550 17.465000 12.526999
v -9.995890 17.465500 12.524399
v -9.994980 17.455700 12.524899
v -9.976810 17.466000 12.498999
v -9.973810 17.465000 12.499499
v -9.975270 17.468399 12.491699
v -9.972250 17.467300 12.491799
v -9.972950 17.466600 12.482299
v -9.975830 17.468000 12.482399
v -9.979500 17.460300 12.479099
v -9.976880 17.458799 12.478699
v -9.983510 17.453501 12.479699
v -9.980760 17.451300 12.479799
v -9.988480 17.448799 12.486099
v -9.985610 17.444201 12.485399
v -9.989940 17.448799 12.476699
v -9.991630 17.451099 12.478199
v -9.996710 17.448000 12.470199
v -9.998330 17.450300 12.471799
v -10.005000 17.445499 12.467299
v -10.006200 17.447901 12.468499
v -10.010700 17.443199 12.473699
v -10.010100 17.440500 12.472399
v -10.012200 17.439199 12.481799
v -10.591700 16.146200 12.169199
v -10.587300 15.990300 12.117999
v -10.691800 16.063900 12.191799
v -10.523300 16.085199 12.121399
v -10.451800 16.170799 12.136599
v -10.503100 16.227301 12.170499
v -10.438500 16.283899 12.162499
v -10.362300 16.213499 12.116599
v -10.301900 16.295500 12.102399
v -10.286400 16.247000 12.086999
v -10.201000 16.282200 12.049199
v -10.214800 16.328199 12.067199
v -10.124400 16.314600 11.996099
v -10.142000 16.377001 12.017499
v -10.054600 16.374599 11.940699
v -10.051400 16.393700 11.964599
v -10.045700 16.336901 11.924199
v -10.010500 16.402300 11.925799
v -10.022500 16.382799 11.898199
v -10.021600 16.357300 11.878999
v -9.984790 16.416800 11.879499
v -10.000800 16.397301 11.859999
v -9.993800 16.365200 11.854799
v -9.970070 16.415300 11.853399
v -9.981840 16.398500 11.839199
v -9.975090 16.371000 11.837299
v -9.954330 16.408600 11.834299
v -9.958900 16.381800 11.822499
v -9.962690 16.399000 11.824599
v -11.144400 16.146200 12.169199
v -11.148800 15.990300 12.117999
v -11.212800 16.085199 12.121399
v -11.044300 16.063900 12.191799
v -11.284300 16.170799 12.136599
v -11.233000 16.227301 12.170499
v -11.297600 16.283899 12.162499
v -11.373800 16.213499 12.116599
v -11.434300 16.295500 12.102399
v -11.449700 16.247000 12.086999
v -11.535100 16.282200 12.049199
v -11.521300 16.328199 12.067199
v -11.611700 16.314600 11.996099
v -11.594100 16.377001 12.017499
v -11.681500 16.374599 11.940699
v -11.684700 16.393600 11.964599
v -11.690400 16.336800 11.924199
v -11.725600 16.402300 11.925799
v -11.713600 16.382799 11.898199
v -11.714500 16.357300 11.878999
v -11.751300 16.416700 11.879499
v -11.735300 16.397301 11.859999
v -11.742300 16.365200 11.854799
v -11.766000 16.415199 11.853399
v -11.754300 16.398500 11.839199
v -11.761000 16.371000 11.837299
v -11.781800 16.408600 11.834299
v -11.777200 16.381800 11.822499
v -11.773400 16.398899 11.824599
v -10.010500 16.402300 11.925799
v -9.961130 16.399200 11.897999
v -9.984790 16.416800 11.879499
v -9.946900 16.406099 11.868499
v -9.991650 16.390900 11.939899
v -10.026900 16.377001 11.983299
v -10.051400 16.393700 11.964599
v -9.970070 16.415300 11.853399
v -9.940960 16.402599 11.843299
v -9.954330 16.408600 11.834299
v -11.775000 16.399200 11.897999
v -11.725600 16.402300 11.925799
v -11.751300 16.416700 11.879499
v -11.744500 16.390900 11.939899
v -11.709200 16.377001 11.983299
v -11.684700 16.393600 11.964599
v -11.789200 16.406000 11.868499
v -11.766000 16.415199 11.853399
v -11.795100 16.402599 11.843299
v -11.781800 16.408600 11.834299
v -11.730800 17.093300 12.298499
v -11.741900 17.093201 12.306899
v -11.742400 17.088200 12.305799
v -11.743400 17.092800 12.294499
v -11.741500 17.096201 12.295799
v -11.749400 17.100901 12.285099
v -11.757400 17.094200 12.316699
v -11.748000 17.104000 12.286999
v -11.758700 17.108900 12.281799
v -11.756600 17.111799 12.283699
v -11.766600 17.114100 12.293299
v -11.768500 17.110901 12.291199
v -11.772900 17.108900 12.301699
v -11.771200 17.113300 12.303599
v -11.771100 17.108601 12.314399
v -11.775600 17.103201 12.313999
v -11.780000 17.115400 12.311199
v -11.783300 17.112499 12.311499
v -11.789700 17.124599 12.314699
v -11.770500 17.104401 12.334299
v -11.786100 17.125900 12.314299
v -11.792200 17.133101 12.322399
v -11.788700 17.134701 12.321699
v -11.787900 17.132299 12.334999
v -11.784400 17.132900 12.333899
v -11.752900 17.115499 12.346999
v -11.736100 17.105000 12.345399
v -11.762300 17.113300 12.330899
v -11.752800 17.103399 12.318299
v -11.736700 17.097601 12.325199
v -9.997580 16.630199 12.036799
v -10.001800 16.661301 12.068399
v -9.986950 16.658701 12.055099
v -10.025700 16.636801 12.060399
v -10.005900 16.597300 12.031499
v -10.038300 16.601900 12.054799
v -10.021600 16.531200 12.028499
v -10.054400 16.530899 12.043799
v -10.038300 16.474100 12.011399
v -10.095000 16.447300 12.010999
v -11.734400 16.661301 12.068399
v -11.738500 16.630199 12.036799
v -11.749200 16.658701 12.055099
v -11.710500 16.636700 12.060399
v -11.730200 16.597300 12.031499
v -11.697800 16.601801 12.054799
v -11.714500 16.531099 12.028499
v -11.681700 16.530899 12.043799
v -11.697800 16.474100 12.011399
v -11.641200 16.447201 12.010999
v -9.982710 17.437799 12.474499
v -9.994220 17.427900 12.473199
v -9.997180 17.430099 12.485099
v -9.992440 17.425301 12.473999
v -9.995890 17.427099 12.485199
v -9.990580 17.432400 12.495399
v -9.984390 17.431801 12.462799
v -9.982930 17.429399 12.463999
v -9.968240 17.435900 12.455499
v -9.966310 17.433599 12.457399
v -9.992520 17.434601 12.493999
v -9.983380 17.442600 12.492699
v -9.973240 17.445299 12.468399
v -9.971450 17.443800 12.469899
v -9.986270 17.444700 12.491899
v -9.978140 17.448900 12.483099
v -9.976000 17.447300 12.484299
v -11.753400 17.437700 12.474499
v -11.739000 17.430000 12.485099
v -11.741900 17.427900 12.473199
v -11.743700 17.425200 12.473999
v -11.740200 17.427099 12.485199
v -11.745600 17.432400 12.495399
v -11.751700 17.431801 12.462799
v -11.753200 17.429399 12.463999
v -11.743600 17.434500 12.493999
v -11.752800 17.442600 12.492699
v -11.749900 17.444700 12.491899
v -11.767900 17.435900 12.455499
v -11.769800 17.433599 12.457399
v -11.762900 17.445299 12.468399
v -11.764700 17.443701 12.469899
v -11.758000 17.448900 12.483099
v -11.760100 17.447300 12.484299
v -10.045700 16.336901 11.924199
v -10.016600 16.294399 11.887099
v -10.021100 16.317900 11.940699
v -10.032600 16.308399 11.873099
v -10.033200 16.278400 11.837799
v -10.013800 16.260401 11.851799
v -10.009000 16.252501 11.826799
v -10.021000 16.262800 11.816199
v -11.703500 16.308300 11.873099
v -11.690400 16.336800 11.924199
v -11.719600 16.294399 11.887099
v -11.715000 16.317801 11.940699
v -11.702900 16.278299 11.837799
v -11.722300 16.260401 11.851799
v -11.727100 16.252501 11.826799
v -11.715100 16.262800 11.816199
v -9.986050 16.504400 11.895899
v -10.038700 16.466900 11.952499
v -10.008700 16.523399 11.915999
v -10.017800 16.436899 11.928999
v -9.967300 16.563299 11.868799
v -10.051400 16.393700 11.964599
v -10.095000 16.447300 12.010999
v -10.142000 16.377001 12.017499
v -9.991180 16.576500 11.887599
v -9.996180 16.611500 11.868499
v -9.965250 16.598499 11.843499
v -9.962370 16.634399 11.822499
v -9.996950 16.645599 11.849499
v -9.958590 16.669901 11.822399
v -9.981550 16.678499 11.839799
v -11.750100 16.504299 11.895899
v -11.697400 16.466900 11.952499
v -11.718300 16.436899 11.928999
v -11.684700 16.393600 11.964599
v -11.641200 16.447201 12.010999
v -11.594100 16.377001 12.017499
v -11.727400 16.523399 11.915999
v -11.768800 16.563299 11.868799
v -11.744900 16.576500 11.887599
v -11.739900 16.611500 11.868499
v -11.770900 16.598499 11.843499
v -11.773700 16.634399 11.822499
v -11.739200 16.645500 11.849499
v -11.777500 16.669901 11.822399
v -11.754600 16.678400 11.839799
v -9.969570 17.114100 12.293299
v -9.967640 17.110901 12.291199
v -9.963270 17.108900 12.301699
v -9.964970 17.113300 12.303599
v -9.965010 17.108601 12.314399
v -9.960530 17.103201 12.313999
v -9.956120 17.115400 12.311199
v -9.952860 17.112499 12.311499
v -9.946470 17.124599 12.314699
v -9.965650 17.104500 12.334299
v -9.950060 17.125999 12.314299
v -9.943890 17.133200 12.322399
v -9.947400 17.134701 12.321699
v -9.948210 17.132299 12.334999
v -9.951780 17.132900 12.333899
v -9.983270 17.115499 12.346999
v -10.000100 17.105000 12.345399
v -9.973860 17.113400 12.330899
v -9.983380 17.103399 12.318299
v -9.999380 17.097700 12.325199
v -10.608200 16.151899 12.231199
v -10.691800 16.063900 12.191799
v -10.561000 16.109400 12.315299
v -10.641300 16.015900 12.323499
v -10.516700 16.237200 12.247799
v -10.468300 16.208799 12.305999
v -10.439600 16.320601 12.257999
v -10.384500 16.268400 12.313599
v -10.338000 16.352800 12.328799
v -10.397200 16.396400 12.279899
v -10.286200 16.486000 12.358099
v -10.335400 16.518900 12.317799
v -10.228300 16.622700 12.386099
v -10.268900 16.650200 12.362499
v -10.174700 16.761499 12.416399
v -10.217000 16.794800 12.361300
v -10.101700 16.899401 12.429199
v -10.147800 16.930901 12.380199
v -10.088200 17.014500 12.374799
v -10.036700 16.982500 12.420899
v -10.029900 17.059401 12.448299
v -11.044300 16.063900 12.191799
v -11.175100 16.109400 12.315299
v -11.094800 16.015900 12.323499
v -11.127900 16.151899 12.231199
v -11.219400 16.237200 12.247799
v -11.267800 16.208799 12.305999
v -11.296600 16.320499 12.257999
v -11.351600 16.268400 12.313599
v -11.398100 16.352699 12.328799
v -11.338900 16.396400 12.279899
v -11.449900 16.486000 12.358099
v -11.400700 16.518900 12.317799
v -11.507900 16.622700 12.386099
v -11.467300 16.650200 12.362499
v -11.561400 16.761400 12.416399
v -11.519100 16.794701 12.361300
v -11.634400 16.899300 12.429199
v -11.588300 16.930799 12.380199
v -11.647900 17.014500 12.374799
v -11.699400 16.982401 12.420899
v -11.706300 17.059401 12.448299
v -10.438500 16.283899 12.162499
v -10.380700 16.399000 12.199999
v -10.303500 16.341499 12.159099
v -10.263300 16.505501 12.228199
v -10.323100 16.527700 12.250099
v -10.266600 16.656300 12.297599
v -10.219400 16.643000 12.274599
v -10.199600 16.791599 12.316099
v -10.157200 16.773701 12.302099
v -10.098600 16.882000 12.291199
v -10.133800 16.919901 12.322799
v -10.007000 16.967199 12.252799
v -10.041300 17.028799 12.304299
v -9.923680 17.038300 12.207099
v -9.954460 17.086700 12.245399
v -9.872230 17.099501 12.163799
v -9.896460 17.137199 12.195199
v -9.843300 17.183001 12.119099
v -9.868770 17.206600 12.149499
v -9.837190 17.280600 12.090699
v -9.866950 17.286600 12.124399
v -9.891000 17.362301 12.099899
v -9.864550 17.367901 12.069099
v -9.890320 17.425501 12.055599
v -9.926520 17.410000 12.083299
v -9.941250 17.460899 12.086899
v -9.912500 17.474199 12.070199
v -9.938520 17.498400 12.109299
v -9.925070 17.504900 12.103099
v -11.297600 16.283899 12.162499
v -11.432600 16.341499 12.159099
v -11.355400 16.399000 12.199999
v -11.472800 16.505501 12.228199
v -11.413100 16.527700 12.250099
v -11.469500 16.656300 12.297599
v -11.516700 16.643000 12.274599
v -11.536500 16.791599 12.316099
v -11.579000 16.773701 12.302099
v -11.637500 16.882000 12.291199
v -11.602300 16.919901 12.322799
v -11.729100 16.967199 12.252799
v -11.694800 17.028799 12.304299
v -11.812400 17.038300 12.207099
v -11.781700 17.086700 12.245399
v -11.863900 17.099400 12.163799
v -11.839700 17.137199 12.195199
v -11.892800 17.183001 12.119099
v -11.867400 17.206499 12.149499
v -11.898900 17.280500 12.090699
v -11.869200 17.286600 12.124399
v -11.845100 17.362200 12.099899
v -11.871600 17.367901 12.069099
v -11.845800 17.425501 12.055599
v -11.809600 17.410000 12.083299
v -11.794900 17.460899 12.086899
v -11.823600 17.474199 12.070199
v -11.797600 17.498400 12.109299
v -11.811100 17.504801 12.103099
v -11.753800 17.475500 12.510999
v -11.749200 17.479300 12.517900
v -11.756400 17.475201 12.512399
v -11.751800 17.478901 12.519899
v -11.758300 17.469000 12.507599
v -11.746400 17.472601 12.525399
v -11.755500 17.469500 12.505899
v -11.755200 17.461201 12.503699
v -11.759000 17.459600 12.505299
v -11.744000 17.473499 12.523099
v -11.742600 17.465000 12.526999
v -11.740300 17.465500 12.524399
v -11.759300 17.466000 12.498999
v -11.762300 17.465000 12.499499
v -11.760900 17.468300 12.491699
v -11.763900 17.467199 12.491799
v -11.763200 17.466499 12.482299
v -11.760300 17.467899 12.482399
v -11.756600 17.460300 12.479099
v -11.759300 17.458799 12.478699
v -11.752600 17.453501 12.479699
v -11.755400 17.451300 12.479799
v -11.747700 17.448799 12.486099
v -11.750500 17.444099 12.485399
v -11.746200 17.448799 12.476699
v -11.744500 17.451099 12.478199
v -11.739400 17.448000 12.470199
v -11.737800 17.450300 12.471799
v -9.996150 17.436199 12.482899
v -9.989940 17.448799 12.476699
v -9.994650 17.435101 12.495099
v -10.006400 17.433100 12.504799
v -10.000900 17.440800 12.473399
v -9.996710 17.448000 12.470199
v -10.005000 17.445499 12.467299
v -10.010100 17.440500 12.472399
v -10.012200 17.436199 12.480799
v -10.009000 17.433599 12.489699
v -10.006300 17.437099 12.513999
v -10.016400 17.432899 12.502699
v -10.015900 17.439800 12.514499
v -10.014600 17.439400 12.519199
v -10.024300 17.441601 12.512099
v -10.020000 17.444700 12.524299
v -10.019000 17.436501 12.487399
v -10.026000 17.436300 12.498899
v -10.030600 17.441799 12.505899
v -10.027100 17.438299 12.489799
v -10.033700 17.441099 12.495799
v -10.013100 17.452600 12.531999
v -10.021700 17.451700 12.529399
v -10.018600 17.459600 12.534099
v -10.009000 17.461599 12.533499
v -11.740000 17.436199 12.482899
v -11.746200 17.448799 12.476699
v -11.741500 17.435101 12.495099
v -11.735300 17.440800 12.473399
v -11.739400 17.448000 12.470199
v -11.731100 17.445499 12.467299
v -11.726000 17.440500 12.472399
v -11.724000 17.436100 12.480799
v -11.727100 17.433599 12.489699
v -11.729700 17.433100 12.504799
v -11.719700 17.432899 12.502699
v -11.717100 17.436501 12.487399
v -11.729800 17.437000 12.513999
v -11.720200 17.439699 12.514499
v -11.711900 17.441601 12.512099
v -11.721500 17.439400 12.519199
v -11.716100 17.444700 12.524299
v -11.723100 17.452499 12.531999
v -11.714400 17.451599 12.529399
v -11.727100 17.461599 12.533499
v -11.717600 17.459499 12.534099
v -11.710100 17.436300 12.498899
v -11.705500 17.441799 12.505899
v -11.709100 17.438299 12.489799
v -11.702500 17.441000 12.495799
v -10.011300 17.146601 12.373299
v -9.977720 17.182699 12.397599
v -9.984970 17.173800 12.375799
v -9.982780 17.170401 12.377499
v -9.975450 17.178499 12.399699
v -9.999460 17.171400 12.398799
v -9.992560 17.161100 12.357599
v -9.989640 17.157700 12.359599
v -10.000900 17.174700 12.396799
v -10.023000 17.160999 12.395399
v -10.020600 17.157801 12.397599
v -10.001600 17.143299 12.343999
v -9.998570 17.140200 12.345499
v -10.014200 17.124001 12.345599
v -10.038100 17.143900 12.390499
v -10.036000 17.140900 12.392999
v -10.018200 17.127199 12.343399
v -10.032400 17.113800 12.357299
v -10.030500 17.111500 12.361399
v -10.042300 17.127300 12.373799
v -10.039900 17.123699 12.377599
v -11.724900 17.146601 12.373299
v -11.751200 17.173800 12.375799
v -11.758400 17.182699 12.397599
v -11.753400 17.170401 12.377499
v -11.760700 17.178400 12.399699
v -11.736700 17.171301 12.398799
v -11.743600 17.161100 12.357599
v -11.746500 17.157700 12.359599
v -11.735200 17.174700 12.396799
v -11.713100 17.160900 12.395399
v -11.715500 17.157700 12.397599
v -11.734600 17.143200 12.343999
v -11.737600 17.140100 12.345499
v -11.721900 17.123899 12.345599
v -11.698000 17.143900 12.390499
v -11.700200 17.140900 12.392999
v -11.717900 17.127199 12.343399
v -11.693800 17.127300 12.373799
v -11.696200 17.123699 12.377599
v -11.705600 17.111500 12.361399
v -11.703700 17.113800 12.357299
v -10.015900 17.091200 12.341799
v -10.005100 17.093300 12.337799
v -10.004400 17.088200 12.339099
v -11.731000 17.093201 12.337799
v -11.720300 17.091200 12.341799
v -11.731800 17.088200 12.339099
v -10.040600 17.043699 12.317399
v -10.021400 17.061300 12.303599
v -10.020800 17.030199 12.269599
v -10.017300 17.056999 12.306099
v -10.037700 17.039801 12.319299
v -10.002400 17.061300 12.282899
v -10.000100 17.057600 12.285399
v -9.993880 17.043800 12.260999
v -10.056600 17.025000 12.293099
v -10.052600 17.020000 12.295699
v -10.050000 17.008400 12.274999
v -9.996370 17.047300 12.257899
v -9.990000 17.022900 12.240699
v -9.993220 17.025101 12.237000
v -10.052200 17.011900 12.272299
v -10.031900 17.005501 12.253099
v -9.989170 17.002899 12.223799
v -9.986730 16.999701 12.228099
v -10.009600 17.002501 12.237099
v -10.010900 17.006399 12.233599
v -10.034500 17.009199 12.250099
v -11.695500 17.043699 12.317399
v -11.715300 17.030100 12.269599
v -11.714700 17.061300 12.303599
v -11.718800 17.056999 12.306099
v -11.698400 17.039801 12.319299
v -11.733700 17.061199 12.282899
v -11.736000 17.057600 12.285399
v -11.742300 17.043800 12.260999
v -11.679500 17.024900 12.293099
v -11.683500 17.020000 12.295699
v -11.686200 17.008400 12.274999
v -11.739800 17.047300 12.257899
v -11.746100 17.022800 12.240699
v -11.742900 17.025000 12.237000
v -11.683900 17.011900 12.272299
v -11.704200 17.005400 12.253099
v -11.747000 17.002899 12.223799
v -11.749400 16.999599 12.228099
v -11.726600 17.002399 12.237099
v -11.725200 17.006399 12.233599
v -11.701600 17.009199 12.250099
v -10.036300 17.111601 12.317599
v -10.049400 17.070299 12.340299
v -10.045100 17.127600 12.330400
v -10.040800 17.128201 12.333299
v -10.031600 17.112200 12.319199
v -10.055100 17.118999 12.345799
v -10.050600 17.120001 12.349399
v -10.062100 17.104799 12.354899
v -10.056800 17.105000 12.358799
v -10.034700 17.093100 12.313499
v -10.029100 17.092400 12.316899
v -10.032200 17.078300 12.316799
v -10.065700 17.090700 12.354499
v -10.059700 17.085100 12.361599
v -10.076300 17.103399 12.365299
v -10.040500 17.080601 12.316899
v -10.034600 17.088400 12.301299
v -10.078300 17.103201 12.359900
v -10.040200 17.088900 12.301699
v -10.074000 17.063700 12.356899
v -10.094300 17.106800 12.366299
v -10.092800 17.107901 12.371499
v -10.109700 17.104000 12.376399
v -10.111400 17.104200 12.371299
v -10.116200 17.087601 12.371299
v -10.115600 17.086800 12.376299
v -10.113100 17.068300 12.372499
v -10.114300 17.069201 12.367799
v -10.101300 17.053801 12.361699
v -10.100400 17.050900 12.366099
v -10.121100 17.048700 12.365699
v -10.121100 17.051800 12.361599
v -10.136200 17.041100 12.358699
v -10.090500 17.034100 12.345999
v -10.135700 17.043800 12.354799
v -10.145300 17.029301 12.346299
v -10.145000 17.032801 12.343099
v -10.132200 17.021700 12.330699
v -10.132700 17.017700 12.332699
v -10.115000 17.017799 12.324199
v -11.699900 17.111500 12.317599
v -11.691000 17.127600 12.330400
v -11.686700 17.070200 12.340299
v -11.695400 17.128201 12.333299
v -11.704500 17.112200 12.319199
v -11.681100 17.118999 12.345799
v -11.685600 17.120001 12.349399
v -11.674000 17.104799 12.354899
v -11.679300 17.105000 12.358799
v -11.701500 17.093100 12.313499
v -11.707100 17.092400 12.316899
v -11.703900 17.078199 12.316799
v -11.670400 17.090700 12.354499
v -11.676400 17.085100 12.361599
v -11.659800 17.103300 12.365299
v -11.695600 17.080601 12.316899
v -11.701600 17.088400 12.301299
v -11.657900 17.103100 12.359900
v -11.696000 17.088900 12.301699
v -11.662200 17.063700 12.356899
v -11.641800 17.106800 12.366299
v -11.643300 17.107800 12.371499
v -11.626400 17.104000 12.376399
v -11.624800 17.104200 12.371299
v -11.619900 17.087601 12.371299
v -11.620500 17.086800 12.376299
v -11.623000 17.068300 12.372499
v -11.621900 17.069201 12.367799
v -11.634900 17.053801 12.361699
v -11.635700 17.050800 12.366099
v -11.615100 17.048700 12.365699
v -11.615000 17.051800 12.361599
v -11.599900 17.041100 12.358699
v -11.645700 17.034100 12.345999
v -11.600400 17.043699 12.354799
v -11.590800 17.029200 12.346299
v -11.591200 17.032801 12.343099
v -11.603900 17.021601 12.330699
v -11.603400 17.017700 12.332699
v -11.621100 17.017799 12.324199
v -9.999530 16.331499 11.836799
v -10.021600 16.357300 11.878999
v -9.993800 16.365200 11.854799
v -10.026100 16.325800 11.849799
v -10.026600 16.295601 11.819099
v -9.998760 16.303101 11.808799
v -10.000500 16.278601 11.801099
v -10.017500 16.275499 11.805799
v -11.710000 16.325800 11.849799
v -11.736600 16.331400 11.836799
v -11.714500 16.357300 11.878999
v -11.742300 16.365200 11.854799
v -11.709500 16.295601 11.819099
v -11.737300 16.303101 11.808799
v -11.735600 16.278601 11.801099
v -11.718600 16.275499 11.805799
v -10.115100 17.013201 12.325899
v -10.096400 17.018801 12.324599
v -10.095200 17.014799 12.327099
v -10.082300 17.020201 12.329999
v -10.087000 17.026300 12.326099
v -10.099000 17.017200 12.314699
v -10.100400 17.022100 12.314799
v -10.108400 17.021000 12.298999
v -10.107600 17.016199 12.298899
v -10.071800 17.030600 12.310899
v -10.108600 17.022301 12.282299
v -10.108200 17.017700 12.281699
v -10.100100 17.023199 12.263999
v -10.101600 17.027399 12.264599
v -10.084800 17.034000 12.265699
v -10.083000 17.030899 12.263799
v -10.068800 17.040001 12.273699
v -10.066900 17.036100 12.272499
v -10.053200 17.036699 12.289199
v -10.057200 17.041401 12.290799
v -10.055200 17.048300 12.273999
v -10.050100 17.045401 12.273999
v -10.045800 17.059299 12.264199
v -10.047800 17.053499 12.313399
v -10.050800 17.061501 12.265499
v -10.039500 17.080500 12.262799
v -10.044600 17.082001 12.263499
v -10.040100 17.090401 12.282699
v -10.034900 17.089399 12.282299
v -10.062900 17.076200 12.331100
v -10.079700 17.070499 12.344799
v -10.060200 17.062000 12.312099
v -10.077400 17.041599 12.310699
v -10.091900 17.045099 12.338099
v -11.621000 17.013201 12.325899
v -11.639700 17.018700 12.324599
v -11.640900 17.014700 12.327099
v -11.653800 17.020201 12.329999
v -11.649100 17.026300 12.326099
v -11.637100 17.017200 12.314699
v -11.635700 17.021999 12.314799
v -11.664400 17.030600 12.310899
v -11.627700 17.021000 12.298999
v -11.628500 17.016199 12.298899
v -11.627600 17.022301 12.282299
v -11.628000 17.017599 12.281699
v -11.636100 17.023199 12.263999
v -11.634500 17.027300 12.264599
v -11.651300 17.034000 12.265699
v -11.653100 17.030899 12.263799
v -11.667300 17.040001 12.273699
v -11.669200 17.036100 12.272499
v -11.683000 17.036699 12.289199
v -11.678900 17.041401 12.290799
v -11.680900 17.048300 12.273999
v -11.686000 17.045401 12.273999
v -11.690300 17.059299 12.264199
v -11.688300 17.053499 12.313399
v -11.685400 17.061501 12.265499
v -11.696700 17.080500 12.262799
v -11.691600 17.082001 12.263499
v -11.696100 17.090401 12.282699
v -11.701200 17.089399 12.282299
v -11.673300 17.076200 12.331100
v -11.656400 17.070400 12.344799
v -11.675900 17.062000 12.312099
v -11.658800 17.041500 12.310699
v -11.644200 17.045099 12.338099
v -10.128500 16.389000 12.001799
v -10.151700 16.354700 11.998299
v -10.149200 16.380400 12.006499
v -10.147000 16.378700 12.009199
v -10.140300 16.395399 12.017200
v -10.149200 16.352699 12.001299
v -10.141800 16.397400 12.014299
v -10.125300 16.408300 12.018999
v -10.132200 16.372400 11.987299
v -10.129800 16.370399 11.989899
v -10.126900 16.410400 12.015199
v -10.106200 16.411400 12.009599
v -10.104400 16.409100 12.012099
v -10.103700 16.398600 11.996399
v -10.106500 16.401699 11.993899
v -10.114600 16.385700 11.985699
v -10.113200 16.382900 11.987499
v -11.607600 16.389000 12.001799
v -11.587000 16.380301 12.006499
v -11.584400 16.354601 11.998299
v -11.589100 16.378700 12.009199
v -11.586900 16.352699 12.001299
v -11.595800 16.395399 12.017200
v -11.603900 16.372400 11.987299
v -11.606300 16.370399 11.989899
v -11.594300 16.397301 12.014299
v -11.610800 16.408300 12.018999
v -11.609200 16.410400 12.015199
v -11.629900 16.411301 12.009599
v -11.631700 16.409100 12.012099
v -11.632400 16.398600 11.996399
v -11.629600 16.401600 11.993899
v -11.621500 16.385700 11.985699
v -11.622900 16.382900 11.987499
v -10.175800 16.332701 12.137099
v -10.139500 16.404100 12.075299
v -10.207900 16.348801 12.111300
v -10.257800 16.309099 12.187999
v -10.303500 16.341499 12.159099
v -10.100900 16.385300 12.102499
v -10.093300 16.465000 12.075199
v -10.055700 16.451000 12.092099
v -10.062500 16.528299 12.081899
v -10.032700 16.518700 12.097899
v -10.041700 16.599600 12.093099
v -10.007900 16.589500 12.112000
v -10.026300 16.634001 12.092999
v -9.995980 16.624599 12.111799
v -10.000200 16.660101 12.089199
v -9.984880 16.656700 12.096899
v -11.635200 16.385300 12.102499
v -11.560300 16.332701 12.137099
v -11.596600 16.403999 12.075299
v -11.528200 16.348801 12.111300
v -11.478300 16.309099 12.187999
v -11.432600 16.341499 12.159099
v -11.642800 16.465000 12.075199
v -11.680400 16.450899 12.092099
v -11.673600 16.528299 12.081899
v -11.703400 16.518700 12.097899
v -11.694500 16.599600 12.093099
v -11.728200 16.589399 12.112000
v -11.709800 16.634001 12.092999
v -11.740100 16.624599 12.111799
v -11.735900 16.660101 12.089199
v -11.751200 16.656700 12.096899
v -10.080300 17.174801 12.411699
v -10.068600 17.131599 12.378799
v -10.088900 17.156700 12.402299
v -10.077000 17.172199 12.414699
v -10.066000 17.164801 12.392699
v -10.086300 17.154301 12.405799
v -10.070400 17.165701 12.389499
v -10.053500 17.153601 12.375999
v -10.093900 17.132700 12.391500
v -10.091700 17.131399 12.396299
v -10.057300 17.154600 12.372199
v -10.042100 17.138800 12.363799
v -10.092500 17.112600 12.384599
v -10.090700 17.110500 12.389599
v -10.075700 17.093800 12.376399
v -10.045500 17.139900 12.360399
v -10.040800 17.116899 12.358399
v -10.079100 17.094700 12.372099
v -10.044200 17.117599 12.354099
v -10.052600 17.094200 12.361899
v -10.049700 17.093201 12.366099
v -11.655800 17.174801 12.411699
v -11.647200 17.156601 12.402299
v -11.667500 17.131599 12.378799
v -11.659100 17.172199 12.414699
v -11.649900 17.154301 12.405799
v -11.670100 17.164801 12.392699
v -11.642200 17.132601 12.391500
v -11.644500 17.131300 12.396299
v -11.665700 17.165701 12.389499
v -11.682600 17.153601 12.375999
v -11.678800 17.154600 12.372199
v -11.694000 17.138700 12.363799
v -11.643700 17.112600 12.384599
v -11.645500 17.110500 12.389599
v -11.660500 17.093800 12.376399
v -11.690600 17.139900 12.360399
v -11.695300 17.116899 12.358399
v -11.657000 17.094601 12.372099
v -11.691900 17.117599 12.354099
v -11.683500 17.094200 12.361899
v -11.686400 17.093201 12.366099
v -9.895590 17.167101 12.252499
v -9.880470 17.178699 12.305099
v -9.841950 17.269899 12.243399
v -9.959510 17.095501 12.284199
v -9.964760 17.097700 12.350199
v -10.041300 17.028799 12.304299
v -11.840500 17.167101 12.252499
v -11.894200 17.269800 12.243399
v -11.855700 17.178699 12.305099
v -11.776600 17.095501 12.284199
v -11.771400 17.097700 12.350199
v -11.694800 17.028799 12.304299
v -10.069600 17.082800 12.410999
v -10.022200 17.148899 12.477099
v -10.049200 17.164700 12.442999
v -10.010500 17.240900 12.511199
v -10.040900 17.252100 12.475099
v -10.040900 17.332500 12.505799
v -10.011000 17.323000 12.538999
v -10.052900 17.409700 12.536899
v -10.031100 17.403400 12.563599
v -10.072200 17.455500 12.556299
v -10.053600 17.455500 12.581499
v -10.097000 17.499599 12.572099
v -10.078600 17.496099 12.601999
v -10.122100 17.525299 12.582599
v -10.097500 17.522499 12.621799
v -10.136900 17.553101 12.594699
v -10.112300 17.551399 12.630099
v -10.129900 17.582701 12.607899
v -10.119000 17.580601 12.623199
v -11.666500 17.082800 12.410999
v -11.713900 17.148800 12.477099
v -11.686900 17.164700 12.442999
v -11.725600 17.240900 12.511199
v -11.695300 17.252100 12.475099
v -11.695300 17.332500 12.505799
v -11.725200 17.323000 12.538999
v -11.683200 17.409599 12.536899
v -11.705100 17.403400 12.563599
v -11.663900 17.455500 12.556299
v -11.682600 17.455500 12.581499
v -11.639200 17.499599 12.572099
v -11.657500 17.496099 12.601999
v -11.614000 17.525299 12.582599
v -11.638600 17.522400 12.621799
v -11.599300 17.553101 12.594699
v -11.623900 17.551300 12.630099
v -11.606300 17.582701 12.607899
v -11.617200 17.580601 12.623199
v -10.081400 16.951401 12.250899
v -10.094300 16.967699 12.274099
v -10.077100 16.996700 12.287799
v -10.077400 16.950100 12.253799
v -10.071100 16.977600 12.255699
v -10.090900 16.965401 12.276899
v -10.075600 16.979300 12.253999
v -10.063000 16.997900 12.261799
v -10.098900 16.979300 12.294199
v -10.095100 16.976200 12.296299
v -10.093500 16.988600 12.315099
v -10.067000 17.000500 12.260199
v -10.054500 17.014700 12.272399
v -10.058600 17.017500 12.270999
v -10.057900 17.029600 12.291899
v -10.053500 17.025200 12.292599
v -10.097100 16.991699 12.313299
v -10.081700 17.006701 12.324699
v -10.085700 17.010599 12.323699
v -10.062800 17.025700 12.321299
v -10.059700 17.022100 12.321599
v -11.654700 16.951401 12.250899
v -11.659100 16.996700 12.287799
v -11.641800 16.967699 12.274099
v -11.658700 16.950001 12.253799
v -11.645200 16.965401 12.276899
v -11.665000 16.977600 12.255699
v -11.637200 16.979300 12.294199
v -11.641000 16.976101 12.296299
v -11.642600 16.988501 12.315099
v -11.660500 16.979300 12.253999
v -11.673100 16.997900 12.261799
v -11.639100 16.991699 12.313299
v -11.654500 17.006599 12.324699
v -11.650400 17.010500 12.323699
v -11.673300 17.025700 12.321299
v -11.676400 17.021999 12.321599
v -11.682600 17.025200 12.292599
v -11.678200 17.029600 12.291899
v -11.681600 17.014700 12.272399
v -11.677500 17.017500 12.270999
v -11.669100 17.000500 12.260199
v -10.045000 16.411699 11.943299
v -10.049500 16.423599 11.956299
v -10.025900 16.421200 11.935099
v -10.042600 16.410801 11.946099
v -10.023200 16.420200 11.938299
v -10.038900 16.436100 11.950399
v -10.059100 16.405100 11.956399
v -10.056000 16.404301 11.959399
v -10.041300 16.436899 11.947699
v -10.049300 16.443800 11.959299
v -10.046400 16.443100 11.961399
v -10.058000 16.440500 11.977299
v -10.069800 16.410999 11.974199
v -10.066500 16.409700 11.976499
v -10.064600 16.423000 11.986799
v -10.068000 16.424000 11.984699
v -10.061300 16.441900 11.975099
v -11.691100 16.411699 11.943299
v -11.710200 16.421200 11.935099
v -11.686700 16.423599 11.956299
v -11.693500 16.410801 11.946099
v -11.712900 16.420200 11.938299
v -11.697300 16.436100 11.950399
v -11.677000 16.405100 11.956399
v -11.680100 16.404200 11.959399
v -11.694800 16.436800 11.947699
v -11.686800 16.443800 11.959299
v -11.689700 16.443001 11.961399
v -11.678100 16.440399 11.977299
v -11.666300 16.410999 11.974199
v -11.669600 16.409700 11.976499
v -11.671500 16.423000 11.986799
v -11.674800 16.441900 11.975099
v -11.668100 16.424000 11.984699
v -9.803900 17.506500 12.167099
v -9.822000 17.461201 12.193399
v -9.835520 17.503799 12.188699
v -9.837700 17.549601 12.189999
v -9.803440 17.463301 12.175399
v -9.806990 17.364799 12.176699
v -9.804870 17.552401 12.168499
v -9.821750 17.581600 12.200999
v -9.805010 17.584200 12.189799
v -11.914100 17.461201 12.193399
v -11.932200 17.506500 12.167099
v -11.900600 17.503700 12.188699
v -11.898400 17.549601 12.189999
v -11.932700 17.463301 12.175399
v -11.929100 17.364799 12.176699
v -11.931300 17.552401 12.168499
v -11.914400 17.581600 12.200999
v -11.931100 17.584200 12.189799
v -10.439600 16.320601 12.257999
v -10.380700 16.399000 12.199999
v -10.438500 16.283899 12.162499
v -10.503100 16.227301 12.170499
v -10.397200 16.396400 12.279899
v -10.516700 16.237200 12.247799
v -10.323100 16.527700 12.250099
v -10.591700 16.146200 12.169199
v -10.608200 16.151899 12.231199
v -10.691800 16.063900 12.191799
v -10.335400 16.518900 12.317799
v -10.266600 16.656300 12.297599
v -10.268900 16.650200 12.362499
v -10.199600 16.791599 12.316099
v -10.217000 16.794800 12.361300
v -10.133800 16.919901 12.322799
v -10.147800 16.930901 12.380199
v -10.088200 17.014500 12.374799
v -10.041300 17.028799 12.304299
v -10.048800 17.101999 12.367099
v -10.069600 17.082800 12.410999
v -10.036700 17.175100 12.406799
v -10.049200 17.164700 12.442999
v -10.026100 17.260700 12.432699
v -10.040900 17.252100 12.475099
v -10.040900 17.332500 12.505799
v -10.012600 17.361900 12.455299
v -10.036100 17.425301 12.510199
v -10.052900 17.409700 12.536899
v -10.072200 17.455500 12.556299
v -10.055100 17.468201 12.530599
v -10.097000 17.499599 12.572099
v -10.083100 17.517099 12.546299
v -10.122100 17.525299 12.582599
v -10.102500 17.548300 12.550799
v -10.136900 17.553101 12.594699
v -10.117000 17.571800 12.564499
v -10.121500 17.590700 12.594499
v -10.129900 17.582701 12.607899
v -11.296600 16.320499 12.257999
v -11.355400 16.399000 12.199999
v -11.338900 16.396400 12.279899
v -11.413100 16.527700 12.250099
v -11.297600 16.283899 12.162499
v -11.400700 16.518900 12.317799
v -11.233000 16.227301 12.170499
v -11.469500 16.656300 12.297599
v -11.219400 16.237200 12.247799
v -11.467300 16.650200 12.362499
v -11.144400 16.146200 12.169199
v -11.127900 16.151899 12.231199
v -11.044300 16.063900 12.191799
v -11.536500 16.791599 12.316099
v -11.519100 16.794701 12.361300
v -11.602300 16.919901 12.322799
v -11.588300 16.930799 12.380199
v -11.647900 17.014500 12.374799
v -11.694800 17.028799 12.304299
v -11.687400 17.101999 12.367099
v -11.666500 17.082800 12.410999
v -11.699400 17.175100 12.406799
v -11.686900 17.164700 12.442999
v -11.710100 17.260700 12.432699
v -11.695300 17.252100 12.475099
v -11.695300 17.332500 12.505799
v -11.723500 17.361900 12.455299
v -11.700000 17.425301 12.510199
v -11.683200 17.409599 12.536899
v -11.663900 17.455500 12.556299
v -11.681000 17.468201 12.530599
v -11.639200 17.499599 12.572099
v -11.653000 17.517099 12.546299
v -11.614000 17.525299 12.582599
v -11.633600 17.548300 12.550799
v -11.599300 17.553101 12.594699
v -11.619100 17.571699 12.564499
v -11.614600 17.590599 12.594499
v -11.606300 17.582701 12.607899
v -10.028600 16.505100 11.977099
v -10.058500 16.484200 11.993799
v -10.011000 16.522301 11.988999
v -10.008800 16.518400 11.991799
v -10.035800 16.514000 12.002399
v -10.025900 16.501400 11.979399
v -10.038300 16.517000 11.998999
v -10.056400 16.504801 12.012999
v -10.044100 16.485201 11.969699
v -10.040900 16.482401 11.972699
v -10.059700 16.507799 12.010599
v -10.071800 16.492901 12.021399
v -10.057100 16.466900 11.968499
v -10.053500 16.464199 11.971199
v -10.070800 16.449800 11.981399
v -10.075200 16.495600 12.019300
v -10.091500 16.470400 12.016999
v -10.088500 16.467199 12.019699
v -10.075500 16.452600 11.978399
v -10.089400 16.446600 12.004699
v -10.086200 16.444700 12.007699
v -11.707500 16.505100 11.977099
v -11.725200 16.522301 11.988999
v -11.677600 16.484200 11.993799
v -11.727300 16.518400 11.991799
v -11.710200 16.501400 11.979399
v -11.700300 16.513901 12.002399
v -11.692000 16.485201 11.969699
v -11.695200 16.482300 11.972699
v -11.697900 16.517000 11.998999
v -11.679700 16.504801 12.012999
v -11.679000 16.466801 11.968499
v -11.682600 16.464199 11.971199
v -11.665300 16.449800 11.981399
v -11.676400 16.507799 12.010599
v -11.664300 16.492901 12.021399
v -11.660600 16.452600 11.978399
v -11.660900 16.495600 12.019300
v -11.644600 16.470400 12.016999
v -11.647600 16.467199 12.019699
v -11.646700 16.446600 12.004699
v -11.649900 16.444700 12.007699
v -11.625500 16.458799 12.063199
v -11.613800 16.507700 12.070199
v -11.600100 16.507401 12.082899
v -11.603900 16.507500 12.086299
v -11.617300 16.507999 12.073499
v -11.599000 16.488600 12.092899
v -11.628700 16.500299 12.062499
v -11.594700 16.488600 12.090099
v -11.625200 16.500601 12.058399
v -11.632800 16.487200 12.051600
v -11.639100 16.486099 12.054899
v -11.595100 16.470400 12.088099
v -11.598500 16.470301 12.091799
v -11.606500 16.452700 12.083999
v -11.603200 16.454399 12.081599
v -11.590300 16.453199 12.092899
v -11.588300 16.455900 12.088799
v -11.573200 16.447399 12.096299
v -11.606500 16.430799 12.066199
v -11.571800 16.450001 12.092599
v -11.555500 16.437000 12.087999
v -11.556900 16.434000 12.092199
v -11.562400 16.418200 12.078099
v -11.559900 16.421200 12.074399
v -11.572600 16.410999 12.066899
v -11.570900 16.415400 12.063199
v -11.584900 16.413601 12.055599
v -11.587200 16.409401 12.059299
v -11.601500 16.420200 12.049899
v -11.604200 16.414301 12.051499
v -11.586500 16.411100 12.047699
v -11.585200 16.416100 12.047699
v -11.569900 16.407400 12.038099
v -11.608600 16.420000 12.030799
v -11.568600 16.412399 12.038499
v -11.560200 16.411100 12.022099
v -11.560400 16.405600 12.022399
v -11.558800 16.407499 12.001199
v -11.558100 16.412001 12.001699
v -11.577100 16.412300 11.991899
v -11.575900 16.416800 11.992799
v -11.593100 16.416800 11.991999
v -11.591800 16.421600 11.992699
v -10.160200 16.416800 11.992799
v -10.143000 16.416800 11.991999
v -10.159000 16.412300 11.991899
v -10.178000 16.412100 12.001699
v -10.127500 16.420000 12.030799
v -10.177300 16.407499 12.001199
v -10.175900 16.411100 12.022099
v -10.175700 16.405600 12.022399
v -10.166200 16.407400 12.038099
v -10.167500 16.412399 12.038499
v -10.150900 16.416100 12.047699
v -10.149600 16.411100 12.047699
v -10.134600 16.420200 12.049899
v -10.131900 16.414301 12.051499
v -10.148900 16.409401 12.059299
v -10.151200 16.413601 12.055599
v -10.163600 16.411100 12.066899
v -10.129600 16.430799 12.066199
v -10.165200 16.415501 12.063199
v -10.176200 16.421200 12.074399
v -10.173700 16.418200 12.078099
v -10.180600 16.437099 12.087999
v -10.179200 16.434000 12.092199
v -10.162900 16.447399 12.096299
v -10.164400 16.450001 12.092599
v -10.147800 16.455900 12.088799
v -10.145900 16.453300 12.092899
v -10.132900 16.454399 12.081599
v -10.110600 16.458799 12.063199
v -10.138600 16.441799 12.056599
v -10.123200 16.463499 12.055699
v -10.111400 16.467100 12.031699
v -10.094400 16.461800 12.035299
v -10.134500 16.431101 12.029699
v -10.106300 16.439100 12.015899
v -10.118500 16.447800 12.018199
v -9.981970 16.536400 11.956999
v -9.986370 16.587099 11.918299
v -9.998910 16.538401 11.949099
v -9.965390 16.585899 11.927499
v -10.005700 16.487600 11.988799
v -9.962290 16.628099 11.917799
v -10.019200 16.490101 11.983699
v -10.018900 16.463800 12.024399
v -10.038300 16.474100 12.011399
v -9.993330 16.624300 11.902199
v -9.992750 16.660801 11.882899
v -9.959380 16.666700 11.898999
v -9.959440 16.684999 11.871499
v -9.981150 16.681499 11.861699
v -11.749700 16.587000 11.918299
v -11.754100 16.536400 11.956999
v -11.737200 16.538401 11.949099
v -11.730400 16.487600 11.988799
v -11.770700 16.585800 11.927499
v -11.716900 16.490101 11.983699
v -11.717200 16.463800 12.024399
v -11.697800 16.474100 12.011399
v -11.773800 16.628099 11.917799
v -11.742800 16.624300 11.902199
v -11.743400 16.660801 11.882899
v -11.776700 16.666700 11.898999
v -11.776700 16.684999 11.871499
v -11.755000 16.681499 11.861699
v -9.847640 17.216000 12.182099
v -9.851740 17.295099 12.154399
v -9.868770 17.206600 12.149499
v -9.866950 17.286600 12.124399
v -9.896460 17.137199 12.195199
v -9.891000 17.362301 12.099899
v -9.874530 17.149000 12.227399
v -9.868420 17.378000 12.134599
v -9.954460 17.086700 12.245399
v -9.959510 17.095501 12.284199
v -10.041300 17.028799 12.304299
v -9.922630 17.408600 12.119499
v -9.888340 17.424000 12.148299
v -9.908780 17.469200 12.153199
v -9.943190 17.458099 12.124999
v -9.939260 17.495100 12.127699
v -9.923770 17.500999 12.136499
v -11.867400 17.206499 12.149499
v -11.869200 17.286600 12.124399
v -11.884400 17.295000 12.154399
v -11.845100 17.362200 12.099899
v -11.888500 17.216000 12.182099
v -11.867700 17.378000 12.134599
v -11.839700 17.137199 12.195199
v -11.813500 17.408600 12.119499
v -11.861600 17.148899 12.227399
v -11.847800 17.423901 12.148299
v -11.781700 17.086700 12.245399
v -11.776600 17.095501 12.284199
v -11.694800 17.028799 12.304299
v -11.827400 17.469200 12.153199
v -11.792900 17.458099 12.124999
v -11.796900 17.495100 12.127699
v -11.812400 17.500999 12.136499
v -10.438500 16.283899 12.162499
v -10.303500 16.341499 12.159099
v -10.301900 16.295500 12.102399
v -10.207900 16.348801 12.111300
v -10.214800 16.328199 12.067199
v -10.139500 16.404100 12.075299
v -10.142000 16.377001 12.017499
v -10.095000 16.447300 12.010999
v -10.093300 16.465000 12.075199
v -10.054400 16.530899 12.043799
v -10.062500 16.528299 12.081899
v -10.038300 16.601900 12.054799
v -10.041700 16.599600 12.093099
v -10.025700 16.636801 12.060399
v -10.026300 16.634001 12.092999
v -10.001800 16.661301 12.068399
v -10.000200 16.660101 12.089199
v -11.297600 16.283899 12.162499
v -11.434300 16.295500 12.102399
v -11.432600 16.341499 12.159099
v -11.528200 16.348801 12.111300
v -11.521300 16.328199 12.067199
v -11.596600 16.403999 12.075299
v -11.594100 16.377001 12.017499
v -11.641200 16.447201 12.010999
v -11.642800 16.465000 12.075199
v -11.681700 16.530899 12.043799
v -11.673600 16.528299 12.081899
v -11.697800 16.601801 12.054799
v -11.694500 16.599600 12.093099
v -11.710500 16.636700 12.060399
v -11.709800 16.634001 12.092999
v -11.734400 16.661301 12.068399
v -11.735900 16.660101 12.089199
v -10.021600 16.357300 11.878999
v -10.032600 16.308399 11.873099
v -10.045700 16.336901 11.924199
v -10.026100 16.325800 11.849799
v -10.033200 16.278400 11.837799
v -10.026600 16.295601 11.819099
v -10.017500 16.275499 11.805799
v -10.021000 16.262800 11.816199
v -11.703500 16.308300 11.873099
v -11.714500 16.357300 11.878999
v -11.690400 16.336800 11.924199
v -11.710000 16.325800 11.849799
v -11.702900 16.278299 11.837799
v -11.709500 16.295601 11.819099
v -11.718600 16.275499 11.805799
v -11.715100 16.262800 11.816199
v -10.136000 16.507401 12.082899
v -10.122300 16.507700 12.070199
v -10.132200 16.507500 12.086299
v -10.118800 16.508101 12.073499
v -10.137100 16.488600 12.092899
v -10.107400 16.500299 12.062499
v -10.141500 16.488600 12.090099
v -10.110900 16.500601 12.058399
v -10.103300 16.487200 12.051600
v -10.097100 16.486099 12.054899
v -10.141000 16.470400 12.088099
v -10.137600 16.470301 12.091799
v -10.129600 16.452700 12.083999
v -10.098400 16.503500 12.044399
v -10.093700 16.502701 12.045499
v -10.091000 16.512400 12.030199
v -10.096000 16.512400 12.029299
v -10.089800 16.514799 12.012999
v -10.093900 16.515301 12.012799
v -10.093000 16.498100 12.001999
v -10.087900 16.497999 12.001899
v -10.093400 16.481199 11.999199
v -10.088300 16.479900 11.999699
v -10.098400 16.465700 12.007299
v -10.090500 16.463200 12.006199
v -10.102400 16.470100 11.986199
v -10.106500 16.471300 11.988799
v -10.116200 16.466400 11.972799
v -10.112100 16.465000 11.970399
v -10.123200 16.454599 11.960999
v -10.126600 16.456600 11.962799
v -10.131100 16.440901 11.970899
v -10.127200 16.438000 11.968399
v -10.132200 16.428400 11.983999
v -10.128800 16.425200 11.982099
v -10.124600 16.419399 12.000199
v -10.127600 16.424700 12.001499
v -10.144300 16.421600 11.992699
v -9.952630 17.533199 12.485399
v -9.933140 17.639400 12.448099
v -9.933150 17.527599 12.449299
v -9.955030 17.638500 12.489100
v -9.982490 17.436300 12.490399
v -9.966290 17.427500 12.453699
v -10.012600 17.361900 12.455299
v -9.962580 17.676901 12.488899
v -9.940090 17.678101 12.443999
v -9.944260 17.708099 12.448199
v -9.962680 17.707600 12.486399
v -9.940920 17.732000 12.461199
v -9.950120 17.731899 12.481499
v -11.803000 17.639299 12.448099
v -11.783500 17.533199 12.485399
v -11.803000 17.527599 12.449299
v -11.753600 17.436300 12.490399
v -11.769800 17.427500 12.453699
v -11.723500 17.361900 12.455299
v -11.781100 17.638399 12.489100
v -11.773600 17.676901 12.488899
v -11.796100 17.678101 12.443999
v -11.791900 17.708000 12.448199
v -11.773500 17.707600 12.486399
v -11.795200 17.732000 12.461199
v -11.786000 17.731899 12.481499
v -11.608500 16.424700 12.001499
v -11.611500 16.419399 12.000199
v -11.603900 16.428301 11.983999
v -11.607400 16.425200 11.982099
v -11.608900 16.438000 11.968399
v -11.629800 16.438999 12.015899
v -11.605000 16.440901 11.970899
v -11.612900 16.454599 11.960999
v -11.609500 16.456600 11.962799
v -11.619900 16.466400 11.972799
v -11.624000 16.464899 11.970399
v -11.633700 16.470100 11.986199
v -11.629600 16.471201 11.988799
v -11.637700 16.465700 12.007299
v -11.645600 16.463200 12.006199
v -11.647800 16.479900 11.999699
v -11.642700 16.481199 11.999199
v -11.648200 16.497999 12.001899
v -11.641700 16.461800 12.035299
v -11.643100 16.497999 12.001999
v -11.646300 16.514799 12.012999
v -11.642200 16.515200 12.012799
v -11.640100 16.512400 12.029299
v -11.645100 16.512400 12.030199
v -11.637700 16.503500 12.044399
v -11.642400 16.502701 12.045499
v -11.617600 16.447800 12.018199
v -11.624700 16.467100 12.031699
v -11.601600 16.431101 12.029699
v -11.613000 16.463400 12.055699
v -11.597500 16.441700 12.056599
v -9.816510 17.369499 12.226799
v -9.822000 17.461201 12.193399
v -9.806990 17.364799 12.176699
v -9.821610 17.459101 12.227199
v -9.841950 17.269899 12.243399
v -9.831100 17.501900 12.231399
v -9.830220 17.248199 12.194099
v -9.835520 17.503799 12.188699
v -9.895590 17.167101 12.252499
v -9.874530 17.149000 12.227399
v -9.959510 17.095501 12.284199
v -9.832350 17.547001 12.230699
v -9.837700 17.549601 12.189999
v -9.821750 17.581600 12.200999
v -9.818120 17.581600 12.221499
v -11.919600 17.369499 12.226799
v -11.914100 17.461201 12.193399
v -11.914500 17.459000 12.227199
v -11.905000 17.501801 12.231399
v -11.929100 17.364799 12.176699
v -11.900600 17.503700 12.188699
v -11.894200 17.269800 12.243399
v -11.903800 17.547001 12.230699
v -11.905900 17.248100 12.194099
v -11.898400 17.549601 12.189999
v -11.914400 17.581600 12.200999
v -11.918000 17.581499 12.221499
v -11.840500 17.167101 12.252499
v -11.861600 17.148899 12.227399
v -11.776600 17.095501 12.284199
v -9.998910 16.538401 11.949099
v -9.986370 16.587099 11.918299
v -10.008700 16.523399 11.915999
v -9.991180 16.576500 11.887599
v -10.038700 16.466900 11.952499
v -9.993330 16.624300 11.902199
v -10.019200 16.490101 11.983699
v -10.038300 16.474100 12.011399
v -10.095000 16.447300 12.010999
v -9.996180 16.611500 11.868499
v -9.992750 16.660801 11.882899
v -9.996950 16.645599 11.849499
v -9.981150 16.681499 11.861699
v -9.981550 16.678499 11.839799
v -11.727400 16.523399 11.915999
v -11.744900 16.576500 11.887599
v -11.749700 16.587000 11.918299
v -11.742800 16.624300 11.902199
v -11.737200 16.538401 11.949099
v -11.739900 16.611500 11.868499
v -11.697400 16.466900 11.952499
v -11.743400 16.660801 11.882899
v -11.716900 16.490101 11.983699
v -11.697800 16.474100 12.011399
v -11.641200 16.447201 12.010999
v -11.739200 16.645500 11.849499
v -11.755000 16.681499 11.861699
v -11.754600 16.678400 11.839799
v -9.922630 17.408600 12.119499
v -9.941250 17.460899 12.086899
v -9.926520 17.410000 12.083299
v -9.891000 17.362301 12.099899
v -9.943190 17.458099 12.124999
v -9.938520 17.498400 12.109299
v -9.939260 17.495100 12.127699
v -11.813500 17.408600 12.119499
v -11.794900 17.460899 12.086899
v -11.792900 17.458099 12.124999
v -11.797600 17.498400 12.109299
v -11.796900 17.495100 12.127699
v -11.809600 17.410000 12.083299
v -11.845100 17.362200 12.099899
vn 0.7477 -0.3463 0.5666
vn 0.9820 -0.1336 0.1336
vn 0.7825 -0.2134 0.5849
vn 0.9179 -0.1582 0.3640
vn 0.6123 -0.3846 -0.6908
vn 0.6823 -0.1176 -0.7216
vn 0.9463 0.0079 0.3233
vn 0.7801 -0.0631 -0.6225
vn 0.9722 -0.0474 0.2292
vn 0.9598 -0.0551 0.2753
vn 0.7805 -0.0551 -0.6228
vn 0.7653 0.2130 -0.6074
vn 0.9205 0.2203 0.3226
vn 0.6373 0.5901 -0.4956
vn 0.7238 0.6058 0.3304
vn -0.7477 -0.3463 0.5666
vn -0.7825 -0.2134 0.5849
vn -0.9820 -0.1336 0.1336
vn -0.9179 -0.1582 0.3640
vn -0.6123 -0.3846 -0.6908
vn -0.6823 -0.1177 -0.7216
vn -0.9463 0.0079 0.3233
vn -0.7801 -0.0630 -0.6225
vn -0.9722 -0.0474 0.2292
vn -0.9598 -0.0551 0.2753
vn -0.7805 -0.0552 -0.6228
vn -0.7653 0.2130 -0.6074
vn -0.9205 0.2203 0.3226
vn -0.6373 0.5901 -0.4957
vn -0.7238 0.6058 0.3304
vn 0.5921 0.3947 0.7026
vn 0.3778 0.4879 0.7869
vn 0.8958 0.3143 0.3143
vn 0.7892 0.2683 0.5524
vn 0.9667 0.0471 0.2515
vn 0.8709 0.1648 -0.4630
vn 0.9820 -0.1336 0.1335
vn 0.9111 -0.2670 0.3141
vn 0.7958 0.3230 -0.5122
vn 0.8247 0.2592 0.5027
vn 0.5901 0.6373 -0.4957
vn 0.7076 0.5189 0.4796
vn 0.3236 0.8920 -0.3157
vn 0.4259 0.7807 0.4573
vn -0.3778 0.4879 0.7869
vn -0.5921 0.3947 0.7026
vn -0.8958 0.3143 0.3143
vn -0.7892 0.2683 0.5524
vn -0.9667 0.0471 0.2515
vn -0.8709 0.1647 -0.4630
vn -0.9820 -0.1336 0.1335
vn -0.9111 -0.2670 0.3142
vn -0.7958 0.3230 -0.5122
vn -0.8247 0.2592 0.5027
vn -0.5901 0.6373 -0.4957
vn -0.7076 0.5189 0.4796
vn -0.3237 0.8919 -0.3157
vn -0.4259 0.7807 0.4574
vn 0.7179 -0.5443 0.4339
vn 0.9355 -0.3302 -0.1257
vn 0.8444 -0.3788 0.3788
vn 0.9575 0.1099 -0.2668
vn 0.6845 -0.5980 0.4170
vn 0.9437 0.1022 -0.3146
vn 0.5909 -0.8036 0.0709
vn 0.8170 -0.1964 -0.5421
vn -0.9575 0.1099 -0.2668
vn -0.7179 -0.5443 0.4339
vn -0.9355 -0.3302 -0.1257
vn -0.8444 -0.3788 0.3788
vn -0.6845 -0.5980 0.4170
vn -0.9437 0.1022 -0.3146
vn -0.5820 -0.8101 0.0707
vn -0.8170 -0.1964 -0.5421
vn 0.8675 0.0237 -0.4968
vn 0.8169 0.2828 0.5027
vn 0.8258 -0.0787 0.5584
vn 0.8304 0.3480 -0.4351
vn 0.7881 -0.3941 0.4728
vn 0.8295 -0.2685 -0.4898
vn 0.8028 -0.4014 0.4408
vn 0.8520 -0.2682 -0.4496
vn 0.9768 0.0630 0.2048
vn 0.8513 -0.2838 0.4414
vn 0.7655 -0.3551 0.5366
vn -0.8675 0.0237 -0.4969
vn -0.8143 0.2846 0.5059
vn -0.8305 0.3480 -0.4350
vn -0.8258 -0.0787 0.5584
vn -0.7881 -0.3941 0.4729
vn -0.8295 -0.2686 -0.4897
vn -0.8029 -0.4014 0.4408
vn -0.8520 -0.2682 -0.4496
vn -0.9768 0.0630 0.2048
vn -0.8513 -0.2838 0.4414
vn -0.7655 -0.3551 0.5366
vn 0.5826 -0.4724 0.6613
vn 0.8217 -0.4030 0.4029
vn 0.6676 -0.3299 0.6675
vn 0.8874 -0.3299 0.3220
vn 0.8808 -0.2753 0.3853
vn 0.6612 -0.6613 -0.3543
vn 0.8892 -0.2046 0.4092
vn 0.7485 -0.4569 -0.4806
vn 0.8845 -0.0237 0.4659
vn 0.8136 -0.3950 -0.4266
vn 0.8764 0.0079 0.4816
vn 0.8562 -0.3613 -0.3692
vn 0.8523 0.0473 0.5209
vn 0.8316 0.3295 0.4471
vn 0.8882 -0.1022 -0.4480
vn 0.6854 0.7011 0.1969
vn 0.7399 0.3227 -0.5903
vn -0.5827 -0.4724 0.6613
vn -0.6675 -0.3298 0.6675
vn -0.8217 -0.4030 0.4029
vn -0.8857 -0.3322 0.3242
vn -0.8808 -0.2753 0.3853
vn -0.6612 -0.6613 -0.3542
vn -0.8892 -0.2046 0.4092
vn -0.7485 -0.4570 -0.4806
vn -0.8845 -0.0237 0.4659
vn -0.8136 -0.3950 -0.4266
vn -0.8764 0.0079 0.4816
vn -0.8562 -0.3613 -0.3692
vn -0.8523 0.0474 0.5209
vn -0.8316 0.3295 0.4471
vn -0.8882 -0.1022 -0.4480
vn -0.6854 0.7011 0.1969
vn -0.7399 0.3227 -0.5903
vn 0.6525 -0.2908 0.6997
vn 0.5453 -0.0316 0.8377
vn 0.4026 -0.1184 0.9077
vn 0.5765 0.7502 0.3238
vn 0.5970 -0.0393 0.8012
vn 0.9120 0.4010 0.0865
vn 0.6465 -0.1813 0.7411
vn 0.9540 0.2997 -0.0000
vn 0.9155 0.3946 0.0789
vn 0.5533 -0.1344 0.8220
vn 0.3998 0.2038 0.8937
vn 0.7234 0.6684 0.1730
vn 0.4328 0.8656 0.2518
vn 0.1580 0.4976 0.8529
vn -0.6525 -0.2909 0.6997
vn -0.4026 -0.1184 0.9077
vn -0.5453 -0.0316 0.8377
vn -0.5765 0.7502 0.3238
vn -0.5970 -0.0393 0.8013
vn -0.9120 0.4010 0.0865
vn -0.6465 -0.1813 0.7411
vn -0.9541 0.2996 -0.0000
vn -0.9155 0.3946 0.0789
vn -0.5533 -0.1344 0.8221
vn -0.3998 0.2039 0.8936
vn -0.7234 0.6684 0.1730
vn -0.4328 0.8656 0.2518
vn -0.1580 0.4976 0.8529
vn 0.6440 -0.2513 0.7225
vn 0.6778 -0.3783 0.6305
vn 0.7320 0.0787 0.6768
vn 0.9905 -0.0550 0.1258
vn 0.7028 -0.2764 0.6554
vn 0.9830 -0.1809 -0.0314
vn 0.6789 -0.3315 0.6551
vn 0.6526 -0.2909 0.6997
vn 0.9629 -0.2605 0.0711
vn 0.7956 -0.1654 0.5829
vn 0.9747 -0.2201 0.0394
vn 0.8116 -0.1024 0.5752
vn 0.9747 -0.1415 -0.1729
vn 0.8511 -0.0709 0.5202
vn 0.9439 -0.0708 -0.3225
vn 0.9364 0.1181 -0.3305
vn 0.8021 0.0943 0.5897
vn 0.7170 0.3939 0.5751
vn 0.8573 0.4247 -0.2910
vn 0.5455 0.6798 0.4901
vn 0.6616 0.7167 -0.2205
vn -0.6440 -0.2513 0.7226
vn -0.7319 0.0787 0.6768
vn -0.6778 -0.3783 0.6305
vn -0.9905 -0.0550 0.1258
vn -0.7029 -0.2764 0.6554
vn -0.9830 -0.1809 -0.0314
vn -0.6789 -0.3315 0.6552
vn -0.6526 -0.2909 0.6997
vn -0.9629 -0.2604 0.0711
vn -0.7956 -0.1654 0.5829
vn -0.9747 -0.2201 0.0393
vn -0.8116 -0.1024 0.5752
vn -0.9747 -0.1415 -0.1729
vn -0.8511 -0.0709 0.5202
vn -0.9439 -0.0708 -0.3225
vn -0.9364 0.1180 -0.3305
vn -0.8020 0.0944 0.5898
vn -0.7170 0.3939 0.5751
vn -0.8573 0.4247 -0.2910
vn -0.5455 0.6798 0.4901
vn -0.6616 0.7167 -0.2205
vn 0.7149 -0.6207 0.3221
vn 0.7253 -0.6465 -0.2365
vn 0.3214 -0.8390 -0.4391
vn 0.6140 -0.4960 0.6140
vn 0.3307 -0.8977 -0.2913
vn 0.5826 -0.4724 0.6614
vn 0.2603 -0.9228 -0.2840
vn 0.7240 -0.5666 0.3935
vn 0.1496 -0.9449 -0.2913
vn 0.7723 -0.4413 0.4571
vn -0.0711 -0.9861 -0.1499
vn 0.8444 -0.3788 0.3787
vn -0.7149 -0.6207 0.3221
vn -0.3214 -0.8390 -0.4391
vn -0.7253 -0.6465 -0.2365
vn -0.6140 -0.4960 0.6140
vn -0.3307 -0.8976 -0.2914
vn -0.5826 -0.4724 0.6614
vn -0.2603 -0.9228 -0.2840
vn -0.7240 -0.5666 0.3935
vn -0.1496 -0.9448 -0.2914
vn -0.7723 -0.4412 0.4571
vn 0.0710 -0.9861 -0.1499
vn 0.1257 0.6443 -0.7544
vn 0.0236 0.9986 0.0472
vn -0.5665 0.5586 -0.6059
vn 0.5455 0.6799 0.4901
vn -0.7892 0.5760 0.2131
vn -0.1730 0.6134 0.7706
vn -0.0236 0.9986 0.0472
vn -0.1257 0.6443 -0.7544
vn 0.5665 0.5586 -0.6059
vn -0.5455 0.6799 0.4901
vn 0.7891 0.5761 0.2131
vn 0.1730 0.6133 0.7706
vn 0.5765 0.7502 0.3237
vn -0.0631 0.3156 0.9468
vn -0.5765 0.7503 0.3237
vn 0.0631 0.3156 0.9468
vn -0.1105 0.7260 -0.6787
vn 0.4320 0.4948 -0.7540
vn 0.5764 0.7502 0.3238
vn 0.5027 0.4084 -0.7619
vn 0.9540 0.2996 -0.0000
vn 0.4735 0.5209 -0.7103
vn 0.3313 0.7651 -0.5521
vn 0.1183 0.9304 -0.3469
vn -0.9120 0.4009 0.0865
vn 0.1105 0.7261 -0.6787
vn -0.4320 0.4948 -0.7540
vn -0.5027 0.4085 -0.7619
vn -0.4735 0.5209 -0.7102
vn -0.3313 0.7651 -0.5521
vn -0.1183 0.9304 -0.3469
vn 0.6067 0.1891 0.7721
vn 0.0315 0.7107 0.7028
vn 0.2440 0.0551 0.9682
vn 0.7011 0.5041 0.5042
vn 0.7914 0.4590 0.4036
vn 0.6789 -0.0079 0.7342
vn 0.2367 -0.1341 0.9623
vn 0.8278 0.1655 0.5361
vn 0.4816 -0.2842 0.8290
vn 0.7660 -0.2843 0.5765
vn 0.9377 -0.2915 0.1891
vn 0.6530 -0.5586 0.5114
vn 0.9939 -0.0394 0.1026
vn 0.7341 0.3947 0.5525
vn 0.7857 -0.5579 0.2672
vn 0.3939 -0.5752 0.7169
vn 0.3298 -0.1336 0.9345
vn 0.9830 0.1809 0.0314
vn 0.7888 0.5127 0.3392
vn 0.6801 0.6722 -0.2926
vn 0.8921 0.1500 -0.4262
vn 0.8692 -0.1106 -0.4819
vn 0.9218 -0.2364 -0.3073
vn 0.9127 -0.3934 -0.1101
vn 0.7881 -0.4729 -0.3941
vn 0.8584 0.1574 -0.4883
vn 0.7882 -0.6069 -0.1024
vn 0.6141 -0.7873 0.0551
vn 0.4552 -0.8240 -0.3374
vn 0.3141 -0.7851 -0.5339
vn 0.7411 -0.3706 -0.5598
vn 0.7970 0.0710 -0.5997
vn 0.3472 -0.6390 -0.6864
vn 0.2199 -0.0550 -0.9740
vn 0.2919 -0.9544 -0.0631
vn 0.3059 -0.7608 -0.5724
vn 0.3382 -0.9045 0.2596
vn -0.0316 -0.8377 0.5453
vn 0.1258 -0.9905 0.0551
vn -0.1264 -0.9480 0.2923
vn -0.0473 -0.9144 0.4020
vn 0.1102 -0.9838 -0.1417
vn 0.1575 -0.8031 -0.5747
vn -0.2358 -0.9590 0.1572
vn -0.5200 -0.7406 -0.4255
vn 0.1812 -0.5671 0.8034
vn -0.1804 -0.8314 0.5255
vn -0.4790 -0.3220 0.8166
vn 0.1496 -0.1575 0.9761
vn -0.6067 0.1891 0.7721
vn -0.2441 0.0551 0.9682
vn -0.0316 0.7107 0.7028
vn -0.7011 0.5042 0.5042
vn -0.7944 0.4561 0.4012
vn -0.6789 -0.0079 0.7342
vn -0.2367 -0.1341 0.9623
vn -0.8278 0.1655 0.5361
vn -0.4816 -0.2842 0.8290
vn -0.7660 -0.2843 0.5765
vn -0.9377 -0.2915 0.1891
vn -0.6530 -0.5586 0.5114
vn -0.9939 -0.0394 0.1025
vn -0.7341 0.3947 0.5525
vn -0.7857 -0.5579 0.2671
vn -0.3939 -0.5751 0.7170
vn -0.3298 -0.1335 0.9345
vn -0.9830 0.1809 0.0315
vn -0.7888 0.5126 0.3392
vn -0.6801 0.6722 -0.2926
vn -0.8921 0.1500 -0.4263
vn -0.8692 -0.1106 -0.4820
vn -0.9218 -0.2364 -0.3073
vn -0.9127 -0.3934 -0.1101
vn -0.7881 -0.4729 -0.3941
vn -0.8584 0.1575 -0.4883
vn -0.7882 -0.6069 -0.1024
vn -0.6141 -0.7873 0.0551
vn -0.4552 -0.8240 -0.3374
vn -0.3141 -0.7851 -0.5339
vn -0.2919 -0.9544 -0.0631
vn -0.7411 -0.3706 -0.5598
vn -0.3472 -0.6390 -0.6864
vn -0.7971 0.0710 -0.5997
vn -0.2199 -0.0550 -0.9740
vn -0.3059 -0.7608 -0.5725
vn -0.3382 -0.9046 0.2596
vn 0.0316 -0.8377 0.5452
vn -0.1258 -0.9905 0.0551
vn 0.1264 -0.9480 0.2922
vn 0.0473 -0.9144 0.4020
vn -0.1102 -0.9838 -0.1417
vn 0.2358 -0.9590 0.1572
vn -0.1575 -0.8031 -0.5747
vn 0.5200 -0.7406 -0.4255
vn -0.1812 -0.5671 0.8035
vn 0.1804 -0.8314 0.5256
vn 0.4790 -0.3220 0.8166
vn -0.1496 -0.1575 0.9761
vn 0.8140 -0.4821 -0.3240
vn 0.5891 -0.3614 0.7227
vn 0.5908 -0.3702 0.7168
vn 0.8061 -0.4900 -0.3319
vn 0.5499 -0.4321 0.7148
vn 0.6940 -0.4890 0.5284
vn 0.7149 -0.6206 0.3221
vn 0.9844 -0.0315 0.1733
vn 0.7685 -0.3764 0.5175
vn 0.9278 -0.1180 -0.3538
vn 0.7535 -0.3611 0.5494
vn 0.8802 -0.2122 -0.4244
vn 0.7240 -0.3935 0.5666
vn 0.8028 -0.4015 -0.4408
vn 0.6607 -0.4326 0.6135
vn 0.6142 -0.6379 -0.4646
vn 0.5760 -0.4182 0.7023
vn 0.6141 -0.7480 -0.2520
vn 0.6445 -0.7389 -0.1965
vn 0.6995 -0.6209 -0.3537
vn 0.9667 0.0472 0.2515
vn 0.6760 -0.4088 -0.6132
vn 0.5282 -0.1498 -0.8358
vn 0.8710 0.1648 -0.4629
vn -0.8088 -0.4869 -0.3298
vn -0.5908 -0.3702 0.7169
vn -0.8140 -0.4821 -0.3241
vn -0.5891 -0.3614 0.7227
vn -0.5499 -0.4320 0.7148
vn -0.6940 -0.4890 0.5284
vn -0.7149 -0.6206 0.3221
vn -0.9844 -0.0316 0.1732
vn -0.7685 -0.3764 0.5175
vn -0.9278 -0.1179 -0.3538
vn -0.7535 -0.3610 0.5494
vn -0.8803 -0.2122 -0.4244
vn -0.7240 -0.3935 0.5666
vn -0.8029 -0.4014 -0.4408
vn -0.6606 -0.4326 0.6135
vn -0.6142 -0.6378 -0.4647
vn -0.5761 -0.4182 0.7023
vn -0.6141 -0.7479 -0.2520
vn -0.6446 -0.7389 -0.1965
vn -0.9110 -0.2671 0.3141
vn -0.6995 -0.6209 -0.3537
vn -0.9667 0.0472 0.2515
vn -0.6760 -0.4088 -0.6131
vn -0.5282 -0.1498 -0.8358
vn -0.8710 0.1648 -0.4629
vn 0.6525 -0.2909 0.6997
vn 0.7955 -0.1654 0.5829
vn 0.8116 -0.1025 0.5752
vn -0.0000 0.0157 0.9999
vn -0.0236 -0.0785 0.9966
vn 0.8020 0.0944 0.5898
vn -0.0785 0.0079 0.9969
vn 0.7170 0.3939 0.5752
vn -0.1416 0.2989 0.9437
vn 0.5454 0.6799 0.4902
vn -0.7955 -0.1654 0.5829
vn -0.0000 0.0158 0.9999
vn 0.0236 -0.0785 0.9966
vn -0.8020 0.0943 0.5898
vn 0.0785 0.0079 0.9969
vn -0.7169 0.3939 0.5752
vn 0.1338 0.2991 0.9448
vn -0.5455 0.6798 0.4902
vn 0.0079 -0.6912 -0.7226
vn -0.8188 -0.5196 -0.2440
vn -0.6400 0.0553 -0.7664
vn -0.2363 -0.9531 0.1891
vn 0.1340 0.2050 -0.9696
vn 0.8171 -0.1964 -0.5420
vn -0.0078 -0.6912 -0.7226
vn 0.6400 0.0553 -0.7664
vn 0.8188 -0.5196 -0.2441
vn -0.1417 0.2048 -0.9685
vn 0.2363 -0.9531 0.1891
vn -0.8171 -0.1964 -0.5421
vn -0.5820 -0.8101 0.0708
vn -0.2367 -0.4812 -0.8441
vn -0.4877 0.3618 -0.7945
vn 0.5599 0.2287 -0.7964
vn 0.0942 0.9338 -0.3453
vn 0.5651 -0.7299 -0.3845
vn 0.7772 0.6280 0.0392
vn 0.9869 -0.1579 0.0316
vn 0.2367 -0.4812 -0.8440
vn -0.5599 0.2287 -0.7964
vn 0.4877 0.3619 -0.7945
vn -0.0942 0.9338 -0.3453
vn -0.5651 -0.7299 -0.3845
vn -0.7772 0.6280 0.0393
vn -0.9869 -0.1580 0.0316
vn 0.7319 0.0787 0.6769
vn 0.7477 -0.3463 0.5667
vn 0.3866 0.1657 0.9073
vn 0.7825 -0.2134 0.5850
vn 0.9179 -0.1583 0.3640
vn 0.2366 0.2523 0.9383
vn 0.1179 0.1416 0.9829
vn 0.9722 -0.0475 0.2292
vn 0.1333 -0.0706 0.9886
vn 0.9598 -0.0551 0.2754
vn 0.1341 -0.0947 0.9864
vn 0.0865 0.1651 0.9825
vn 0.0079 0.5363 0.8440
vn -0.7319 0.0787 0.6769
vn -0.7476 -0.3463 0.5667
vn -0.3866 0.1657 0.9073
vn -0.9179 -0.1583 0.3640
vn -0.2365 0.2523 0.9383
vn -0.1179 0.1415 0.9829
vn -0.1333 -0.0706 0.9886
vn -0.9598 -0.0551 0.2754
vn -0.1341 -0.0947 0.9864
vn -0.0864 0.1650 0.9825
vn -0.9206 0.2203 0.3226
vn -0.0079 0.5363 0.8440
vn 0.7485 -0.4570 -0.4806
vn -0.1971 -0.4258 -0.8831
vn 0.8137 -0.3949 -0.4266
vn -0.1336 -0.5110 -0.8491
vn -0.2755 -0.3228 -0.9055
vn 0.8562 -0.3614 -0.3692
vn 0.6612 -0.6613 -0.3542
vn -0.0866 -0.2913 -0.9527
vn -0.3862 -0.3152 -0.8669
vn 0.8874 -0.3298 0.3220
vn -0.5578 0.2435 -0.7935
vn 0.7398 0.3227 -0.5903
vn -0.0711 0.1499 -0.9861
vn 0.1971 -0.4258 -0.8831
vn 0.2756 -0.3228 -0.9055
vn -0.7485 -0.4569 -0.4806
vn -0.6613 -0.6612 -0.3542
vn -0.8137 -0.3950 -0.4265
vn 0.3862 -0.3152 -0.8669
vn -0.8857 -0.3321 0.3243
vn 0.5578 0.2435 -0.7935
vn 0.1336 -0.5110 -0.8491
vn 0.0866 -0.2913 -0.9527
vn -0.7398 0.3227 -0.5903
vn 0.0710 0.1499 -0.9861
vn 0.7240 -0.5665 0.3935
vn 0.8217 -0.4029 0.4030
vn 0.8113 -0.1418 0.5671
vn 0.6845 0.3540 0.6373
vn 0.8654 -0.1888 0.4641
vn 0.6990 0.4477 0.5576
vn 0.9355 -0.3301 -0.1257
vn 0.9342 -0.2277 0.2748
vn 0.7165 0.6142 0.3307
vn 0.7772 0.6280 0.0393
vn 0.4330 -0.8582 -0.2756
vn 0.5650 -0.7299 -0.3846
vn -0.8217 -0.4029 0.4030
vn -0.7723 -0.4413 0.4571
vn -0.8113 -0.1418 0.5672
vn -0.6845 0.3541 0.6373
vn -0.8654 -0.1888 0.4642
vn -0.6990 0.4477 0.5576
vn -0.9342 -0.2277 0.2747
vn -0.7165 0.6142 0.3307
vn -0.7772 0.6281 0.0392
vn -0.4330 -0.8582 -0.2756
vn -0.9869 -0.1579 0.0316
vn -0.5651 -0.7299 -0.3846
vn -0.3787 -0.5839 -0.7181
vn 0.9355 -0.3302 -0.1258
vn -0.4032 0.1581 -0.9014
vn -0.2367 -0.4812 -0.8440
vn 0.5651 -0.7299 -0.3846
vn 0.3787 -0.5839 -0.7181
vn -0.9355 -0.3302 -0.1258
vn 0.4032 0.1581 -0.9013
vn 0.2367 -0.4812 -0.8441
vn 0.6387 -0.5441 0.5441
vn 0.7628 -0.6291 -0.1494
vn 0.8750 -0.1340 0.4651
vn 0.4020 -0.0473 0.9144
vn 0.5743 -0.2754 0.7709
vn 0.7709 -0.6058 0.1967
vn 0.5103 -0.3140 0.8006
vn 0.6841 -0.4875 0.5425
vn 0.7262 -0.6630 0.1816
vn 0.2842 -0.3710 0.8841
vn 0.5764 -0.8133 0.0790
vn 0.4268 -0.7272 0.5375
vn -0.6387 -0.5441 0.5441
vn -0.8750 -0.1340 0.4651
vn -0.7628 -0.6292 -0.1494
vn -0.4020 -0.0473 0.9144
vn -0.5743 -0.2754 0.7710
vn -0.7709 -0.6058 0.1967
vn -0.5103 -0.3140 0.8006
vn -0.6841 -0.4875 0.5426
vn -0.7262 -0.6631 0.1816
vn -0.2842 -0.3710 0.8841
vn -0.5764 -0.8133 0.0790
vn -0.4269 -0.7272 0.5375
vn -0.2675 0.9362 -0.2282
vn 0.2197 0.4236 -0.8788
vn 0.7319 0.0788 0.6768
vn 0.1968 0.1969 -0.9605
vn 0.1893 0.0867 -0.9781
vn 0.9747 -0.2201 0.0393
vn 0.2517 -0.0157 -0.9677
vn 0.3063 -0.0550 -0.9504
vn 0.2990 -0.0630 -0.9522
vn 0.9364 0.1180 -0.3305
vn 0.2830 0.0236 -0.9588
vn 0.2358 0.3144 -0.9196
vn 0.1257 0.6443 -0.7543
vn 0.2675 0.9362 -0.2282
vn -0.2196 0.4237 -0.8788
vn -0.7319 0.0788 0.6768
vn -0.9830 -0.1809 -0.0315
vn -0.1968 0.1968 -0.9605
vn -0.1893 0.0868 -0.9781
vn -0.9747 -0.2200 0.0394
vn -0.2517 -0.0157 -0.9677
vn -0.9747 -0.1415 -0.1730
vn -0.3063 -0.0550 -0.9503
vn -0.2990 -0.0629 -0.9522
vn -0.2829 0.0236 -0.9588
vn -0.2358 0.3144 -0.9196
vn -0.1257 0.6443 -0.7543
vn 0.9369 0.2991 0.1811
vn 0.4570 0.7328 0.5042
vn 0.7847 0.0079 0.6199
vn 0.3393 0.1814 0.9230
vn 0.9892 0.1413 0.0393
vn 0.2441 -0.0473 0.9686
vn 0.7628 -0.2045 0.6134
vn 0.9265 -0.1492 0.3455
vn 0.4887 -0.2759 0.8277
vn 0.6747 -0.5100 0.5335
vn 0.7402 -0.6379 0.2126
vn 0.3541 -0.7318 0.5823
vn 0.1804 -0.6039 0.7764
vn 0.4649 -0.8274 0.3152
vn 0.4721 -0.0158 0.8814
vn 0.8896 -0.4566 -0.0079
vn 0.9223 0.1340 0.3626
vn 0.9427 -0.2985 -0.1492
vn 0.9735 0.1962 0.1178
vn 0.7692 0.3847 -0.5102
vn 0.7149 -0.3221 -0.6206
vn 0.5427 -0.5820 -0.6056
vn 0.6215 -0.6530 -0.4327
vn 0.5828 -0.8112 -0.0473
vn -0.9369 0.2991 0.1811
vn -0.7847 0.0079 0.6199
vn -0.4570 0.7328 0.5042
vn -0.3393 0.1814 0.9230
vn -0.9892 0.1413 0.0393
vn -0.2442 -0.0473 0.9686
vn -0.7628 -0.2045 0.6134
vn -0.9265 -0.1492 0.3455
vn -0.4856 -0.2741 0.8301
vn -0.6747 -0.5100 0.5335
vn -0.3541 -0.7318 0.5823
vn -0.1804 -0.6039 0.7764
vn -0.4721 -0.0158 0.8814
vn -0.4649 -0.8274 0.3152
vn -0.7402 -0.6379 0.2126
vn -0.8896 -0.4566 -0.0079
vn -0.9223 0.1340 0.3626
vn -0.9427 -0.2985 -0.1493
vn -0.9735 0.1962 0.1178
vn -0.7692 0.3847 -0.5102
vn -0.7149 -0.3221 -0.6206
vn -0.5427 -0.5820 -0.6056
vn -0.6215 -0.6530 -0.4327
vn -0.5828 -0.8112 -0.0473
vn 0.8335 0.2280 0.5033
vn 0.7178 -0.2366 0.6547
vn 0.9773 -0.1576 0.1418
vn 0.6305 -0.6777 0.3783
vn 0.5734 -0.6755 0.4635
vn 0.7834 -0.2295 0.5776
vn 0.7943 0.2202 0.5662
vn 0.3637 -0.7117 0.6010
vn 0.6074 0.3234 0.7256
vn 0.5114 -0.1731 0.8418
vn -0.8335 0.2280 0.5033
vn -0.9773 -0.1576 0.1418
vn -0.7178 -0.2367 0.6548
vn -0.6305 -0.6777 0.3783
vn -0.5735 -0.6755 0.4635
vn -0.7798 -0.2284 0.5829
vn -0.7943 0.2202 0.5662
vn -0.3638 -0.7117 0.6010
vn -0.6073 0.3234 0.7257
vn -0.5114 -0.1731 0.8418
vn 0.1961 -0.7845 0.5884
vn 0.5990 -0.7960 0.0867
vn 0.7556 -0.5510 0.3542
vn 0.9531 -0.2363 -0.1890
vn 0.9000 -0.4342 0.0395
vn 0.4721 -0.7395 0.4799
vn 0.9267 -0.3691 0.0707
vn 0.7330 -0.6069 0.3074
vn 0.4728 -0.6934 0.5437
vn 0.9932 -0.0552 0.1025
vn 0.3771 -0.5264 0.7620
vn 0.7978 -0.2212 0.5609
vn -0.1961 -0.7844 0.5884
vn -0.7556 -0.5510 0.3542
vn -0.5990 -0.7961 0.0867
vn -0.9531 -0.2363 -0.1890
vn -0.8999 -0.4342 0.0395
vn -0.4721 -0.7395 0.4799
vn -0.9267 -0.3691 0.0707
vn -0.7330 -0.6069 0.3074
vn -0.4728 -0.6934 0.5437
vn -0.9932 -0.0551 0.1025
vn -0.3771 -0.5264 0.7620
vn -0.7978 -0.2212 0.5608
vn -0.6004 -0.7978 -0.0553
vn -0.6003 -0.7978 -0.0553
vn -0.6143 -0.7876 -0.0473
vn 0.6004 -0.7978 -0.0553
vn 0.6003 -0.7978 -0.0553
vn 0.6143 -0.7876 -0.0473
vn -0.0710 -0.9861 -0.1499
vn 0.7179 -0.5444 0.4339
vn -0.3940 -0.7881 0.4729
vn -0.2678 -0.7955 0.5435
vn 0.0314 0.6282 -0.7774
vn -0.4032 0.1582 -0.9013
vn 0.1253 0.5877 -0.7993
vn 0.9437 0.1022 -0.3145
vn 0.1340 0.2049 -0.9696
vn 0.8171 -0.1964 -0.5421
vn 0.3941 -0.7881 0.4729
vn 0.2678 -0.7956 0.5435
vn -0.0314 0.6282 -0.7774
vn 0.4032 0.1581 -0.9014
vn -0.9575 0.1098 -0.2668
vn -0.1254 0.5877 -0.7993
vn -0.1418 0.2047 -0.9685
vn -0.2049 -0.2207 -0.9536
vn -0.0000 -0.0157 -0.9999
vn 0.3215 -0.8390 -0.4391
vn -0.2763 -0.2368 -0.9314
vn 0.3307 -0.8976 -0.2913
vn -0.3702 -0.2914 -0.8821
vn 0.2603 -0.9228 -0.2839
vn -0.5197 -0.2914 -0.8031
vn -0.7312 -0.3145 -0.6054
vn 0.2049 -0.2207 -0.9536
vn -0.7254 -0.6464 -0.2365
vn -0.3215 -0.8390 -0.4391
vn 0.2763 -0.2368 -0.9314
vn -0.3307 -0.8976 -0.2913
vn 0.3701 -0.2914 -0.8821
vn -0.2604 -0.9228 -0.2839
vn 0.5197 -0.2913 -0.8032
vn -0.1496 -0.9448 -0.2913
vn 0.7312 -0.3144 -0.6054
vn 0.8675 0.0236 -0.4968
vn -0.0314 0.3302 -0.9434
vn 0.8305 0.3480 -0.4350
vn 0.0708 0.5820 -0.8101
vn 0.8295 -0.2686 -0.4897
vn -0.0785 0.1256 -0.9890
vn -0.0473 0.2050 -0.9776
vn -0.2831 0.7237 -0.6293
vn 0.0315 0.3302 -0.9434
vn -0.0708 0.5820 -0.8101
vn -0.8675 0.0236 -0.4968
vn -0.8295 -0.2686 -0.4898
vn 0.0785 0.1256 -0.9890
vn 0.0473 0.2050 -0.9776
vn 0.2832 0.7237 -0.6293
vn 0.7238 0.6057 0.3304
vn 0.6373 0.5900 -0.4957
vn -0.1259 0.9915 0.0315
vn -0.1178 0.5970 -0.7935
vn -0.7858 0.5500 -0.2829
vn -0.6941 0.4889 0.5284
vn -0.7238 0.6058 0.3305
vn 0.1181 0.9925 0.0315
vn -0.6373 0.5900 -0.4957
vn 0.1179 0.5970 -0.7935
vn 0.7858 0.5500 -0.2829
vn 0.6940 0.4890 0.5284
vn 0.4510 0.2295 0.8625
vn 0.5743 -0.2754 0.7710
vn 0.8808 0.3146 0.3539
vn 0.7844 0.0235 0.6197
vn -0.1020 -0.4004 0.9106
vn 0.8218 -0.0316 0.5689
vn 0.1976 -0.3477 0.9166
vn 0.5493 -0.2119 0.8083
vn 0.9147 -0.1420 0.3785
vn 0.1972 -0.4257 0.8831
vn 0.6362 -0.4791 0.6048
vn 0.1650 -0.6444 0.7467
vn -0.4511 0.2296 0.8625
vn -0.8808 0.3146 0.3539
vn -0.5743 -0.2754 0.7709
vn -0.7844 0.0235 0.6198
vn 0.1020 -0.4004 0.9107
vn -0.8218 -0.0316 0.5690
vn -0.1976 -0.3477 0.9166
vn -0.5493 -0.2119 0.8083
vn -0.9147 -0.1419 0.3785
vn -0.1972 -0.4258 0.8831
vn -0.6362 -0.4791 0.6048
vn -0.1651 -0.6445 0.7466
vn 0.4961 -0.5433 0.6772
vn 0.0787 -0.4012 0.9126
vn 0.1575 -0.8584 0.4882
vn 0.1499 -0.3943 0.9067
vn 0.6440 -0.7303 0.2278
vn 0.4495 -0.5993 0.6624
vn 0.1655 -0.0394 0.9854
vn 0.6722 -0.6801 0.2926
vn 0.7118 -0.0948 0.6960
vn 0.8809 -0.4405 0.1730
vn -0.4961 -0.5433 0.6772
vn -0.1575 -0.8584 0.4882
vn -0.0787 -0.4012 0.9126
vn -0.6440 -0.7304 0.2278
vn -0.1498 -0.3943 0.9067
vn -0.4495 -0.5993 0.6624
vn -0.6722 -0.6801 0.2926
vn -0.1655 -0.0394 0.9854
vn -0.8809 -0.4404 0.1731
vn -0.7118 -0.0949 0.6959
vn 0.1580 0.4975 0.8529
vn -0.3393 0.8916 0.2998
vn -0.5202 0.1340 0.8435
vn -0.5890 0.6675 -0.4555
vn -0.9612 0.2206 0.1654
vn -0.1580 0.4975 0.8530
vn 0.3369 0.8932 0.2977
vn -0.1183 0.9304 -0.3470
vn 0.5202 0.1340 0.8434
vn 0.5890 0.6675 -0.4555
vn 0.9612 0.2206 0.1655
vn -0.1814 -0.9707 -0.1578
vn -0.1816 -0.6630 -0.7262
vn 0.2676 -0.9209 -0.2834
vn 0.4645 -0.6456 -0.6062
vn -0.1579 -0.9873 0.0158
vn 0.5901 -0.5902 -0.5508
vn 0.3923 -0.9101 -0.1334
vn -0.1895 -0.9398 0.2843
vn 0.6789 -0.7026 -0.2131
vn 0.3150 -0.9057 0.2835
vn 0.6067 -0.7721 0.1891
vn 0.8183 -0.5429 0.1888
vn 0.4241 -0.6204 0.6597
vn 0.9356 -0.3459 -0.0707
vn 0.6053 -0.6525 -0.4559
vn 0.6194 -0.6038 0.5018
vn 0.0788 -0.7166 0.6930
vn 0.2050 -0.9776 0.0473
vn -0.0630 -0.9768 0.2049
vn 0.9531 -0.1890 -0.2363
vn 0.6593 -0.4474 -0.6043
vn 0.6210 0.2122 -0.7546
vn 0.9346 0.3298 -0.1335
vn 0.9276 0.3694 0.0550
vn 0.9793 -0.1580 0.1264
vn 0.7643 -0.3467 0.5437
vn 0.8495 -0.0236 0.5270
vn 0.9994 0.0157 -0.0314
vn 0.4343 -0.3870 0.8134
vn 0.5270 0.0236 0.8495
vn 0.3784 0.2522 0.8906
vn 0.8462 0.1897 0.4979
vn 0.9632 0.2684 -0.0157
vn 0.4633 0.4397 0.7695
vn 0.5582 0.8098 0.1808
vn 0.2595 -0.1101 0.9594
vn 0.5111 0.4639 0.7235
vn 0.0473 -0.3859 0.9213
vn -0.2676 -0.3305 0.9051
vn -0.1492 -0.2985 0.9427
vn 0.1579 0.0316 0.9869
vn 0.3240 0.4820 0.8140
vn -0.2923 -0.1264 0.9479
vn -0.3617 0.5976 0.7156
vn -0.1187 -0.7516 0.6488
vn -0.2914 -0.3702 0.8821
vn -0.2204 -0.9444 0.2440
vn -0.7565 -0.5279 0.3861
vn 0.1814 -0.9707 -0.1578
vn -0.2676 -0.9209 -0.2834
vn 0.1815 -0.6630 -0.7262
vn -0.4645 -0.6456 -0.6062
vn 0.1579 -0.9873 0.0158
vn -0.5902 -0.5902 -0.5508
vn -0.3923 -0.9101 -0.1333
vn 0.1895 -0.9398 0.2843
vn -0.6789 -0.7026 -0.2131
vn -0.3150 -0.9057 0.2835
vn -0.6067 -0.7721 0.1891
vn -0.8183 -0.5429 0.1888
vn -0.4241 -0.6204 0.6597
vn -0.9356 -0.3459 -0.0708
vn -0.6053 -0.6525 -0.4559
vn -0.6194 -0.6038 0.5018
vn -0.0788 -0.7166 0.6930
vn -0.2050 -0.9776 0.0473
vn 0.0630 -0.9768 0.2048
vn -0.9531 -0.1891 -0.2363
vn -0.6616 -0.4410 -0.6064
vn -0.6209 0.2122 -0.7546
vn -0.9346 0.3298 -0.1335
vn -0.9303 0.3626 0.0552
vn -0.9793 -0.1580 0.1264
vn -0.7643 -0.3467 0.5437
vn -0.8495 -0.0236 0.5270
vn -0.9994 0.0157 -0.0314
vn -0.4343 -0.3870 0.8134
vn -0.5270 0.0236 0.8495
vn -0.3783 0.2522 0.8906
vn -0.8461 0.1898 0.4981
vn -0.9632 0.2684 -0.0157
vn -0.4633 0.4397 0.7695
vn -0.5582 0.8098 0.1808
vn -0.2595 -0.1101 0.9594
vn -0.5112 0.4639 0.7235
vn -0.0473 -0.3859 0.9213
vn 0.2675 -0.3305 0.9051
vn 0.1493 -0.2986 0.9427
vn -0.1579 0.0316 0.9869
vn 0.2922 -0.1264 0.9480
vn -0.3240 0.4821 0.8140
vn 0.3617 0.5976 0.7155
vn 0.1187 -0.7517 0.6488
vn 0.2914 -0.3702 0.8821
vn 0.7565 -0.5279 0.3861
vn 0.2203 -0.9444 0.2440
vn 0.0079 0.0393 -0.9992
vn 0.0393 0.0628 -0.9973
vn -0.8140 -0.4821 -0.3240
vn -0.0079 0.0394 -0.9992
vn -0.0393 0.0628 -0.9973
vn -0.7254 -0.6465 -0.2365
vn 0.9844 -0.0315 0.1732
vn 0.6140 -0.4959 0.6140
vn 0.3629 0.2445 0.8992
vn 0.6675 -0.3298 0.6675
vn 0.2517 0.1258 0.9596
vn 0.1414 -0.0157 0.9898
vn 0.8513 -0.2837 0.4414
vn 0.0551 -0.1731 0.9834
vn 0.0158 -0.1580 0.9873
vn 0.7881 -0.3940 0.4729
vn 0.0315 0.1413 0.9895
vn 0.1177 0.4628 0.8786
vn -0.9844 -0.0315 0.1732
vn -0.6140 -0.4959 0.6140
vn -0.3628 0.2445 0.8992
vn -0.6675 -0.3298 0.6676
vn -0.2517 0.1258 0.9596
vn -0.7655 -0.3551 0.5367
vn -0.1414 -0.0157 0.9898
vn -0.8512 -0.2837 0.4414
vn -0.0551 -0.1731 0.9834
vn -0.8028 -0.4014 0.4408
vn -0.0158 -0.1579 0.9873
vn -0.7881 -0.3941 0.4728
vn -0.0314 0.1414 0.9895
vn -0.1177 0.4628 0.8786
vn 0.6869 -0.6948 0.2132
vn 0.5278 -0.6460 0.5515
vn -0.0078 -0.9658 0.2591
vn 0.9110 -0.1257 0.3927
vn 0.2763 -0.8762 0.3948
vn 0.7860 -0.4088 0.4638
vn 0.5655 -0.6598 0.4948
vn 0.2444 -0.8593 0.4494
vn 0.7611 -0.3688 0.5336
vn -0.0316 -0.8052 0.5921
vn 0.6913 -0.1493 0.7070
vn 0.2762 -0.5129 0.8128
vn -0.6869 -0.6948 0.2132
vn 0.0079 -0.9658 0.2591
vn -0.5278 -0.6460 0.5515
vn -0.9110 -0.1257 0.3927
vn -0.2763 -0.8762 0.3948
vn -0.7860 -0.4088 0.4638
vn -0.5655 -0.6598 0.4948
vn -0.2444 -0.8593 0.4493
vn -0.7611 -0.3688 0.5336
vn 0.0316 -0.8053 0.5921
vn -0.6913 -0.1493 0.7070
vn -0.2762 -0.5129 0.8128
vn -0.0314 -0.0707 0.9970
vn 0.6440 -0.2513 0.7226
vn -0.2118 -0.2902 0.9332
vn -0.2676 -0.2834 0.9209
vn 0.7028 -0.2764 0.6555
vn -0.3710 -0.3078 0.8761
vn 0.6788 -0.3316 0.6552
vn -0.3158 -0.3236 0.8919
vn 0.4025 -0.1184 0.9077
vn -0.3162 -0.3794 0.8695
vn 0.5970 -0.0393 0.8013
vn -0.3398 -0.4978 0.7980
vn -0.3067 -0.6449 0.7000
vn 0.5533 -0.1344 0.8221
vn -0.3313 -0.5836 0.7414
vn -0.4580 -0.2764 0.8449
vn 0.1579 0.4975 0.8530
vn -0.5202 0.1340 0.8434
vn 0.0314 -0.0706 0.9970
vn 0.2122 -0.2830 0.9353
vn 0.2603 -0.2839 0.9228
vn -0.7028 -0.2764 0.6555
vn 0.3710 -0.3078 0.8761
vn -0.6788 -0.3315 0.6552
vn 0.3158 -0.3236 0.8919
vn -0.4025 -0.1184 0.9077
vn 0.3162 -0.3794 0.8695
vn 0.3398 -0.4978 0.7980
vn -0.6465 -0.1814 0.7411
vn 0.3067 -0.6450 0.7000
vn 0.3313 -0.5836 0.7414
vn -0.3998 0.2038 0.8937
vn 0.4580 -0.2764 0.8449
vn -0.1579 0.4975 0.8530
vn 0.5203 0.1340 0.8434
vn 0.7169 -0.3939 0.5752
vn 0.5522 -0.7021 0.4496
vn 0.8656 -0.4957 -0.0708
vn 0.1417 -0.4490 0.8822
vn 0.7734 -0.5998 0.2052
vn 0.3877 -0.5855 0.7120
vn 0.5967 -0.6438 0.4790
vn 0.7493 -0.6468 0.1420
vn 0.3155 -0.6387 0.7018
vn 0.6661 -0.7444 -0.0470
vn 0.0709 -0.7323 0.6772
vn 0.3393 -0.8679 0.3629
vn 0.5766 0.7502 0.3238
vn -0.7626 0.5738 -0.2987
vn -0.7170 -0.3939 0.5752
vn -0.8656 -0.4958 -0.0708
vn -0.5519 -0.7021 0.4500
vn -0.1418 -0.4490 0.8822
vn -0.7734 -0.5998 0.2052
vn -0.3859 -0.5906 0.7087
vn -0.5967 -0.6438 0.4790
vn -0.7493 -0.6468 0.1420
vn -0.3154 -0.6387 0.7018
vn -0.6661 -0.7444 -0.0470
vn -0.0709 -0.7324 0.6772
vn -0.3393 -0.8679 0.3629
vn 0.7626 0.5738 -0.2987
vn 0.0632 0.3156 0.9468
vn 0.1105 0.7260 -0.6788
vn -0.1808 0.0471 0.9824
vn -0.2761 0.2682 0.9229
vn -0.1413 -0.1334 0.9809
vn 0.5892 -0.3614 0.7227
vn 0.7685 -0.3763 0.5175
vn -0.2767 0.2609 0.9249
vn 0.5908 -0.3703 0.7168
vn -0.3142 0.2670 0.9110
vn -0.1419 -0.1576 0.9773
vn -0.0158 -0.2052 0.9786
vn -0.1500 -0.0632 0.9867
vn -0.1654 0.0630 0.9842
vn 0.1808 0.0472 0.9824
vn -0.6941 -0.4890 0.5284
vn 0.2761 0.2682 0.9230
vn 0.1413 -0.1334 0.9809
vn -0.5892 -0.3614 0.7227
vn 0.2767 0.2609 0.9249
vn -0.5908 -0.3702 0.7168
vn 0.3142 0.2670 0.9110
vn -0.7535 -0.3611 0.5494
vn 0.1419 -0.1576 0.9773
vn 0.0158 -0.2052 0.9786
vn 0.1500 -0.0631 0.9867
vn -0.6607 -0.4326 0.6135
vn 0.1654 0.0630 0.9842
vn -0.6777 -0.3783 0.6305
vn 0.2200 0.1807 -0.9586
vn 0.8028 -0.4014 -0.4408
vn 0.8803 -0.2122 -0.4244
vn 0.1733 -0.0079 -0.9848
vn 0.2198 0.3061 -0.9263
vn -0.0945 -0.1496 -0.9842
vn 0.0870 0.5850 -0.8063
vn -0.2353 -0.2431 -0.9410
vn 0.6141 -0.7480 -0.2519
vn -0.2749 -0.3298 -0.9031
vn 0.6446 -0.7389 -0.1965
vn -0.2517 -0.4011 -0.8808
vn 0.6996 -0.6209 -0.3537
vn 0.6760 -0.4088 -0.6131
vn -0.2596 -0.3382 -0.9046
vn -0.2286 -0.2602 -0.9381
vn -0.1183 -0.2759 -0.9539
vn 0.7958 0.3230 -0.5121
vn -0.0472 -0.0393 -0.9981
vn 0.5900 0.6373 -0.4957
vn -0.1498 0.3549 -0.9228
vn 0.3236 0.8919 -0.3158
vn -0.2443 0.6857 -0.6857
vn -0.2200 0.1807 -0.9586
vn -0.8028 -0.4014 -0.4408
vn -0.1733 -0.0079 -0.9848
vn 0.0945 -0.1496 -0.9842
vn -0.6142 -0.6379 -0.4646
vn -0.2198 0.3061 -0.9263
vn 0.2353 -0.2431 -0.9410
vn -0.9279 -0.1179 -0.3538
vn -0.0869 0.5850 -0.8064
vn -0.9844 -0.0314 0.1733
vn -0.6141 -0.7479 -0.2519
vn 0.2749 -0.3298 -0.9031
vn -0.6446 -0.7388 -0.1965
vn 0.2516 -0.4011 -0.8808
vn -0.6760 -0.4087 -0.6131
vn 0.2596 -0.3382 -0.9046
vn 0.2286 -0.2601 -0.9381
vn 0.1183 -0.2759 -0.9539
vn -0.7958 0.3231 -0.5122
vn 0.0550 -0.0393 -0.9977
vn 0.1498 0.3549 -0.9228
vn -0.3236 0.8920 -0.3157
vn 0.2443 0.6857 -0.6857
vn 0.6460 -0.6539 0.3939
vn 0.7892 -0.5524 -0.2684
vn 0.9075 -0.1973 0.3709
vn 0.3468 -0.9378 -0.0157
vn 0.3072 -0.9452 0.1103
vn 0.6753 -0.6674 0.3140
vn 0.8510 -0.2285 0.4728
vn -0.0157 -0.9568 0.2902
vn 0.6699 -0.1182 0.7330
vn 0.3779 -0.6141 0.6929
vn -0.6460 -0.6539 0.3939
vn -0.9075 -0.1973 0.3709
vn -0.7891 -0.5525 -0.2684
vn -0.3468 -0.9378 -0.0157
vn -0.3072 -0.9452 0.1103
vn -0.6752 -0.6674 0.3141
vn -0.8510 -0.2286 0.4728
vn 0.0157 -0.9568 0.2902
vn -0.6699 -0.1182 0.7330
vn -0.3779 -0.6141 0.6929
vn 0.7801 -0.0630 -0.6225
vn 0.6823 -0.1177 -0.7215
vn -0.4659 -0.0316 -0.8843
vn 0.0552 -0.0947 -0.9940
vn -0.3548 -0.0946 -0.9302
vn -0.0710 -0.0789 -0.9943
vn -0.7549 0.5189 -0.4011
vn 0.7804 -0.0552 -0.6228
vn 0.7652 0.2130 -0.6075
vn -0.0863 0.2120 -0.9735
vn 0.6373 0.5901 -0.4957
vn -0.1178 0.5971 -0.7935
vn 0.4659 -0.0316 -0.8843
vn -0.7801 -0.0631 -0.6225
vn -0.0552 -0.0947 -0.9940
vn 0.0710 -0.0789 -0.9943
vn -0.6823 -0.1176 -0.7216
vn -0.7804 -0.0552 -0.6228
vn 0.3548 -0.0946 -0.9302
vn -0.7652 0.2130 -0.6075
vn 0.7549 0.5189 -0.4011
vn 0.0863 0.2120 -0.9735
vn 0.1178 0.5971 -0.7935
vn 0.9768 0.0631 0.2048
vn 0.8808 -0.2752 0.3853
vn 0.5116 0.3621 0.7792
vn 0.3313 0.3707 0.8676
vn 0.2051 0.3471 0.9151
vn 0.8523 0.0474 0.5209
vn 0.0553 0.3393 0.9391
vn 0.8316 0.3294 0.4472
vn 0.0315 0.5742 0.8181
vn -0.0236 0.8675 0.4968
vn 0.6853 0.7011 0.1970
vn -0.5116 0.3621 0.7792
vn -0.8808 -0.2752 0.3854
vn -0.3313 0.3707 0.8676
vn -0.2051 0.3471 0.9151
vn -0.8523 0.0473 0.5209
vn -0.0552 0.3393 0.9390
vn -0.0315 0.5742 0.8181
vn 0.0236 0.8675 0.4969
vn -0.6853 0.7011 0.1970
vn 0.1021 -0.2358 -0.9664
vn -0.1967 0.0944 -0.9759
vn 0.0316 -0.4502 -0.8924
vn -0.8273 0.2127 0.5200
vn -0.7415 0.6705 -0.0237
vn -0.1888 0.8891 0.4170
vn 0.0157 -0.5834 -0.8120
vn -0.7816 0.0079 0.6237
vn 0.3153 -0.1892 -0.9300
vn 0.4655 -0.1736 -0.8679
vn -0.0079 0.8644 0.5028
vn 0.2051 -0.0237 -0.9785
vn -0.4901 0.0633 0.8694
vn -0.7061 0.1883 0.6826
vn 0.1025 -0.3311 -0.9380
vn -0.1021 0.5662 0.8179
vn -0.2376 0.7364 0.6335
vn 0.1887 0.4796 -0.8570
vn -0.8057 0.0079 0.5923
vn -0.2121 -0.0785 -0.9741
vn 0.1731 0.3698 -0.9128
vn -0.8418 -0.5113 0.1731
vn 0.1899 0.1819 -0.9648
vn -0.3860 -0.7876 0.4804
vn 0.3452 0.0942 -0.9338
vn -0.1971 -0.7881 0.5832
vn 0.4504 0.0079 -0.8928
vn 0.5813 -0.0864 -0.8091
vn 0.1888 -0.7790 0.5980
vn -0.3150 0.2835 -0.9057
vn 0.0710 -0.5441 0.8360
vn -0.4175 -0.6695 0.6144
vn -0.7179 0.5443 -0.4339
vn -0.1963 -0.8557 0.4789
vn -0.2593 0.1179 -0.9586
vn -0.6047 0.5183 -0.6047
vn -0.1100 -0.9429 0.3143
vn -0.4883 0.5198 -0.7010
vn -0.2830 0.5266 -0.8016
vn 0.2437 -0.9513 -0.1886
vn 0.7253 -0.6702 0.1577
vn -0.1179 0.6365 -0.7622
vn 0.8276 -0.4887 0.2759
vn 0.0079 0.6992 -0.7149
vn -0.4016 0.3937 -0.8269
vn -0.5699 0.1900 0.7994
vn -0.5585 0.4799 0.6766
vn 0.9820 -0.1335 0.1335
vn -0.7549 0.5190 -0.4010
vn -0.3161 -0.1264 0.9403
vn -0.0791 -0.2213 0.9720
vn -0.1104 0.0315 0.9934
vn 0.4258 0.7807 0.4574
vn -0.1885 0.3850 0.9035
vn 0.5585 0.4799 0.6766
vn 0.5699 0.1899 0.7994
vn -0.3777 0.4879 0.7869
vn 0.7549 0.5190 -0.4010
vn 0.3161 -0.1264 0.9403
vn 0.0791 -0.2213 0.9720
vn 0.1104 0.0315 0.9934
vn -0.4258 0.7807 0.4574
vn 0.1885 0.3849 0.9035
vn 0.4816 -0.1184 0.8684
vn 0.2924 0.6480 0.7033
vn -0.0000 -0.0079 1.0000
vn 0.8033 0.2047 0.5592
vn -0.0863 -0.2120 0.9735
vn 0.8874 0.0706 0.4555
vn 0.4959 -0.3306 0.8029
vn 0.1660 -0.4347 0.8852
vn 0.7253 -0.2760 0.6307
vn 0.4558 -0.5972 0.6601
vn 0.1967 -0.7947 0.5743
vn 0.6308 -0.7018 0.3312
vn -0.1105 -0.6868 0.7184
vn 0.0865 -0.2045 0.9750
vn 0.3539 -0.8808 0.3146
vn 0.8353 -0.4886 0.2522
vn 0.7415 -0.0237 0.6705
vn 0.4086 -0.9115 -0.0471
vn 0.7390 -0.6368 -0.2201
vn 0.7745 -0.4741 -0.4188
vn 0.9359 -0.3067 0.1730
vn 0.8516 0.1103 0.5125
vn 0.9051 -0.2676 -0.3305
vn 0.8642 0.4872 -0.1257
vn 0.4877 -0.7945 -0.3619
vn 0.9074 -0.2368 -0.3472
vn 0.1265 -0.9881 0.0870
vn 0.0473 -0.9452 -0.3230
vn -0.0551 -0.8271 -0.5593
vn 0.5056 -0.6873 -0.5214
vn 0.8218 -0.1897 -0.5373
vn 0.0474 -0.6863 -0.7257
vn 0.3393 -0.0552 -0.9391
vn -0.2120 -0.9735 -0.0863
vn -0.0314 -0.7449 -0.6664
vn -0.1576 -0.9458 0.2838
vn -0.5291 -0.6634 0.5291
vn -0.3457 -0.9350 0.0786
vn -0.6701 -0.6859 0.2838
vn -0.5130 -0.7814 0.3552
vn -0.3641 -0.9101 -0.1979
vn -0.2207 -0.7014 -0.6777
vn -0.7617 -0.6440 0.0707
vn -0.7792 -0.3620 -0.5116
vn -0.3068 -0.5584 0.7708
vn -0.6053 -0.6683 0.4324
vn -0.7772 0.0393 0.6280
vn -0.1255 -0.1491 0.9808
vn -0.4816 -0.1184 0.8684
vn -0.2924 0.6480 0.7033
vn -0.8033 0.2048 0.5592
vn 0.0863 -0.2120 0.9735
vn -0.8874 0.0706 0.4555
vn -0.4959 -0.3306 0.8029
vn -0.1660 -0.4347 0.8852
vn -0.7253 -0.2760 0.6307
vn -0.4557 -0.5972 0.6600
vn -0.1967 -0.7947 0.5743
vn -0.6308 -0.7018 0.3312
vn 0.1105 -0.6868 0.7184
vn -0.0865 -0.2045 0.9750
vn -0.3539 -0.8808 0.3146
vn -0.8353 -0.4886 0.2522
vn -0.7415 -0.0237 0.6705
vn -0.4086 -0.9115 -0.0471
vn -0.7390 -0.6368 -0.2201
vn -0.7745 -0.4742 -0.4188
vn -0.9359 -0.3067 0.1730
vn -0.8516 0.1103 0.5125
vn -0.9051 -0.2676 -0.3305
vn -0.8642 0.4871 -0.1257
vn -0.4877 -0.7945 -0.3618
vn -0.9074 -0.2367 -0.3472
vn -0.1265 -0.9881 0.0870
vn -0.0473 -0.9452 -0.3229
vn 0.0551 -0.8271 -0.5593
vn -0.5056 -0.6873 -0.5214
vn -0.8218 -0.1897 -0.5373
vn -0.0474 -0.6864 -0.7257
vn -0.3393 -0.0552 -0.9390
vn 0.2120 -0.9735 -0.0863
vn 0.0314 -0.7449 -0.6664
vn 0.1577 -0.9458 0.2838
vn 0.5291 -0.6634 0.5291
vn 0.3457 -0.9350 0.0786
vn 0.6701 -0.6859 0.2838
vn 0.5130 -0.7814 0.3552
vn 0.3640 -0.9101 -0.1978
vn 0.7617 -0.6440 0.0707
vn 0.2206 -0.7014 -0.6777
vn 0.7792 -0.3620 -0.5116
vn 0.3068 -0.5584 0.7708
vn 0.6053 -0.6683 0.4324
vn 0.7772 0.0392 0.6280
vn 0.1256 -0.1491 0.9808
vn -0.4263 0.8921 0.1500
vn 0.4259 0.7807 0.4574
vn 0.3236 0.8919 -0.3157
vn -0.1886 0.3849 0.9035
vn -0.8718 0.1335 0.4713
vn -0.8655 0.3462 -0.3620
vn 0.4263 0.8921 0.1500
vn -0.3237 0.8919 -0.3158
vn 0.2444 0.6856 -0.6857
vn 0.8655 0.3462 -0.3619
vn 0.8718 0.1335 0.4713
vn 0.6139 0.7556 0.2282
vn 0.0471 -0.1884 -0.9810
vn 0.4795 0.8724 0.0944
vn 0.4409 0.8659 -0.2362
vn 0.1976 -0.7982 -0.5691
vn 0.6671 0.6827 0.2982
vn 0.2758 -0.8903 -0.3625
vn 0.1739 0.9802 -0.0949
vn 0.0630 -0.9752 -0.2123
vn 0.2122 -0.8331 -0.5108
vn -0.1890 0.8427 -0.5041
vn 0.4176 0.8904 -0.1812
vn -0.0706 0.9173 -0.3920
vn 0.4236 -0.7922 -0.4393
vn 0.9335 -0.3323 -0.1345
vn 0.1025 0.9699 -0.2208
vn 0.0158 0.9998 -0.0079
vn 0.6614 -0.5826 0.4724
vn 0.4959 -0.6140 0.6140
vn -0.0550 0.9905 0.1258
vn 0.1893 -0.6703 0.7176
vn -0.1809 0.9205 0.3462
vn 0.3143 0.9037 -0.2907
vn -0.0157 -0.8975 0.4408
vn 0.2203 -0.9206 0.3225
vn 0.4789 0.1962 -0.8557
vn 0.5916 0.7731 -0.2288
vn 0.4879 0.3777 -0.7869
vn 0.4251 -0.6928 0.5825
vn 0.4415 0.5282 -0.7253
vn 0.4966 -0.4887 0.7173
vn 0.4258 0.1971 0.8831
vn 0.3774 0.7075 -0.5975
vn 0.1570 0.7689 -0.6198
vn -0.2681 0.0473 0.9622
vn -0.4721 -0.0157 0.8814
vn 0.0314 0.7704 -0.6368
vn -0.4855 -0.2740 0.8302
vn 0.5888 0.5182 -0.6203
vn 0.4710 0.8479 -0.2434
vn -0.0314 0.9830 0.1808
vn 0.4552 0.8240 -0.3374
vn 0.6537 0.7402 0.1575
vn 0.0471 0.8488 -0.5266
vn 0.8105 0.5036 -0.2990
vn 0.4493 0.5910 -0.6700
vn -0.2758 -0.8903 -0.3623
vn -0.0630 -0.9752 -0.2124
vn -0.1739 0.9802 -0.0949
vn -0.2122 -0.8331 -0.5109
vn 0.1890 0.8427 -0.5041
vn 0.0705 0.9173 -0.3920
vn -0.4236 -0.7922 -0.4393
vn -0.4176 0.8904 -0.1812
vn -0.4409 0.8659 -0.2362
vn -0.9335 -0.3323 -0.1345
vn -0.1025 0.9699 -0.2208
vn -0.0157 0.9998 -0.0078
vn -0.6613 -0.5826 0.4724
vn -0.4959 -0.6140 0.6140
vn 0.0550 0.9905 0.1258
vn -0.1893 -0.6703 0.7176
vn 0.1809 0.9205 0.3462
vn -0.3143 0.9037 -0.2907
vn 0.0157 -0.8974 0.4409
vn -0.2128 -0.9221 0.3231
vn -0.4789 0.1962 -0.8557
vn -0.4879 0.3777 -0.7869
vn -0.4251 -0.6927 0.5826
vn -0.5916 0.7731 -0.2288
vn -0.4415 0.5282 -0.7253
vn -0.4966 -0.4887 0.7173
vn -0.4258 0.1971 0.8831
vn -0.3774 0.7075 -0.5975
vn -0.1569 0.7689 -0.6198
vn 0.2608 0.0475 0.9642
vn 0.4722 -0.0157 0.8813
vn -0.0314 0.7704 -0.6367
vn -0.5889 0.5182 -0.6203
vn -0.4710 0.8479 -0.2434
vn 0.0314 0.9830 0.1808
vn -0.4552 0.8240 -0.3374
vn -0.6536 0.7402 0.1575
vn -0.0471 0.8488 -0.5266
vn -0.8105 0.5036 -0.2990
vn -0.4492 0.5911 -0.6699
vn -0.7253 -0.6701 0.1577
vn 0.2830 0.5266 -0.8017
vn -0.2437 -0.9513 -0.1886
vn 0.1100 -0.9430 0.3142
vn 0.4883 0.5198 -0.7010
vn 0.2593 0.1179 -0.9586
vn 0.6047 0.5183 -0.6047
vn 0.1963 -0.8557 0.4789
vn 0.7180 0.5443 -0.4339
vn 0.4174 -0.6695 0.6144
vn 0.3150 0.2835 -0.9057
vn -0.0710 -0.5441 0.8360
vn -0.1888 -0.7789 0.5980
vn -0.5813 -0.0865 -0.8091
vn 0.1970 -0.7881 0.5832
vn 0.2121 -0.0785 -0.9741
vn -0.4504 0.0079 -0.8928
vn -0.3453 0.0942 -0.9338
vn 0.3859 -0.7876 0.4804
vn -0.1898 0.1819 -0.9648
vn 0.8384 -0.5171 0.1724
vn -0.1731 0.3698 -0.9128
vn 0.8057 0.0079 0.5923
vn -0.1887 0.4796 -0.8570
vn 0.7062 0.1883 0.6825
vn -0.2051 -0.0237 -0.9785
vn 0.1967 0.0944 -0.9759
vn 0.5198 -0.1812 -0.8348
vn 0.0631 -0.3392 -0.9386
vn 0.1495 0.1023 -0.9835
vn 0.5133 0.3870 -0.7660
vn 0.1098 0.2039 -0.9728
vn -0.1738 0.7347 -0.6557
vn -0.3077 0.0947 -0.9467
vn -0.1022 -0.2357 -0.9664
vn -0.0316 -0.4501 -0.8924
vn 0.8273 0.2127 0.5200
vn 0.7415 0.6705 -0.0237
vn 0.1889 0.8891 0.4170
vn -0.0157 -0.5834 -0.8120
vn 0.7816 0.0079 0.6237
vn 0.4900 0.0632 0.8694
vn -0.3152 -0.1891 -0.9300
vn -0.4655 -0.1735 -0.8679
vn 0.0078 0.8643 0.5028
vn -0.1025 -0.3310 -0.9380
vn 0.1023 0.5662 0.8179
vn 0.2364 0.7327 0.6381
vn 0.4953 -0.3145 -0.8098
vn 0.0946 0.8672 0.4888
vn 0.4652 -0.2681 -0.8436
vn -0.3625 0.9299 -0.0630
vn 0.2842 -0.2842 -0.9157
vn -0.7696 0.5419 0.3376
vn 0.1258 -0.4087 -0.9039
vn -0.8637 0.3062 0.4004
vn -0.0001 -0.4876 -0.8731
vn 0.5601 -0.0079 -0.8284
vn -0.7341 0.2289 0.6393
vn -0.7523 0.5564 0.3527
vn 0.6999 0.3381 -0.6291
vn 0.6631 0.1815 -0.7262
vn -0.8559 0.4476 0.2591
vn 0.5974 0.0157 -0.8018
vn -0.9692 0.0316 -0.2442
vn -0.8666 -0.4649 0.1812
vn 0.6473 -0.1737 -0.7422
vn -0.7219 -0.6042 0.3374
vn 0.6610 -0.3070 -0.6847
vn 0.4016 0.3937 -0.8269
vn -0.6529 -0.5115 0.5586
vn -0.8276 -0.4888 0.2759
vn -0.0157 0.6991 -0.7148
vn 0.1179 0.6365 -0.7622
vn 0.0631 -0.9386 0.3391
vn 0.2531 -0.6801 0.6880
vn -0.3239 -0.6241 0.7110
vn 0.6054 -0.7312 0.3145
vn -0.2134 -0.5849 0.7825
vn 0.6068 -0.6857 0.4020
vn 0.2277 -0.7304 0.6440
vn -0.1183 -0.3235 0.9388
vn 0.7815 -0.3868 0.4894
vn 0.4494 -0.3547 0.8199
vn -0.0630 -0.9386 0.3391
vn 0.3239 -0.6241 0.7110
vn -0.2531 -0.6801 0.6880
vn -0.6054 -0.7312 0.3145
vn 0.2134 -0.5849 0.7825
vn -0.6118 -0.6824 0.4001
vn -0.2277 -0.7304 0.6440
vn 0.1183 -0.3235 0.9388
vn -0.7815 -0.3868 0.4895
vn -0.4493 -0.3548 0.8199
vn 0.3768 0.4789 -0.7929
vn 0.4966 0.5518 -0.6700
vn 0.3079 0.9079 -0.2843
vn -0.8874 0.0707 0.4555
vn 0.6364 0.4242 -0.6442
vn 0.6691 0.3542 -0.6533
vn 0.0864 -0.2120 0.9734
vn 0.2755 0.4330 -0.8582
vn 0.2978 0.5877 -0.7523
vn -0.1660 -0.4347 0.8851
vn 0.5660 0.4717 -0.6761
vn 0.7609 0.6431 -0.0863
vn -0.7415 -0.0236 0.6706
vn -0.1965 0.8171 -0.5421
vn -0.0865 -0.2044 0.9750
vn 0.4950 0.7937 -0.3536
vn -0.0710 0.7970 -0.5998
vn 0.1255 -0.1490 0.9808
vn 0.0315 0.7561 -0.6537
vn 0.7772 0.0393 0.6280
vn 0.6054 -0.6682 0.4324
vn -0.0000 0.6624 -0.7491
vn -0.0079 0.6285 -0.7778
vn 0.5130 -0.7815 0.3551
vn 0.0552 0.5206 -0.8520
vn 0.3458 -0.9350 0.0786
vn 0.0867 0.9849 -0.1496
vn 0.1577 -0.9459 0.2837
vn -0.0865 0.9048 0.4170
vn 0.3786 0.8834 -0.2761
vn -0.0550 0.9740 0.2199
vn 0.6701 -0.6858 0.2838
vn 0.7618 -0.6440 0.0706
vn -0.0156 0.9887 0.1491
vn -0.0393 0.9989 -0.0236
vn 0.7792 -0.3621 -0.5116
vn 0.2206 -0.7014 -0.6778
vn -0.2200 0.9663 -0.1336
vn -0.3299 0.9345 -0.1335
vn 0.2685 0.9633 -0.0000
vn -0.5846 0.7505 -0.3081
vn 0.8169 0.2828 0.5028
vn -0.5214 0.6874 0.5056
vn 0.1177 0.4629 0.8786
vn -0.2684 0.9633 -0.0000
vn 0.5846 0.7505 -0.3081
vn 0.5214 0.6874 0.5056
vn 0.6530 -0.5115 0.5585
vn 0.7219 -0.6042 0.3374
vn -0.6610 -0.3069 -0.6847
vn -0.6474 -0.1737 -0.7421
vn 0.8666 -0.4649 0.1812
vn -0.1495 0.1023 -0.9835
vn -0.5974 0.0157 -0.8018
vn 0.9692 0.0315 -0.2442
vn 0.8559 0.4476 0.2591
vn -0.6631 0.1816 -0.7262
vn 0.7523 0.5564 0.3527
vn -0.6999 0.3382 -0.6291
vn -0.5601 -0.0079 -0.8284
vn 0.7341 0.2289 0.6393
vn 0.8637 0.3062 0.4004
vn -0.0000 -0.4877 -0.8730
vn -0.1258 -0.4087 -0.9040
vn 0.7697 0.5419 0.3377
vn -0.1107 0.2055 -0.9724
vn -0.2842 -0.2842 -0.9157
vn 0.3625 0.9298 -0.0630
vn -0.4651 -0.2681 -0.8437
vn -0.0946 0.8672 0.4888
vn -0.4953 -0.3145 -0.8098
vn 0.1738 0.7347 -0.6558
vn -0.5133 0.3870 -0.7660
vn 0.3077 0.0947 -0.9467
vn -0.0631 -0.3392 -0.9386
vn -0.5198 -0.1812 -0.8348
vn -0.3768 0.4789 -0.7929
vn -0.3080 0.9079 -0.2843
vn -0.4906 0.5539 -0.6727
vn 0.8034 0.2047 0.5591
vn 0.0001 -0.0079 1.0000
vn 0.8874 0.0707 0.4555
vn -0.6364 0.4242 -0.6442
vn -0.6691 0.3542 -0.6533
vn -0.0864 -0.2120 0.9735
vn -0.2756 0.4331 -0.8582
vn -0.2978 0.5877 -0.7522
vn -0.5660 0.4717 -0.6761
vn -0.7575 0.6470 -0.0868
vn 0.7415 -0.0236 0.6705
vn 0.1964 0.8170 -0.5421
vn 0.0866 -0.2044 0.9750
vn -0.4950 0.7937 -0.3536
vn 0.0711 0.7970 -0.5998
vn -0.1256 -0.1490 0.9808
vn -0.0315 0.7561 -0.6537
vn -0.6054 -0.6682 0.4324
vn -0.0000 0.6624 -0.7492
vn 0.0078 0.6285 -0.7778
vn -0.5131 -0.7814 0.3552
vn -0.0552 0.5206 -0.8520
vn -0.3458 -0.9350 0.0786
vn -0.0867 0.9849 -0.1496
vn -0.1575 -0.9459 0.2837
vn 0.0865 0.9048 0.4170
vn 0.0550 0.9740 0.2200
vn -0.6701 -0.6858 0.2839
vn -0.3786 0.8834 -0.2761
vn -0.7618 -0.6440 0.0707
vn 0.0157 0.9887 0.1491
vn 0.0394 0.9989 -0.0236
vn -0.7792 -0.3621 -0.5116
vn -0.2207 -0.7013 -0.6778
vn 0.2200 0.9663 -0.1336
vn 0.3298 0.9346 -0.1335
vn -0.0314 -0.7448 -0.6665
vn -0.0628 0.9969 0.0470
vn 0.0473 -0.9453 -0.3229
vn -0.7224 0.6675 0.1806
vn 0.0473 -0.6863 -0.7258
vn -0.2982 0.8868 -0.3531
vn -0.6627 0.7337 0.1499
vn 0.3393 -0.0553 -0.9390
vn -0.4978 0.8612 0.1027
vn -0.2430 0.6820 -0.6898
vn 0.1025 0.6461 -0.7564
vn -0.1577 0.4417 -0.8832
vn 0.6069 -0.6856 0.4020
vn 0.7815 -0.3868 0.4895
vn -0.4248 -0.0315 -0.9047
vn 0.0632 -0.9386 0.3392
vn -0.0631 0.8830 -0.4652
vn -0.5286 0.4654 -0.7099
vn -0.5676 0.7095 -0.4178
vn -0.1729 0.8961 -0.4088
vn -0.0789 0.9623 -0.2603
vn 0.4494 -0.3548 0.8199
vn 0.2430 0.6820 -0.6898
vn 0.1577 0.4416 -0.8832
vn -0.1024 0.6461 -0.7564
vn -0.6119 -0.6824 0.4000
vn -0.7815 -0.3869 0.4894
vn 0.4248 -0.0315 -0.9047
vn -0.0630 -0.9386 0.3392
vn 0.0631 0.8830 -0.4652
vn 0.5285 0.4654 -0.7099
vn 0.5676 0.7095 -0.4177
vn 0.1729 0.8961 -0.4088
vn 0.0789 0.9623 -0.2603
vn -0.5201 0.0709 -0.8511
vn 0.4319 0.4948 -0.7540
vn -0.7022 0.2603 -0.6627
vn -0.5348 0.2124 -0.8179
vn -0.4342 -0.0395 -0.9000
vn 0.4735 0.5208 -0.7103
vn -0.4242 0.0628 -0.9034
vn 0.3313 0.7651 -0.5522
vn -0.5511 0.3700 -0.7479
vn 0.1183 0.9304 -0.3470
vn 0.1105 0.7260 -0.6787
vn 0.5202 0.0709 -0.8511
vn 0.7022 0.2603 -0.6627
vn 0.7625 0.5738 -0.2987
vn 0.5348 0.2123 -0.8179
vn 0.4342 -0.0395 -0.8999
vn -0.4735 0.5209 -0.7103
vn 0.4242 0.0628 -0.9034
vn -0.3312 0.7651 -0.5522
vn 0.5511 0.3700 -0.7479
vn 0.0869 0.9474 -0.3079
vn -0.6905 0.6984 0.1883
vn -0.0237 0.8675 0.4968
vn -0.7375 0.3451 -0.5805
vn 0.6853 0.7011 0.1969
vn -0.0710 0.1499 -0.9862
vn -0.0868 0.9474 -0.3079
vn 0.0236 0.8675 0.4968
vn 0.6905 0.6984 0.1883
vn 0.7374 0.3452 -0.5806
vn 0.0710 0.1499 -0.9862
vn 0.3467 -0.7958 0.4964
vn 0.2437 -0.9513 -0.1887
vn 0.7253 -0.6701 0.1577
vn 0.8276 -0.4888 0.2759
vn -0.1962 -0.8557 0.4789
vn 0.3385 -0.6848 0.6454
vn -0.4174 -0.6695 0.6144
vn 0.6530 -0.5114 0.5586
vn 0.0710 -0.5442 0.8360
vn 0.3555 -0.3634 0.8611
vn 0.5197 -0.1417 0.8425
vn -0.0394 -0.1104 0.9931
vn 0.7804 -0.0552 0.6228
vn 0.2210 -0.0947 0.9707
vn -0.3547 -0.2286 0.9066
vn 0.1888 -0.7789 0.5980
vn -0.1970 -0.7881 0.5832
vn 0.8814 0.0157 0.4722
vn 0.8667 -0.4648 0.1813
vn 0.9692 0.0315 -0.2443
vn 0.8559 0.4475 0.2592
vn 0.7524 0.5564 0.3527
vn 0.7340 0.2289 0.6394
vn 0.2522 0.2049 0.9457
vn 0.2831 0.4876 0.8258
vn 0.8636 0.3062 0.4004
vn -0.1185 0.2054 0.9715
vn -0.1022 0.5662 0.8179
vn -0.2375 0.7364 0.6335
vn -0.0946 0.8672 0.4889
vn 0.3698 0.6609 0.6530
vn 0.7696 0.5419 0.3377
vn 0.3625 0.9298 -0.0631
vn -0.3318 0.4028 0.8530
vn -0.0079 0.8643 0.5029
vn -0.4900 0.0632 0.8694
vn -0.1888 0.8890 0.4171
vn -0.7816 0.0079 0.6238
vn -0.8272 0.2127 0.5200
vn -0.4421 0.5369 0.7185
vn -0.5349 -0.3461 0.7708
vn -0.8056 0.0079 0.5924
vn -0.3859 -0.7875 0.4805
vn -0.3467 -0.7958 0.4964
vn -0.2437 -0.9513 -0.1887
vn 0.1100 -0.9429 0.3143
vn -0.8277 -0.4887 0.2759
vn 0.1962 -0.8557 0.4789
vn -0.3384 -0.6847 0.6454
vn 0.4175 -0.6695 0.6144
vn -0.6530 -0.5114 0.5586
vn -0.3555 -0.3634 0.8611
vn -0.5197 -0.1417 0.8425
vn 0.0394 -0.1104 0.9931
vn -0.7804 -0.0552 0.6228
vn -0.2210 -0.0947 0.9707
vn 0.3547 -0.2286 0.9066
vn -0.8814 0.0157 0.4722
vn -0.8667 -0.4648 0.1812
vn -0.9692 0.0316 -0.2443
vn -0.8559 0.4476 0.2592
vn -0.7340 0.2289 0.6394
vn -0.2522 0.2049 0.9457
vn -0.2831 0.4876 0.8259
vn -0.8636 0.3062 0.4004
vn 0.1185 0.2053 0.9715
vn 0.1022 0.5662 0.8179
vn 0.2363 0.7327 0.6382
vn 0.0946 0.8672 0.4889
vn -0.3698 0.6609 0.6530
vn -0.7696 0.5419 0.3377
vn -0.3624 0.9299 -0.0631
vn 0.3318 0.4028 0.8530
vn 0.0079 0.8643 0.5029
vn 0.1888 0.8891 0.4170
vn 0.7061 0.1883 0.6826
vn 0.8272 0.2127 0.5200
vn 0.4422 0.5369 0.7185
vn 0.5349 -0.3461 0.7708
vn 0.8056 0.0079 0.5924
vn 0.2196 0.4237 -0.8788
vn -0.2675 0.9362 -0.2281
vn -0.5744 0.5036 -0.6453
vn -0.6551 0.4026 -0.6393
vn -0.5099 0.4157 -0.7531
vn -0.5446 0.2605 -0.7972
vn 0.1968 0.1968 -0.9605
vn 0.1893 0.0868 -0.9781
vn -0.5348 0.2123 -0.8179
vn -0.3793 0.1738 -0.9088
vn -0.4809 0.0552 -0.8750
vn -0.5587 -0.0708 -0.8263
vn 0.2829 0.0235 -0.9589
vn -0.6123 -0.0942 -0.7850
vn -0.6390 0.1735 -0.7494
vn 0.5099 0.4157 -0.7531
vn 0.5744 0.5036 -0.6453
vn 0.2675 0.9362 -0.2281
vn 0.6552 0.4026 -0.6393
vn 0.5446 0.2605 -0.7972
vn 0.3793 0.1738 -0.9088
vn -0.3063 -0.0550 -0.9504
vn 0.4809 0.0552 -0.8750
vn 0.5587 -0.0708 -0.8263
vn -0.2829 0.0236 -0.9589
vn 0.6123 -0.0942 -0.7850
vn 0.6390 0.1736 -0.7494
vn 0.5665 0.5586 -0.6058
vn 0.1179 0.1415 0.9829
vn -0.8469 -0.1345 0.5144
vn -0.9223 0.1341 0.3626
vn 0.1334 -0.0706 0.9885
vn -0.8846 0.4107 0.2211
vn -0.7835 -0.1489 0.6033
vn 0.0865 0.1650 0.9825
vn -0.5194 0.6846 0.5115
vn 0.7319 0.0787 0.6768
vn -0.7972 0.1184 0.5920
vn -0.6940 0.4890 0.5284
vn 0.8469 -0.1346 0.5144
vn -0.2366 0.2523 0.9383
vn -0.1334 -0.0706 0.9885
vn 0.8846 0.4106 0.2211
vn -0.1342 -0.0947 0.9864
vn -0.3865 0.1656 0.9073
vn 0.7835 -0.1488 0.6033
vn 0.5136 0.6874 0.5135
vn -0.0865 0.1651 0.9825
vn 0.7972 0.1184 0.5920
vn 0.6940 0.4889 0.5284
vn -0.9679 -0.0865 0.2360
vn -0.9758 0.1338 0.1731
vn -0.0235 -0.0784 0.9966
vn -0.7625 0.5739 -0.2987
vn -0.9664 -0.1022 0.2357
vn -0.1415 0.2988 0.9437
vn -0.9513 0.1887 0.2437
vn -0.7891 0.5761 0.2130
vn -0.1730 0.6133 0.7706
vn 0.9758 0.1338 0.1731
vn 0.9679 -0.0866 0.2360
vn 0.0235 -0.0785 0.9966
vn 0.7625 0.5739 -0.2987
vn 0.9665 -0.1021 0.2357
vn 0.1338 0.2992 0.9448
vn 0.9513 0.1887 0.2437
vn -0.6062 0.4173 -0.6771
vn -0.7172 0.5044 -0.4808
vn 0.9369 0.2992 0.1811
vn 0.4570 0.7327 0.5042
vn 0.3393 0.1815 0.9230
vn -0.5127 0.3392 -0.7888
vn -0.7456 0.4553 -0.4866
vn -0.8582 0.3858 -0.3386
vn -0.9155 0.2683 -0.2999
vn 0.4887 -0.2759 0.8276
vn -0.6951 0.7031 0.1501
vn -0.7258 0.6863 0.0474
vn 0.9735 0.1963 0.1178
vn 0.7692 0.3846 -0.5102
vn -0.7357 0.6566 -0.1660
vn -0.8364 0.4734 -0.2762
vn -0.8582 0.3386 -0.3858
vn 0.5426 -0.5821 -0.6056
vn -0.4951 0.8645 0.0865
vn 0.7564 -0.2443 -0.6067
vn -0.0865 0.9751 0.2044
vn 0.6068 -0.3074 -0.7330
vn -0.3003 0.9406 0.1581
vn -0.0471 -0.1884 -0.9810
vn -0.4794 0.8725 0.0944
vn -0.6140 0.7556 0.2282
vn -0.1976 -0.7982 -0.5690
vn -0.6671 0.6827 0.2982
vn -0.4887 0.4729 -0.7331
vn -0.7745 0.5927 -0.2212
vn -0.5282 0.5597 -0.6386
vn -0.5737 0.4952 -0.6524
vn -0.2049 -0.2206 -0.9536
vn -0.4250 0.4329 -0.7950
vn -0.5805 0.4784 -0.6589
vn -0.5197 -0.2913 -0.8032
vn -0.7159 0.3854 -0.5822
vn -0.6957 0.2925 -0.6561
vn -0.1964 0.9743 0.1100
vn -0.7947 0.4485 -0.4091
vn -0.8385 0.2531 -0.4825
vn -0.2197 0.9730 0.0706
vn -0.7635 0.4644 -0.4487
vn -0.4032 0.1581 -0.9013
vn -0.0549 0.9885 -0.1412
vn -0.6515 0.3611 -0.6672
vn -0.3788 -0.5839 -0.7181
vn 0.0942 0.9338 -0.3452
vn -0.2366 -0.4812 -0.8441
vn -0.4877 0.3619 -0.7945
vn 0.4887 0.4729 -0.7331
vn -0.0392 0.0628 -0.9973
vn 0.7745 0.5927 -0.2212
vn 0.5282 0.5597 -0.6386
vn 0.5738 0.4952 -0.6524
vn 0.2049 -0.2206 -0.9536
vn 0.4250 0.4329 -0.7950
vn 0.3702 -0.2914 -0.8821
vn 0.5804 0.4785 -0.6589
vn 0.5197 -0.2913 -0.8031
vn 0.7159 0.3855 -0.5822
vn 0.6957 0.2925 -0.6561
vn 0.5578 0.2435 -0.7934
vn 0.7312 -0.3145 -0.6054
vn 0.1964 0.9743 0.1100
vn 0.7947 0.4485 -0.4091
vn 0.8385 0.2531 -0.4825
vn 0.2197 0.9730 0.0706
vn 0.7635 0.4644 -0.4487
vn 0.4033 0.1581 -0.9013
vn 0.0549 0.9885 -0.1412
vn 0.6515 0.3611 -0.6672
vn -0.0941 0.9338 -0.3453
vn -0.6990 0.4477 0.5577
vn -0.6845 0.3540 0.6373
vn -0.8857 -0.3322 0.3243
vn 0.5578 0.2436 -0.7935
vn -0.7166 0.6142 0.3307
vn -0.0941 0.9338 -0.3452
vn 0.0313 -0.7448 -0.6665
vn 0.0628 0.9969 0.0471
vn 0.0552 -0.8271 -0.5593
vn 0.7224 0.6674 0.1806
vn -0.0474 -0.6863 -0.7258
vn 0.2982 0.8868 -0.3531
vn 0.6628 0.7337 0.1499
vn -0.3394 -0.0553 -0.9390
vn 0.4978 0.8612 0.1027
vn 0.3610 0.9024 0.2354
vn -0.8217 -0.1897 -0.5374
vn 0.1887 0.9355 0.2987
vn 0.5350 0.8419 0.0708
vn -0.7389 -0.6368 -0.2201
vn 0.6983 0.5021 -0.5101
vn -0.7745 -0.4741 -0.4189
vn -0.9051 -0.2675 -0.3306
vn 0.1659 0.9002 -0.4027
vn 0.7223 0.5339 -0.4396
vn 0.6827 0.6670 -0.2982
vn -0.8515 0.1104 0.5125
vn 0.7493 0.6468 -0.1420
vn 0.0236 0.9492 0.3138
vn 0.7135 0.6978 0.0628
vn -0.1502 0.9163 -0.3713
vn 0.1807 0.7071 -0.6836
vn 0.6718 0.5690 -0.4742
vn -0.0315 0.3302 -0.9434
vn -0.7580 0.5132 -0.4027
vn -0.8164 0.2983 -0.4945
vn -0.7491 0.4100 -0.5204
vn -0.2832 0.7237 -0.6293
vn -0.7548 0.4639 -0.4638
vn 0.5846 0.7505 -0.3082
vn 0.0314 0.3302 -0.9434
vn 0.7580 0.5132 -0.4027
vn 0.8164 0.2983 -0.4946
vn 0.7490 0.4100 -0.5204
vn 0.7548 0.4639 -0.4638
vn -0.6451 0.6687 -0.3697
vn -0.8199 0.3547 -0.4494
vn -0.8364 0.5444 -0.0632
vn 0.3072 -0.9452 0.1102
vn -0.5669 0.4803 -0.6693
vn 0.3468 -0.9378 -0.0158
vn -0.1103 0.4413 -0.8905
vn 0.7892 -0.5525 -0.2683
vn -0.8131 0.5447 0.2053
vn 0.6699 -0.1183 0.7330
vn -0.3544 0.7719 -0.5277
vn -0.7265 0.6871 -0.0000
vn -0.3860 0.9061 -0.1733
vn 0.8511 -0.2285 0.4728
vn 0.6451 0.6687 -0.3698
vn 0.8364 0.5444 -0.0631
vn 0.8199 0.3547 -0.4494
vn 0.5669 0.4803 -0.6693
vn -0.3467 -0.9378 -0.0158
vn 0.8131 0.5447 0.2053
vn -0.6699 -0.1182 0.7329
vn 0.7266 0.6871 -0.0000
vn 0.1103 0.4413 -0.8905
vn -0.7892 -0.5524 -0.2683
vn 0.3544 0.7719 -0.5277
vn -0.9075 -0.1972 0.3709
vn 0.3860 0.9061 -0.1733
vn -0.8510 -0.2285 0.4728
vn -0.7312 -0.3144 -0.6054
vn -0.3941 -0.7881 0.4728
vn -0.9834 -0.1809 0.0157
vn -0.9634 -0.2606 0.0632
vn -0.2678 -0.7956 0.5435
vn -0.8188 -0.5196 -0.2441
vn 0.9834 -0.1809 0.0157
vn 0.9634 -0.2606 0.0632
vn 0.2363 -0.9531 0.1890
vn 0.8188 -0.5196 -0.2440
vn -0.2756 -0.3228 -0.9054
vn -0.8172 0.2671 -0.5108
vn -0.9075 0.1815 -0.3788
vn -0.3862 -0.3153 -0.8669
vn -0.5578 0.2435 -0.7934
vn -0.7547 0.4639 -0.4639
vn -0.7158 0.3855 -0.5822
vn -0.9314 -0.0789 -0.3552
vn -0.9195 -0.2358 -0.3144
vn -0.1337 -0.5111 -0.8491
vn -0.8921 -0.0395 -0.4500
vn -0.0710 0.1499 -0.9861
vn -0.7374 0.3452 -0.5806
vn 0.8172 0.2671 -0.5108
vn 0.7547 0.4639 -0.4639
vn 0.9075 0.1815 -0.3788
vn 0.9314 -0.0789 -0.3553
vn 0.9195 -0.2358 -0.3144
vn 0.8921 -0.0395 -0.4500
vn -0.3610 0.9024 0.2354
vn -0.1887 0.9355 0.2988
vn -0.5350 0.8419 0.0708
vn 0.7389 -0.6368 -0.2201
vn -0.7011 0.4963 -0.5121
vn 0.7744 -0.4742 -0.4189
vn 0.9051 -0.2675 -0.3306
vn -0.1659 0.9002 -0.4027
vn -0.7223 0.5339 -0.4396
vn 0.8643 0.4871 -0.1257
vn -0.6828 0.6670 -0.2982
vn 0.8516 0.1104 0.5125
vn -0.7494 0.6468 -0.1419
vn -0.0235 0.9492 0.3138
vn -0.7097 0.7017 0.0631
vn 0.1501 0.9163 -0.3712
vn -0.1807 0.7071 -0.6836
vn -0.6718 0.5690 -0.4742
vn -0.6879 0.6325 0.3559
vn -0.7744 0.5927 -0.2213
vn -0.2767 0.2608 0.9249
vn -0.3141 0.2670 0.9111
vn -0.6709 0.6709 0.3158
vn -0.7916 0.5225 0.3167
vn -0.1808 0.0472 0.9824
vn -0.1412 -0.1334 0.9810
vn -0.8631 0.3452 0.3687
vn -0.1418 -0.1576 0.9773
vn -0.8601 0.2920 0.4182
vn -0.8724 0.2908 0.3929
vn -0.1499 -0.0631 0.9867
vn -0.8808 0.3853 0.2753
vn -0.1653 0.0630 0.9842
vn -0.8088 0.4869 0.3298
vn -0.8822 0.4490 0.1417
vn -0.0313 -0.0706 0.9970
vn -0.2117 -0.2902 0.9333
vn 0.7745 0.5926 -0.2213
vn 0.2767 0.2608 0.9249
vn 0.3141 0.2670 0.9111
vn 0.6879 0.6325 0.3559
vn 0.6710 0.6709 0.3158
vn 0.2761 0.2683 0.9229
vn 0.7917 0.5225 0.3166
vn 0.1412 -0.1334 0.9809
vn 0.8631 0.3452 0.3687
vn 0.8601 0.2920 0.4182
vn 0.8724 0.2908 0.3929
vn 0.1499 -0.0631 0.9867
vn 0.8808 0.3853 0.2752
vn 0.1653 0.0630 0.9842
vn 0.8088 0.4868 0.3298
vn 0.8822 0.4490 0.1417
vn 0.0314 -0.0707 0.9970
vn 0.2122 -0.2830 0.9354
vn -0.5738 0.4952 -0.6524
vn -0.5750 0.5120 -0.6381
vn 0.0869 0.5850 -0.8064
vn 0.2198 0.3062 -0.9263
vn -0.6228 0.5124 -0.5913
vn -0.7164 0.4566 -0.5275
vn -0.6941 0.3865 -0.6073
vn -0.6835 0.4085 -0.6050
vn -0.2352 -0.2431 -0.9411
vn -0.6551 0.4025 -0.6394
vn -0.2748 -0.3299 -0.9031
vn -0.7026 0.3947 -0.5921
vn -0.2516 -0.4011 -0.8808
vn -0.8508 0.3387 -0.4018
vn -0.2595 -0.3383 -0.9046
vn -0.9654 0.0942 -0.2433
vn -0.2286 -0.2601 -0.9381
vn -0.9760 -0.1653 -0.1417
vn -0.8680 -0.4735 -0.1499
vn -0.1182 -0.2759 -0.9539
vn -0.0471 -0.0393 -0.9981
vn -0.7489 -0.3784 -0.5440
vn -0.8582 -0.0394 -0.5118
vn -0.1499 0.3549 -0.9228
vn -0.2443 0.6856 -0.6857
vn 0.5750 0.5120 -0.6381
vn 0.6228 0.5124 -0.5912
vn 0.7164 0.4566 -0.5275
vn 0.6941 0.3865 -0.6073
vn 0.6835 0.4085 -0.6050
vn 0.2352 -0.2431 -0.9410
vn 0.6551 0.4025 -0.6394
vn 0.2748 -0.3299 -0.9031
vn 0.7026 0.3947 -0.5921
vn 0.8508 0.3387 -0.4018
vn 0.9654 0.0942 -0.2433
vn 0.9760 -0.1653 -0.1417
vn 0.8680 -0.4734 -0.1499
vn 0.1182 -0.2759 -0.9539
vn 0.0550 -0.0392 -0.9977
vn 0.7489 -0.3784 -0.5440
vn 0.8582 -0.0394 -0.5118
vn 0.6062 0.4173 -0.6770
vn 0.7173 0.5044 -0.4808
vn -0.9369 0.2992 0.1811
vn -0.4570 0.7327 0.5043
vn -0.9892 0.1413 0.0392
vn -0.3392 0.1814 0.9230
vn 0.5126 0.3392 -0.7888
vn 0.7456 0.4552 -0.4866
vn 0.8582 0.3858 -0.3386
vn -0.2441 -0.0473 0.9686
vn 0.9155 0.2683 -0.2998
vn 0.6951 0.7030 0.1501
vn -0.9222 0.1340 0.3627
vn 0.7258 0.6863 0.0473
vn -0.7693 0.3846 -0.5102
vn 0.7357 0.6566 -0.1661
vn 0.8364 0.4735 -0.2762
vn 0.8582 0.3386 -0.3858
vn 0.4951 0.8645 0.0864
vn -0.6216 -0.6530 -0.4327
vn -0.7564 -0.2443 -0.6067
vn 0.0865 0.9751 0.2044
vn -0.6034 -0.3056 -0.7366
vn 0.3004 0.9406 0.1580
vn 0.3526 -0.8462 -0.3996
vn 0.3397 -0.9402 0.0237
vn 0.0707 -0.9654 0.2511
vn 0.3298 -0.7618 -0.5576
vn 0.6069 -0.3074 -0.7330
vn -0.0471 -0.1883 -0.9810
vn -0.1975 -0.7982 -0.5690
vn -0.2757 -0.8903 -0.3624
vn -0.0629 -0.9752 -0.2123
vn -0.2359 -0.9517 0.1966
vn -0.4251 -0.6928 0.5826
vn -0.2122 -0.8331 -0.5108
vn -0.3941 -0.9142 0.0946
vn -0.6613 -0.5827 0.4724
vn -0.4236 -0.7923 -0.4392
vn -0.9336 -0.3322 -0.1345
vn 0.0631 -0.4337 0.8989
vn 0.2608 0.0474 0.9642
vn -0.3526 -0.8462 -0.3996
vn -0.3398 -0.9402 0.0237
vn -0.3298 -0.7618 -0.5576
vn 0.0471 -0.1883 -0.9810
vn 0.1975 -0.7982 -0.5690
vn 0.2757 -0.8903 -0.3624
vn 0.0629 -0.9752 -0.2123
vn -0.0707 -0.9654 0.2511
vn 0.2359 -0.9517 0.1966
vn -0.0158 -0.8975 0.4408
vn 0.1893 -0.6703 0.7175
vn 0.4959 -0.6141 0.6140
vn 0.2203 -0.9205 0.3226
vn 0.4251 -0.6928 0.5826
vn -0.0631 -0.4337 0.8989
vn 0.4965 -0.4888 0.7173
vn -0.2682 0.0473 0.9622
vn 0.4258 0.1972 0.8831
vn 0.3941 -0.9142 0.0946
vn 0.6613 -0.5827 0.4724
vn 0.4236 -0.7923 -0.4392
vn 0.9336 -0.3322 -0.1345
vn -0.5734 0.6756 -0.4635
vn -0.1730 0.9667 -0.1886
vn -0.4964 0.8352 -0.2364
vn 0.1418 -0.4490 0.8822
vn -0.4700 0.7520 -0.4622
vn -0.3314 0.8206 -0.4656
vn -0.5510 0.7479 -0.3700
vn 0.3876 -0.5855 0.7120
vn -0.4647 0.6222 -0.6301
vn 0.7494 -0.6467 0.1420
vn 0.6661 -0.7444 -0.0471
vn -0.7057 0.6273 -0.3293
vn -0.7102 0.4736 -0.5209
vn -0.7247 0.2600 -0.6381
vn 0.3392 -0.8679 0.3629
vn -0.6718 0.4742 -0.5690
vn 0.0709 -0.7324 0.6772
vn 0.5734 0.6756 -0.4634
vn 0.4965 0.8352 -0.2364
vn 0.1729 0.9667 -0.1886
vn -0.8655 -0.4958 -0.0708
vn -0.7170 -0.3939 0.5751
vn 0.4700 0.7520 -0.4622
vn 0.3326 0.8236 -0.4594
vn 0.5511 0.7479 -0.3700
vn -0.3859 -0.5905 0.7088
vn 0.4646 0.6222 -0.6301
vn -0.6660 -0.7445 -0.0470
vn 0.7057 0.6273 -0.3293
vn 0.7103 0.4735 -0.5208
vn 0.6718 0.4742 -0.5690
vn -0.0708 -0.7323 0.6773
vn -0.3392 -0.8679 0.3629
vn 0.7247 0.2600 -0.6381
vn -0.0867 0.9849 -0.1498
vn -0.1577 -0.9458 0.2838
vn 0.0867 0.9849 -0.1498
vn 0.3456 -0.9351 0.0785
vn 0.1575 -0.9459 0.2838
vn -0.7088 0.7010 -0.0788
vn -0.6300 0.7166 -0.2993
vn -0.5431 0.6533 -0.5274
vn -0.3548 0.8199 -0.4494
vn 0.7860 -0.4087 0.4638
vn -0.6510 0.6981 -0.2981
vn 0.2444 -0.8593 0.4493
vn -0.3625 0.6935 -0.6226
vn 0.9110 -0.1256 0.3927
vn -0.4397 0.4632 -0.7695
vn -0.7185 0.4421 -0.5369
vn 0.2763 -0.8763 0.3947
vn -0.1573 0.3147 -0.9361
vn -0.3158 0.5604 -0.7657
vn -0.5518 0.4966 -0.6700
vn 0.7088 0.7010 -0.0788
vn 0.5431 0.6533 -0.5274
vn 0.6300 0.7166 -0.2993
vn -0.6913 -0.1492 0.7070
vn -0.2762 -0.5130 0.8128
vn 0.3548 0.8199 -0.4494
vn -0.7861 -0.4087 0.4637
vn 0.6510 0.6981 -0.2981
vn 0.0316 -0.8052 0.5921
vn -0.2443 -0.8593 0.4493
vn 0.3625 0.6935 -0.6226
vn -0.9111 -0.1257 0.3926
vn 0.4397 0.4633 -0.7694
vn 0.7185 0.4422 -0.5369
vn -0.2763 -0.8763 0.3947
vn 0.1574 0.3147 -0.9361
vn 0.3157 0.5604 -0.7657
vn 0.5518 0.4966 -0.6700
vn -0.6909 0.1099 -0.7145
vn -0.4963 0.7011 -0.5120
vn -0.7789 0.2518 -0.5744
vn 0.9632 0.2684 -0.0158
vn -0.8935 0.1977 -0.4033
vn 0.4632 0.4397 0.7695
vn -0.9508 0.1808 -0.2514
vn 0.3783 0.2522 0.8906
vn -0.6397 0.0631 -0.7660
vn 0.9994 0.0157 -0.0315
vn 0.9793 -0.1579 0.1263
vn -0.4796 0.3381 -0.8098
vn 0.5271 0.0236 0.8495
vn 0.5111 0.4640 0.7235
vn -0.8966 0.4247 -0.1258
vn 0.9276 0.3695 0.0551
vn -0.0943 0.4007 -0.9113
vn -0.8166 0.5576 0.1492
vn -0.6668 0.5962 -0.4472
vn -0.2841 0.3315 -0.8997
vn 0.3240 0.4821 0.8140
vn -0.4477 0.2828 -0.8483
vn -0.4969 0.1183 -0.8597
vn -0.2676 -0.3306 0.9050
vn -0.5027 0.0235 -0.8641
vn -0.3306 0.4409 -0.8344
vn 0.0472 -0.3858 0.9214
vn -0.1493 -0.2985 0.9427
vn -0.1259 0.8500 -0.5116
vn -0.6530 0.5114 -0.5586
vn -0.1728 0.8010 -0.5733
vn -0.7564 -0.5279 0.3862
vn -0.2442 0.7012 -0.6698
vn -0.1571 0.6284 -0.7619
vn -0.0863 0.6040 -0.7923
vn 0.6909 0.1099 -0.7145
vn 0.7761 0.2508 -0.5785
vn 0.5022 0.6983 -0.5100
vn -0.5582 0.8098 0.1809
vn -0.9632 0.2685 -0.0158
vn 0.8951 0.1963 -0.4004
vn -0.4632 0.4397 0.7695
vn 0.9509 0.1807 -0.2514
vn -0.3783 0.2522 0.8907
vn 0.6397 0.0632 -0.7661
vn -0.9994 0.0158 -0.0315
vn -0.9793 -0.1579 0.1264
vn 0.4796 0.3381 -0.8098
vn -0.5112 0.4640 0.7235
vn 0.8965 0.4247 -0.1259
vn -0.9303 0.3627 0.0552
vn 0.0943 0.4007 -0.9113
vn 0.8166 0.5576 0.1492
vn 0.6668 0.5962 -0.4472
vn 0.2841 0.3315 -0.8997
vn 0.3617 0.5976 0.7156
vn 0.4477 0.2827 -0.8483
vn 0.4969 0.1183 -0.8597
vn 0.2923 -0.1264 0.9479
vn 0.2676 -0.3306 0.9050
vn 0.5027 0.0236 -0.8641
vn 0.3307 0.4409 -0.8344
vn -0.0473 -0.3858 0.9214
vn 0.1493 -0.2985 0.9427
vn 0.1259 0.8500 -0.5115
vn 0.6530 0.5114 -0.5586
vn 0.1728 0.8010 -0.5732
vn 0.7564 -0.5280 0.3861
vn 0.2443 0.7013 -0.6697
vn 0.1571 0.6284 -0.7619
vn 0.0863 0.6040 -0.7923
vn -0.8385 0.2532 -0.4825
vn -0.8030 0.4094 -0.4330
vn -0.7665 0.3635 -0.5295
vn 0.1254 0.5877 -0.7993
vn 0.8030 0.4094 -0.4330
vn 0.7643 0.3704 -0.5279
vn -0.1417 0.2047 -0.9685
vn -0.0631 -0.9768 0.2048
vn -0.0078 0.4876 -0.8730
vn 0.3151 -0.9057 0.2835
vn -0.6153 0.7652 -0.1893
vn -0.1896 -0.9398 0.2843
vn -0.5751 0.7482 0.3308
vn -0.5430 0.8263 0.1495
vn -0.1580 -0.9873 0.0159
vn -0.6593 0.6044 -0.4473
vn -0.5204 0.8516 0.0631
vn -0.1815 -0.9706 -0.1578
vn -0.1815 -0.6631 -0.7262
vn -0.4717 0.8805 -0.0471
vn -0.3466 0.9375 -0.0315
vn 0.4644 -0.6456 -0.6062
vn -0.2201 0.9747 -0.0393
vn 0.5902 -0.5901 -0.5508
vn 0.6789 -0.7027 -0.2131
vn -0.6614 0.7480 -0.0552
vn -0.9795 0.1342 -0.1501
vn 0.6592 -0.4474 -0.6044
vn -0.5761 0.6234 -0.5287
vn -0.9583 0.2435 -0.1493
vn -0.8910 0.4257 -0.1577
vn -0.8553 0.5179 0.0157
vn 0.9345 0.3298 -0.1335
vn 0.1184 0.9790 -0.1658
vn -0.6706 0.7417 -0.0157
vn -0.2205 0.6064 -0.7640
vn -0.6590 0.2118 -0.7218
vn -0.9315 0.2762 -0.2368
vn 0.0078 0.4876 -0.8730
vn -0.3150 -0.9058 0.2834
vn 0.6153 0.7652 -0.1893
vn 0.1896 -0.9398 0.2843
vn 0.5750 0.7483 0.3308
vn 0.6593 0.6044 -0.4473
vn 0.5430 0.8263 0.1495
vn 0.1580 -0.9873 0.0158
vn 0.5204 0.8516 0.0631
vn 0.1815 -0.9706 -0.1578
vn 0.1815 -0.6631 -0.7262
vn 0.4717 0.8805 -0.0471
vn 0.3466 0.9375 -0.0315
vn 0.2201 0.9747 -0.0393
vn -0.5902 -0.5901 -0.5509
vn 0.6614 0.7480 -0.0552
vn 0.9795 0.1343 -0.1501
vn -0.6616 -0.4410 -0.6065
vn 0.5761 0.6234 -0.5287
vn 0.9584 0.2435 -0.1492
vn -0.6210 0.2122 -0.7545
vn 0.8910 0.4257 -0.1577
vn 0.8553 0.5179 0.0157
vn -0.9345 0.3299 -0.1335
vn -0.1184 0.9790 -0.1658
vn 0.6706 0.7417 -0.0157
vn 0.2205 0.6064 -0.7640
vn 0.6590 0.2118 -0.7217
vn 0.9315 0.2762 -0.2368
vn -0.4820 0.5531 -0.6795
vn -0.7585 -0.0711 -0.6478
vn -0.6549 0.3629 -0.6628
vn 0.0787 -0.4013 0.9126
vn 0.1498 -0.3942 0.9067
vn 0.1576 -0.8584 0.4882
vn -0.6695 0.6144 -0.4174
vn -0.5821 0.3383 -0.7394
vn 0.6440 -0.7304 0.2277
vn -0.3620 0.7792 -0.5116
vn -0.0866 0.8895 -0.4487
vn 0.7117 -0.0949 0.6960
vn -0.2292 0.7191 -0.6560
vn -0.2436 0.4400 -0.8643
vn 0.4820 0.5531 -0.6795
vn 0.6549 0.3630 -0.6628
vn 0.7585 -0.0711 -0.6478
vn -0.1575 -0.8584 0.4883
vn -0.1498 -0.3942 0.9067
vn 0.5821 0.3383 -0.7394
vn -0.6440 -0.7304 0.2277
vn 0.6695 0.6144 -0.4175
vn 0.3621 0.7792 -0.5116
vn 0.0866 0.8895 -0.4486
vn -0.7118 -0.0949 0.6960
vn -0.8809 -0.4405 0.1730
vn 0.2292 0.7192 -0.6559
vn 0.2361 0.4409 -0.8659
vn -0.6579 0.7205 0.2192
vn -0.3318 0.9401 0.0789
vn 0.0870 0.5850 -0.8064
vn -0.7996 0.4861 0.3527
vn -0.8669 0.2838 0.4098
vn -0.8453 0.2133 0.4898
vn -0.7364 0.4543 0.5013
vn 0.0314 0.1413 0.9895
vn -0.5214 0.6873 0.5056
vn 0.1176 0.4628 0.8786
vn -0.3629 0.2445 0.8992
vn 0.6579 0.7205 0.2192
vn 0.3318 0.9400 0.0790
vn -0.0870 0.5850 -0.8064
vn 0.7996 0.4860 0.3527
vn 0.8669 0.2837 0.4098
vn 0.8453 0.2133 0.4898
vn -0.0158 -0.1580 0.9873
vn 0.7363 0.4544 0.5014
vn -0.0314 0.1413 0.9895
vn 0.5214 0.6873 0.5057
vn -0.1176 0.4628 0.8786
vn -0.5754 0.7331 -0.3626
vn -0.5499 0.2357 -0.8013
vn -0.5837 0.5206 -0.6231
vn 0.4511 0.2295 0.8625
vn -0.7071 0.4243 -0.5657
vn 0.7845 0.0236 0.6197
vn -0.7001 0.3225 -0.6371
vn 0.1975 -0.3477 0.9166
vn -0.4570 0.4413 -0.7723
vn -0.7327 0.0630 -0.6776
vn 0.1971 -0.4257 0.8831
vn 0.1651 -0.6444 0.7466
vn -0.3140 0.3376 -0.8873
vn 0.9147 -0.1419 0.3785
vn -0.5117 -0.0393 -0.8583
vn -0.4250 0.0158 -0.9050
vn -0.3462 -0.1810 -0.9206
vn 0.6362 -0.4791 0.6047
vn 0.5754 0.7331 -0.3626
vn 0.5837 0.5206 -0.6231
vn 0.5499 0.2357 -0.8013
vn -0.4511 0.2295 0.8625
vn 0.7000 0.3225 -0.6371
vn -0.1975 -0.3476 0.9166
vn 0.7071 0.4243 -0.5657
vn -0.7845 0.0235 0.6197
vn 0.4570 0.4413 -0.7723
vn -0.8218 -0.0316 0.5689
vn 0.7327 0.0630 -0.6776
vn -0.1971 -0.4257 0.8831
vn -0.1650 -0.6444 0.7466
vn 0.3141 0.3377 -0.8873
vn -0.9147 -0.1420 0.3784
vn 0.5117 -0.0393 -0.8582
vn 0.4250 0.0157 -0.9051
vn 0.3462 -0.1810 -0.9205
vn -0.6361 -0.4792 0.6048
vn -0.8247 0.5027 -0.2592
vn -0.5193 0.6846 0.5115
vn -0.6845 0.7238 -0.0865
vn -0.6551 0.4026 -0.6394
vn 0.8222 0.5060 -0.2608
vn 0.8846 0.4107 0.2211
vn 0.5136 0.6874 0.5136
vn 0.6845 0.7238 -0.0865
vn -0.9699 0.1026 0.2208
vn -0.9663 0.0550 0.2514
vn -0.9898 0.0157 0.1414
vn -0.9973 -0.0628 0.0392
vn -0.3157 -0.3236 0.8919
vn -0.9752 -0.2202 -0.0236
vn -0.8984 -0.4334 -0.0709
vn -0.8192 -0.5514 -0.1576
vn -0.8408 -0.5265 -0.1258
vn -0.9754 -0.2203 -0.0000
vn -0.9612 0.2206 0.1655
vn -0.5203 0.1340 0.8434
vn 0.9699 0.1025 0.2208
vn 0.2602 -0.2839 0.9229
vn 0.9663 0.0550 0.2514
vn 0.9898 0.0157 0.1414
vn 0.9973 -0.0628 0.0392
vn 0.3157 -0.3236 0.8919
vn 0.9752 -0.2202 -0.0236
vn 0.8984 -0.4335 -0.0710
vn 0.3397 -0.4978 0.7980
vn 0.8192 -0.5514 -0.1576
vn 0.3067 -0.6449 0.7000
vn 0.8408 -0.5265 -0.1257
vn 0.3312 -0.5837 0.7414
vn 0.9754 -0.2203 -0.0000
vn 0.9612 0.2206 0.1654
vn -0.7414 0.0316 -0.6704
vn -0.7483 0.5750 -0.3308
vn 0.5990 -0.7960 0.0868
vn 0.9531 -0.2363 -0.1891
vn 0.1961 -0.7845 0.5883
vn -0.8411 0.2908 -0.4560
vn -0.8664 0.3938 -0.3072
vn 0.4720 -0.7396 0.4799
vn 0.4727 -0.6934 0.5437
vn -0.6678 0.5263 -0.5264
vn -0.5437 0.6934 -0.4728
vn -0.6322 0.7585 -0.1581
vn -0.8743 0.4726 -0.1103
vn -0.6693 0.7322 -0.1260
vn -0.5362 0.8437 0.0237
vn 0.7978 -0.2212 0.5608
vn 0.7414 0.0316 -0.6703
vn 0.7483 0.5750 -0.3308
vn -0.5990 -0.7960 0.0868
vn 0.8663 0.3938 -0.3072
vn -0.4720 -0.7395 0.4799
vn 0.8412 0.2908 -0.4559
vn -0.8999 -0.4342 0.0394
vn 0.8743 0.4726 -0.1103
vn 0.6693 0.7322 -0.1260
vn 0.5363 0.8437 0.0237
vn -0.7978 -0.2212 0.5609
vn -0.9932 -0.0552 0.1025
vn 0.6322 0.7586 -0.1580
vn 0.5437 0.6934 -0.4728
vn 0.6677 0.5264 -0.5263
vn -0.5442 0.0710 -0.8360
vn -0.7485 0.2285 -0.6225
vn -0.0629 0.1730 -0.9829
vn 0.6305 -0.6778 0.3783
vn 0.9773 -0.1576 0.1419
vn 0.8335 0.2281 0.5033
vn -0.7717 -0.0866 -0.6300
vn 0.5735 -0.6755 0.4634
vn -0.4972 0.3236 -0.8050
vn -0.6627 0.4970 -0.5602
vn -0.9163 0.1501 -0.3713
vn 0.3638 -0.7117 0.6010
vn 0.5113 -0.1730 0.8418
vn -0.9467 0.2762 -0.1657
vn -0.8651 0.3303 -0.3775
vn 0.5442 0.0709 -0.8360
vn 0.0629 0.1730 -0.9829
vn 0.7485 0.2285 -0.6225
vn -0.6305 -0.6778 0.3783
vn -0.9773 -0.1576 0.1419
vn -0.8335 0.2280 0.5032
vn 0.7718 -0.0866 -0.6300
vn -0.5734 -0.6755 0.4635
vn 0.4972 0.3236 -0.8050
vn 0.6598 0.4949 -0.5655
vn -0.6074 0.3234 0.7256
vn 0.9163 0.1501 -0.3713
vn -0.3637 -0.7117 0.6010
vn -0.5113 -0.1730 0.8418
vn 0.8651 0.3303 -0.3775
vn 0.9467 0.2762 -0.1657
vn -0.9470 -0.1499 -0.2841
vn -0.9129 -0.1338 -0.3856
vn -0.9045 0.1652 -0.3933
vn 0.0553 -0.0947 -0.9940
vn -0.0864 0.2120 -0.9735
vn -0.1179 0.5970 -0.7935
vn 0.9470 -0.1500 -0.2841
vn 0.9129 -0.1338 -0.3856
vn 0.9045 0.1652 -0.3933
vn -0.0553 -0.0947 -0.9940
vn 0.4659 -0.0315 -0.8843
vn 0.0864 0.2119 -0.9735
vn 0.1178 0.5970 -0.7935
vn -0.7917 0.5225 0.3167
vn -0.5751 0.5120 -0.6381
vn -0.5282 0.5597 -0.6385
vn -0.8630 0.3452 0.3688
vn -0.6710 0.6709 0.3157
vn -0.6879 0.6326 0.3558
vn -0.6835 0.4085 -0.6049
vn -0.8088 0.4869 0.3299
vn -0.8822 0.4490 0.1418
vn -0.6552 0.4026 -0.6393
vn -0.5745 0.5036 -0.6452
vn -0.9699 0.1025 0.2208
vn -0.5099 0.4158 -0.7531
vn -0.5202 0.0709 -0.8511
vn -0.8408 -0.5265 -0.1257
vn 0.7916 0.5225 0.3167
vn 0.5750 0.5121 -0.6381
vn 0.8631 0.3452 0.3688
vn 0.6228 0.5124 -0.5913
vn 0.6709 0.6709 0.3157
vn 0.8724 0.2908 0.3930
vn 0.4887 0.4730 -0.7331
vn 0.6879 0.6326 0.3558
vn 0.7744 0.5927 -0.2213
vn 0.8808 0.3853 0.2753
vn 0.6835 0.4085 -0.6049
vn 0.8088 0.4868 0.3299
vn 0.8822 0.4490 0.1418
vn 0.5745 0.5036 -0.6453
vn 0.9973 -0.0628 0.0393
vn 0.5348 0.2124 -0.8179
vn 0.8984 -0.4334 -0.0709
vn 0.5201 0.0709 -0.8511
vn 0.8192 -0.5514 -0.1575
vn 0.4342 -0.0395 -0.9000
vn 0.4242 0.0629 -0.9034
vn -0.4650 0.7330 -0.4965
vn -0.6677 0.5184 -0.5342
vn -0.1260 0.8500 -0.5116
vn -0.4242 0.6520 -0.6285
vn 0.5743 -0.2753 0.7710
vn -0.4977 0.5292 -0.6872
vn 0.7710 -0.6057 0.1966
vn -0.6131 0.6760 -0.4088
vn 0.5102 -0.3139 0.8007
vn -0.5667 0.3463 -0.7477
vn 0.7263 -0.6630 0.1815
vn -0.7452 0.5883 -0.3138
vn -0.8097 0.3695 -0.4560
vn 0.2841 -0.3711 0.8841
vn -0.7994 0.3056 -0.5173
vn -0.8743 0.1103 -0.4727
vn 0.4268 -0.7273 0.5375
vn 0.4650 0.7330 -0.4965
vn 0.1260 0.8499 -0.5116
vn 0.6677 0.5185 -0.5342
vn -0.8750 -0.1340 0.4652
vn 0.4956 0.5349 -0.6843
vn -0.7710 -0.6058 0.1966
vn 0.4263 0.6475 -0.6317
vn -0.5743 -0.2753 0.7710
vn 0.5667 0.3463 -0.7477
vn -0.7262 -0.6631 0.1815
vn 0.6132 0.6760 -0.4087
vn -0.5102 -0.3139 0.8007
vn 0.7994 0.3057 -0.5173
vn 0.7453 0.5883 -0.3138
vn 0.8097 0.3695 -0.4559
vn -0.2841 -0.3709 0.8841
vn 0.8743 0.1103 -0.4726
vn -0.4268 -0.7273 0.5375
vn 0.7566 0.6305 -0.1734
vn 0.6519 0.1728 -0.7383
vn 0.7822 0.1343 -0.6084
vn -0.2440 0.0551 0.9682
vn -0.7944 0.4561 0.4011
vn 0.8344 0.0078 -0.5511
vn 0.5761 0.1815 -0.7970
vn 0.8176 0.1416 -0.5581
vn -0.8277 0.1656 0.5362
vn 0.8215 -0.0395 -0.5688
vn -0.2366 -0.1342 0.9623
vn -0.4815 -0.2842 0.8291
vn 0.6453 0.3226 -0.6925
vn -0.3299 -0.1335 0.9345
vn 0.3234 0.7256 -0.6073
vn -0.1495 -0.1574 0.9761
vn 0.8832 0.4180 -0.2129
vn 0.3787 0.7180 -0.5840
vn 0.5040 0.5908 -0.6301
vn 0.4790 -0.3220 0.8167
vn 0.4954 0.4561 -0.7393
vn 0.4587 0.4349 -0.7749
vn 0.3948 0.3000 -0.8684
vn -0.1258 -0.9905 0.0550
vn 0.5677 0.7885 -0.2365
vn 0.0316 -0.8377 0.5453
vn 0.3313 0.8676 0.3708
vn 0.1264 -0.9479 0.2923
vn 0.8440 0.4812 -0.2367
vn 0.4019 0.8825 0.2443
vn 0.4156 0.9019 0.1176
vn 0.5200 -0.7407 -0.4255
vn 0.4245 0.9042 -0.0471
vn -0.1574 -0.8031 -0.5747
vn 0.2834 0.9527 -0.1102
vn -0.3059 -0.7607 -0.5725
vn 0.1964 0.9665 -0.1650
vn -0.2834 0.9526 -0.1102
vn 0.3058 -0.7607 -0.5725
vn 0.1574 -0.8030 -0.5747
vn -0.4245 0.9042 -0.0472
vn -0.8441 0.4812 -0.2367
vn -0.5200 -0.7407 -0.4254
vn -0.4156 0.9019 0.1177
vn -0.2359 -0.9590 0.1573
vn -0.1264 -0.9479 0.2923
vn -0.4018 0.8825 0.2443
vn -0.3313 0.8676 0.3708
vn -0.5677 0.7885 -0.2365
vn 0.3382 -0.9046 0.2596
vn -0.3948 0.3000 -0.8684
vn -0.8832 0.4180 -0.2129
vn -0.4586 0.4349 -0.7749
vn -0.4954 0.4562 -0.7392
vn -0.1804 -0.8314 0.5256
vn -0.5040 0.5907 -0.6301
vn -0.4790 -0.3220 0.8167
vn 0.1495 -0.1574 0.9761
vn -0.3788 0.7180 -0.5839
vn -0.3233 0.7256 -0.6074
vn 0.3299 -0.1335 0.9345
vn -0.6453 0.3226 -0.6925
vn -0.7566 0.6305 -0.1734
vn -0.9534 0.2285 0.1970
vn -0.3846 0.8241 0.4159
vn -0.2763 0.8763 -0.3947
vn -0.6768 0.6453 -0.3542
vn -0.9038 0.0550 -0.4244
vn -0.7338 0.5839 -0.3472
vn -0.5338 0.4397 -0.7223
vn -0.8243 0.3140 0.4710
vn -0.7741 0.5292 0.3475
vn 0.5117 0.3620 0.7792
vn 0.0553 0.3393 0.9390
vn -0.6240 0.7581 0.1895
vn 0.9768 0.0630 0.2049
vn -0.8278 0.1892 0.5282
vn -0.8005 0.4238 0.4238
vn 0.8243 0.3140 0.4710
vn 0.7741 0.5291 0.3475
vn -0.5116 0.3620 0.7792
vn 0.6239 0.7581 0.1895
vn -0.0552 0.3393 0.9391
vn 0.8278 0.1892 0.5282
vn 0.8005 0.4238 0.4238
vn -0.0315 0.5743 0.8181
vn 0.0237 0.8675 0.4969
vn 0.6905 0.6983 0.1884
vn -0.5586 0.4799 0.6766
vn -0.5699 0.1899 0.7995
vn -0.9654 0.0941 -0.2433
vn -0.8679 -0.4735 -0.1499
vn -0.7548 0.5190 -0.4011
vn -0.6845 0.7239 -0.0866
vn -0.6551 0.4025 -0.6393
vn -0.7206 -0.4621 0.5170
vn -0.0790 -0.2213 0.9720
vn -0.8563 -0.2278 0.4635
vn -0.1886 0.3850 0.9035
vn 0.9654 0.0941 -0.2433
vn 0.5699 0.1900 0.7994
vn 0.8679 -0.4735 -0.1500
vn 0.5586 0.4799 0.6765
vn 0.7206 -0.4621 0.5170
vn 0.6845 0.7238 -0.0866
vn 0.6551 0.4025 -0.6393
vn 0.8563 -0.2278 0.4635
vn 0.1886 0.3849 0.9035
vn -0.4250 0.4329 -0.7949
vn -0.3318 0.9400 0.0790
vn -0.5805 0.4785 -0.6589
vn -0.6579 0.7205 0.2193
vn -0.7159 0.3855 -0.5821
vn -0.7996 0.4860 0.3528
vn -0.8669 0.2837 0.4098
vn -0.7580 0.5132 -0.4026
vn -0.7364 0.4544 0.5013
vn -0.5847 0.7505 -0.3081
vn 0.5737 0.4952 -0.6524
vn 0.4250 0.4329 -0.7949
vn 0.5805 0.4785 -0.6589
vn 0.6579 0.7205 0.2193
vn 0.7159 0.3855 -0.5821
vn 0.7996 0.4860 0.3528
vn 0.7491 0.4100 -0.5204
vn 0.8164 0.2983 -0.4945
vn 0.7580 0.5132 -0.4026
vn 0.7363 0.4544 0.5013
vn 0.5215 0.6873 0.5056
vn -0.7312 -0.3145 -0.6053
vn -0.8031 0.4094 -0.4330
vn -0.7665 0.3635 -0.5294
vn 0.7311 -0.3145 -0.6054
vn 0.8031 0.4094 -0.4330
vn 0.9634 -0.2606 0.0631
vn 0.7643 0.3703 -0.5279
vn -0.7822 0.1343 -0.6084
vn -0.6519 0.1728 -0.7383
vn 0.0316 0.7107 0.7028
vn 0.7011 0.5042 0.5041
vn -0.8344 0.0078 -0.5511
vn -0.5761 0.1815 -0.7970
vn -0.8176 0.1416 -0.5582
vn 0.8277 0.1657 0.5361
vn -0.8215 -0.0394 -0.5688
vn 0.2366 -0.1341 0.9623
vn 0.4815 -0.2842 0.8291
vn -0.9771 0.2127 0.0079
vn 0.7887 0.5127 0.3391
vn -0.9829 0.1730 -0.0629
vn -0.9605 0.1968 -0.1968
vn -0.9603 0.0787 -0.2676
vn 0.8920 0.1500 -0.4263
vn -0.9249 0.0237 -0.3795
vn 0.8692 -0.1107 -0.4820
vn -0.8401 0.5025 0.2041
vn 0.9218 -0.2363 -0.3072
vn 0.8584 0.1575 -0.4882
vn -0.6628 0.6549 0.3630
vn -0.7710 0.5664 0.2911
vn 0.7970 0.0711 -0.5998
vn 0.2200 -0.0550 -0.9740
vn -0.8522 0.4814 0.2052
vn -0.8941 0.3639 0.2612
vn 0.3471 -0.6390 -0.6864
vn -0.9157 0.2842 0.2842
vn 0.3140 -0.7851 -0.5339
vn 0.4552 -0.8240 -0.3373
vn -0.5757 0.8122 0.0946
vn -0.1965 0.9665 -0.1650
vn -0.9758 0.1337 0.1731
vn -0.5587 -0.0709 -0.8263
vn -0.4809 0.0552 -0.8751
vn -0.9679 -0.0866 0.2361
vn -0.7625 0.5738 -0.2987
vn -0.5347 0.2123 -0.8179
vn -0.9664 -0.1021 0.2358
vn -0.5665 0.5586 -0.6058
vn -0.7891 0.5761 0.2131
vn 0.5587 -0.0709 -0.8263
vn 0.7625 0.5738 -0.2988
vn 0.9679 -0.0865 0.2361
vn 0.9664 -0.1022 0.2357
vn 0.6390 0.1735 -0.7494
vn 0.9513 0.1887 0.2438
vn 0.5756 0.8122 0.0946
vn -0.4551 -0.8240 -0.3374
vn 0.9157 0.2841 0.2842
vn -0.3140 -0.7851 -0.5339
vn -0.3471 -0.6390 -0.6864
vn 0.7338 0.5839 -0.3472
vn 0.8941 0.3640 0.2611
vn 0.8522 0.4813 0.2052
vn 0.7710 0.5664 0.2911
vn -0.7970 0.0710 -0.5998
vn -0.8583 0.1576 -0.4883
vn 0.6628 0.6550 0.3630
vn 0.8401 0.5025 0.2041
vn -0.9218 -0.2364 -0.3072
vn 0.9249 0.0237 -0.3794
vn -0.8920 0.1500 -0.4263
vn 0.6769 0.6453 -0.3541
vn 0.9603 0.0787 -0.2676
vn 0.9605 0.1967 -0.1969
vn 0.9829 0.1730 -0.0629
vn -0.7887 0.5127 0.3391
vn 0.9771 0.2127 0.0079
vn -0.7341 0.3946 0.5526
vn 0.5338 0.4396 -0.7223
vn 0.2763 0.8763 -0.3947
vn 0.9038 0.0550 -0.4244
vn 0.3846 0.8241 0.4159
vn 0.9534 0.2285 0.1970
vn -0.9470 -0.1499 -0.2840
vn -0.4658 -0.0316 -0.8843
vn -0.8469 -0.1346 0.5145
vn -0.7835 -0.1488 0.6033
vn -0.3547 -0.0947 -0.9302
vn -0.6845 0.7239 -0.0865
vn -0.9045 0.1651 -0.3933
vn 0.9470 -0.1499 -0.2841
vn 0.8469 -0.1345 0.5145
vn 0.7835 -0.1489 0.6033
vn 0.4658 -0.0316 -0.8843
vn 0.8846 0.4107 0.2212
vn 0.3547 -0.0946 -0.9302
vn 0.9045 0.1652 -0.3932
vn 0.6941 0.4890 0.5284
vn 0.8222 0.5060 -0.2609
vn 0.7549 0.5190 -0.4011
vn 0.6845 0.7239 -0.0865
vn -0.9314 -0.0790 -0.3552
vn -0.8172 0.2671 -0.5107
vn -0.6239 0.7582 0.1895
vn -0.7547 0.4638 -0.4639
vn -0.9196 -0.2358 -0.3144
vn 0.9315 -0.0789 -0.3552
vn 0.7741 0.5292 0.3475
vn 0.9196 -0.2358 -0.3144
vn 0.8171 0.2671 -0.5108
vn 0.7548 0.4638 -0.4639
vn 0.8922 -0.0395 -0.4500
vn 0.6905 0.6983 0.1883
vn -0.7206 -0.4621 0.5169
vn -0.8655 0.3462 -0.3619
vn 0.7206 -0.4621 0.5169
vn 0.8680 -0.4735 -0.1499
vt 0.904551 0.022750
vt 0.906618 0.045157
vt 0.902861 0.044693
vt 0.902861 0.071767
vt 0.906618 0.071300
vt 0.906618 0.097181
vt 0.902861 0.097688
vt 0.906618 0.119125
vt 0.902861 0.118953
vt 0.902861 0.128363
vt 0.906618 0.128141
vt 0.906618 0.137639
vt 0.902861 0.138145
vt 0.906618 0.146006
vt 0.902861 0.146006
vt 0.890063 0.218351
vt 0.890063 0.198144
vt 0.894016 0.217061
vt 0.890063 0.239034
vt 0.894016 0.196244
vt 0.894189 0.238485
vt 0.890063 0.173415
vt 0.894016 0.171497
vt 0.890063 0.149576
vt 0.894189 0.251791
vt 0.890063 0.252447
vt 0.894189 0.262828
vt 0.890063 0.263429
vt 0.894189 0.272841
vt 0.890063 0.272841
vt 0.941872 0.245266
vt 0.938182 0.236449
vt 0.941877 0.236449
vt 0.938182 0.245868
vt 0.941872 0.254542
vt 0.938182 0.254487
vt 0.941872 0.260509
vt 0.938182 0.260509
vt 0.929099 0.241145
vt 0.924854 0.247929
vt 0.924854 0.241056
vt 0.929062 0.247929
vt 0.924854 0.233610
vt 0.929099 0.233733
vt 0.924854 0.218345
vt 0.929099 0.218558
vt 0.929099 0.205273
vt 0.924854 0.204635
vt 0.924854 0.190951
vt 0.835445 0.356819
vt 0.835445 0.378426
vt 0.832397 0.378530
vt 0.830725 0.391994
vt 0.835445 0.401557
vt 0.830725 0.404181
vt 0.835445 0.417128
vt 0.830725 0.420610
vt 0.835445 0.434996
vt 0.830725 0.436253
vt 0.835445 0.450055
vt 0.830725 0.450037
vt 0.835445 0.459360
vt 0.830725 0.458567
vt 0.830725 0.468813
vt 0.835445 0.469330
vt 0.830725 0.475575
vt 0.835445 0.475575
vt 0.903442 0.399401
vt 0.906690 0.417579
vt 0.903405 0.425817
vt 0.906690 0.429020
vt 0.903405 0.440409
vt 0.906690 0.439467
vt 0.903405 0.452652
vt 0.906690 0.451933
vt 0.906690 0.459810
vt 0.903405 0.460918
vt 0.903405 0.468058
vt 0.906690 0.467009
vt 0.906690 0.475326
vt 0.903405 0.475326
vt 0.856384 0.045644
vt 0.856420 0.023173
vt 0.860756 0.044200
vt 0.860756 0.065801
vt 0.856384 0.066493
vt 0.860756 0.087162
vt 0.856384 0.088068
vt 0.856384 0.099695
vt 0.860756 0.105988
vt 0.856384 0.125326
vt 0.860756 0.126492
vt 0.856384 0.150907
vt 0.860756 0.150626
vt 0.856384 0.176612
vt 0.860756 0.176954
vt 0.860756 0.185487
vt 0.856384 0.185988
vt 0.856384 0.193393
vt 0.860756 0.192788
vt 0.856384 0.199307
vt 0.860756 0.199307
vt 0.902949 0.285684
vt 0.904976 0.263380
vt 0.907302 0.285684
vt 0.902949 0.303826
vt 0.907302 0.303247
vt 0.902949 0.326839
vt 0.907302 0.328045
vt 0.902949 0.350462
vt 0.907302 0.351774
vt 0.902949 0.376029
vt 0.907302 0.376663
vt 0.905097 0.389510
vt 0.972105 0.391188
vt 0.973782 0.393449
vt 0.971758 0.396033
vt 0.974057 0.398266
vt 0.969949 0.393756
vt 0.972216 0.401505
vt 0.969751 0.398107
vt 0.945219 0.443344
vt 0.940176 0.443466
vt 0.942487 0.435237
vt 0.925257 0.332050
vt 0.928331 0.322094
vt 0.928331 0.331640
vt 0.925257 0.322094
vt 0.928331 0.344163
vt 0.925257 0.344197
vt 0.928331 0.351840
vt 0.925257 0.351961
vt 0.928331 0.358920
vt 0.925257 0.358322
vt 0.928331 0.366017
vt 0.925257 0.366017
vt 0.984849 0.101563
vt 0.985378 0.104045
vt 0.983120 0.103085
vt 0.986657 0.100871
vt 0.987083 0.097083
vt 0.983719 0.096245
vt 0.981459 0.100711
vt 0.986604 0.092956
vt 0.980549 0.096437
vt 0.983014 0.091677
vt 0.985089 0.086530
vt 0.979892 0.088917
vt 0.987470 0.086841
vt 0.988802 0.092254
vt 0.981982 0.085619
vt 0.978026 0.091889
vt 0.978937 0.099040
vt 0.989488 0.086703
vt 0.990484 0.089832
vt 0.991494 0.086564
vt 0.990300 0.082794
vt 0.988574 0.080626
vt 0.986529 0.080335
vt 0.984388 0.082198
vt 0.983785 0.076293
vt 0.987318 0.075232
vt 0.982795 0.080709
vt 0.980149 0.082738
vt 0.980678 0.075447
vt 0.981627 0.071535
vt 0.984712 0.071686
vt 0.986676 0.071192
vt 0.983374 0.069197
vt 0.985383 0.068248
vt 0.978435 0.079631
vt 0.978957 0.072550
vt 0.978201 0.085867
vt 0.976356 0.084091
vt 0.976257 0.087833
vt 0.974825 0.081073
vt 0.974878 0.090308
vt 0.976379 0.075567
vt 0.977140 0.071700
vt 0.974308 0.077148
vt 0.974847 0.072621
vt 0.976121 0.095479
vt 0.974308 0.093811
vt 0.974622 0.098555
vt 0.976925 0.099875
vt 0.810081 0.051698
vt 0.802837 0.054260
vt 0.802837 0.024880
vt 0.810081 0.024880
vt 0.810081 0.077647
vt 0.802837 0.082721
vt 0.802837 0.110998
vt 0.810081 0.103744
vt 0.810081 0.128184
vt 0.802837 0.134859
vt 0.810081 0.168143
vt 0.802837 0.169631
vt 0.810081 0.203907
vt 0.802837 0.204083
vt 0.810081 0.239695
vt 0.802837 0.239384
vt 0.810081 0.267803
vt 0.802837 0.271181
vt 0.810081 0.301046
vt 0.802837 0.296957
vt 0.802837 0.326305
vt 0.810081 0.331110
vt 0.802837 0.349947
vt 0.810081 0.351629
vt 0.802837 0.378309
vt 0.810081 0.378059
vt 0.810081 0.401646
vt 0.802837 0.401400
vt 0.803669 0.425477
vt 0.860682 0.369576
vt 0.860682 0.396190
vt 0.856468 0.392110
vt 0.856517 0.401645
vt 0.860682 0.421509
vt 0.856517 0.420716
vt 0.860682 0.445446
vt 0.856517 0.446252
vt 0.860682 0.454083
vt 0.856517 0.455451
vt 0.860682 0.461378
vt 0.856517 0.462475
vt 0.860682 0.467732
vt 0.856517 0.467732
vt 0.957923 0.416799
vt 0.958067 0.412863
vt 0.959786 0.414329
vt 0.956157 0.414720
vt 0.959961 0.418267
vt 0.956162 0.419147
vt 0.958201 0.421596
vt 0.983865 0.419160
vt 0.983762 0.415114
vt 0.985287 0.416725
vt 0.985300 0.413013
vt 0.985944 0.420276
vt 0.987104 0.414618
vt 0.987106 0.417768
vt 0.866422 0.065008
vt 0.868702 0.022456
vt 0.870439 0.064801
vt 0.866422 0.094980
vt 0.870439 0.095064
vt 0.870439 0.122717
vt 0.866422 0.123454
vt 0.870439 0.149140
vt 0.866422 0.149121
vt 0.870439 0.171407
vt 0.866422 0.171031
vt 0.870439 0.180750
vt 0.866422 0.181187
vt 0.866422 0.191865
vt 0.870439 0.190854
vt 0.870439 0.200224
vt 0.866422 0.200224
vt 0.924672 0.058830
vt 0.928625 0.073068
vt 0.924609 0.073168
vt 0.928625 0.082218
vt 0.928625 0.058076
vt 0.924609 0.082286
vt 0.924672 0.040270
vt 0.928625 0.091348
vt 0.928625 0.040264
vt 0.924672 0.025465
vt 0.928625 0.025465
vt 0.924609 0.091752
vt 0.924609 0.098516
vt 0.928625 0.098516
vt 0.915011 0.324289
vt 0.917331 0.348358
vt 0.915011 0.348039
vt 0.915011 0.372587
vt 0.919303 0.374719
vt 0.918970 0.386389
vt 0.915011 0.384727
vt 0.921362 0.389223
vt 0.918415 0.397738
vt 0.915011 0.397230
vt 0.921362 0.398504
vt 0.918294 0.405412
vt 0.915011 0.404795
vt 0.915011 0.410909
vt 0.921362 0.405352
vt 0.918124 0.410909
vt 0.921362 0.410909
vt 0.942542 0.349987
vt 0.939863 0.343952
vt 0.942542 0.343952
vt 0.939863 0.350437
vt 0.942542 0.355630
vt 0.939863 0.355630
vt 0.972775 0.308736
vt 0.974190 0.312110
vt 0.972662 0.316911
vt 0.971044 0.311673
vt 0.969979 0.306957
vt 0.975275 0.307340
vt 0.969401 0.302688
vt 0.972666 0.300723
vt 0.975950 0.302908
vt 0.970350 0.296564
vt 0.975258 0.297947
vt 0.972706 0.293899
vt 0.844034 0.250737
vt 0.846654 0.230995
vt 0.846584 0.250917
vt 0.844034 0.230995
vt 0.844034 0.271413
vt 0.846584 0.271062
vt 0.844034 0.288446
vt 0.846584 0.288565
vt 0.844034 0.308065
vt 0.846584 0.308215
vt 0.844034 0.332263
vt 0.846584 0.332322
vt 0.844034 0.358250
vt 0.846584 0.358790
vt 0.844034 0.366588
vt 0.846584 0.367920
vt 0.844034 0.373786
vt 0.846584 0.374888
vt 0.844034 0.380237
vt 0.846584 0.380237
vt 0.983475 0.152405
vt 0.984161 0.150824
vt 0.984461 0.152452
vt 0.985245 0.151273
vt 0.983274 0.154133
vt 0.986027 0.152406
vt 0.984853 0.154352
vt 0.983544 0.156203
vt 0.986477 0.154349
vt 0.985376 0.156736
vt 0.984323 0.159224
vt 0.987005 0.157553
vt 0.987836 0.156272
vt 0.985978 0.159480
vt 0.987270 0.153112
vt 0.983189 0.159173
vt 0.982566 0.156430
vt 0.982140 0.159266
vt 0.981809 0.157468
vt 0.981245 0.159262
vt 0.981755 0.161064
vt 0.982567 0.162076
vt 0.983724 0.162363
vt 0.984705 0.161348
vt 0.956944 0.373338
vt 0.958513 0.373229
vt 0.958428 0.377732
vt 0.959819 0.373839
vt 0.960615 0.370009
vt 0.958456 0.368558
vt 0.956305 0.370467
vt 0.960113 0.365791
vt 0.956670 0.366421
vt 0.958545 0.364110
vt 0.986982 0.311549
vt 0.985106 0.316816
vt 0.985153 0.308433
vt 0.983438 0.311883
vt 0.982390 0.307678
vt 0.988065 0.307413
vt 0.981821 0.303317
vt 0.985186 0.300408
vt 0.988671 0.302847
vt 0.982662 0.298870
vt 0.987698 0.298299
vt 0.985266 0.295352
vt 0.964841 0.457965
vt 0.984461 0.431857
vt 0.984998 0.462962
vt 0.968493 0.431637
vt 0.975082 0.476445
vt 0.941471 0.200417
vt 0.937694 0.210932
vt 0.937749 0.200417
vt 0.941471 0.210950
vt 0.941471 0.221987
vt 0.937694 0.220732
vt 0.941471 0.227506
vt 0.937694 0.227506
vt 0.939299 0.316082
vt 0.942591 0.307535
vt 0.942591 0.316458
vt 0.939299 0.307535
vt 0.939299 0.325198
vt 0.942569 0.324797
vt 0.939299 0.330564
vt 0.942569 0.330564
vt 0.872188 0.383920
vt 0.866455 0.363915
vt 0.872188 0.363915
vt 0.866433 0.386526
vt 0.872188 0.404085
vt 0.866433 0.405512
vt 0.872188 0.426739
vt 0.866433 0.428125
vt 0.872188 0.448986
vt 0.866433 0.449858
vt 0.872188 0.473589
vt 0.866433 0.473589
vt 0.805510 0.467664
vt 0.809032 0.466847
vt 0.805510 0.474140
vt 0.809032 0.474140
vt 0.805475 0.460801
vt 0.809032 0.459603
vt 0.805475 0.446148
vt 0.809032 0.446045
vt 0.809032 0.433150
vt 0.805475 0.433150
vt 0.974641 0.418810
vt 0.972427 0.421401
vt 0.972510 0.416510
vt 0.970515 0.418684
vt 0.974380 0.414100
vt 0.970385 0.414288
vt 0.972416 0.412212
vt 0.972915 0.352446
vt 0.972921 0.345574
vt 0.974454 0.348002
vt 0.975568 0.343629
vt 0.971517 0.348754
vt 0.976214 0.339153
vt 0.970254 0.344126
vt 0.972854 0.338097
vt 0.975382 0.334752
vt 0.969539 0.339777
vt 0.973018 0.331801
vt 0.970444 0.334650
vt 0.985556 0.343355
vt 0.987032 0.344844
vt 0.985498 0.349666
vt 0.987840 0.341084
vt 0.984024 0.344433
vt 0.985676 0.337965
vt 0.987533 0.336994
vt 0.983306 0.340333
vt 0.985692 0.334169
vt 0.984000 0.336309
vt 0.940151 0.418836
vt 0.940150 0.415631
vt 0.941736 0.417522
vt 0.941595 0.414045
vt 0.941390 0.421256
vt 0.943292 0.415875
vt 0.943287 0.419662
vt 0.952207 0.077803
vt 0.952757 0.073543
vt 0.954115 0.076306
vt 0.954731 0.072283
vt 0.952640 0.081481
vt 0.956817 0.073047
vt 0.956162 0.079663
vt 0.953994 0.084371
vt 0.958703 0.076076
vt 0.956270 0.086622
vt 0.958026 0.083206
vt 0.960799 0.082023
vt 0.958187 0.090337
vt 0.962064 0.076233
vt 0.959531 0.072497
vt 0.959880 0.086799
vt 0.956427 0.092795
vt 0.954765 0.087701
vt 0.952966 0.090329
vt 0.962761 0.072604
vt 0.960995 0.069958
vt 0.963396 0.068885
vt 0.964868 0.072698
vt 0.965214 0.076816
vt 0.964403 0.080611
vt 0.962693 0.087133
vt 0.965348 0.086748
vt 0.966037 0.081006
vt 0.961041 0.092573
vt 0.964163 0.092760
vt 0.966464 0.092588
vt 0.967538 0.086761
vt 0.968145 0.082560
vt 0.968312 0.090581
vt 0.969543 0.086804
vt 0.961967 0.097354
vt 0.965132 0.097924
vt 0.958517 0.097168
vt 0.959586 0.101658
vt 0.956668 0.099993
vt 0.962698 0.101836
vt 0.964599 0.101769
vt 0.961309 0.104106
vt 0.963290 0.104714
vt 0.954073 0.096321
vt 0.954618 0.100505
vt 0.952207 0.094325
vt 0.952577 0.099046
vt 0.944458 0.025209
vt 0.935485 0.049979
vt 0.935485 0.025209
vt 0.944458 0.049478
vt 0.935485 0.073358
vt 0.944458 0.073358
vt 0.866951 0.235376
vt 0.872598 0.214212
vt 0.872598 0.236930
vt 0.866951 0.257967
vt 0.872598 0.257848
vt 0.872598 0.279772
vt 0.866951 0.280815
vt 0.872598 0.292772
vt 0.866951 0.301088
vt 0.872598 0.304324
vt 0.866951 0.317516
vt 0.872598 0.318308
vt 0.866951 0.334182
vt 0.872598 0.335187
vt 0.866951 0.342409
vt 0.872598 0.343461
vt 0.872598 0.350531
vt 0.866951 0.350531
vt 0.959103 0.317893
vt 0.959142 0.309160
vt 0.960666 0.313742
vt 0.957431 0.313412
vt 0.962005 0.308660
vt 0.956024 0.308011
vt 0.959111 0.299929
vt 0.962902 0.302981
vt 0.955267 0.302206
vt 0.962039 0.298315
vt 0.956428 0.297070
vt 0.959158 0.294007
vt 0.761629 0.311396
vt 0.767658 0.331610
vt 0.761629 0.332918
vt 0.761629 0.356240
vt 0.767658 0.355655
vt 0.761629 0.380548
vt 0.767658 0.380245
vt 0.767658 0.393730
vt 0.761629 0.403843
vt 0.767658 0.423341
vt 0.761629 0.424711
vt 0.767658 0.439066
vt 0.761629 0.439315
vt 0.767658 0.451935
vt 0.761629 0.452368
vt 0.767658 0.460488
vt 0.761629 0.461932
vt 0.767658 0.468250
vt 0.761629 0.470440
vt 0.767658 0.476918
vt 0.761629 0.476918
vt 0.958460 0.351357
vt 0.958539 0.344120
vt 0.960008 0.347179
vt 0.956984 0.347004
vt 0.961140 0.342987
vt 0.955847 0.342297
vt 0.958709 0.336792
vt 0.961868 0.338141
vt 0.955366 0.337537
vt 0.960955 0.333804
vt 0.956511 0.333227
vt 0.958601 0.331029
vt 0.939138 0.378139
vt 0.942978 0.370657
vt 0.942121 0.379875
vt 0.939138 0.368478
vt 0.767658 0.086607
vt 0.767658 0.113617
vt 0.761666 0.111898
vt 0.761666 0.086653
vt 0.761629 0.137088
vt 0.767658 0.055676
vt 0.767658 0.135187
vt 0.761666 0.053672
vt 0.767658 0.023876
vt 0.761666 0.023876
vt 0.767658 0.171705
vt 0.761629 0.173488
vt 0.761629 0.210348
vt 0.767658 0.209694
vt 0.761629 0.247056
vt 0.767658 0.249110
vt 0.761629 0.284424
vt 0.767658 0.287312
vt 0.767658 0.311694
vt 0.836710 0.099362
vt 0.830734 0.133824
vt 0.830860 0.098902
vt 0.836710 0.132918
vt 0.836710 0.064941
vt 0.836710 0.160825
vt 0.830860 0.063605
vt 0.836710 0.022734
vt 0.830860 0.022734
vt 0.830734 0.161261
vt 0.836710 0.190558
vt 0.830734 0.192204
vt 0.836710 0.219464
vt 0.830734 0.218803
vt 0.836710 0.241220
vt 0.830734 0.237947
vt 0.830734 0.262860
vt 0.836710 0.264424
vt 0.830734 0.285408
vt 0.836710 0.288089
vt 0.830734 0.308671
vt 0.836710 0.309738
vt 0.830734 0.323932
vt 0.836710 0.324634
vt 0.830734 0.336903
vt 0.836710 0.336307
vt 0.830734 0.346872
vt 0.836710 0.346872
vt 0.985539 0.372933
vt 0.985525 0.376062
vt 0.984490 0.373218
vt 0.986633 0.372943
vt 0.987129 0.370098
vt 0.985601 0.369232
vt 0.983956 0.370169
vt 0.986761 0.367740
vt 0.984447 0.367848
vt 0.985599 0.366454
vt 0.890028 0.362890
vt 0.890028 0.339083
vt 0.894107 0.340028
vt 0.893990 0.363213
vt 0.894107 0.311622
vt 0.893990 0.373358
vt 0.890028 0.310858
vt 0.890028 0.284064
vt 0.894107 0.284064
vt 0.890028 0.373195
vt 0.890028 0.384141
vt 0.893990 0.383658
vt 0.890028 0.392519
vt 0.893990 0.392519
vt 0.914797 0.246004
vt 0.918886 0.242668
vt 0.918886 0.257318
vt 0.918886 0.230344
vt 0.914753 0.256563
vt 0.918886 0.271902
vt 0.914753 0.271042
vt 0.918886 0.285368
vt 0.914753 0.284673
vt 0.918886 0.293795
vt 0.914753 0.294502
vt 0.918886 0.304666
vt 0.914753 0.303741
vt 0.914753 0.311085
vt 0.918886 0.311085
vt 0.969480 0.136573
vt 0.970852 0.130915
vt 0.970596 0.136333
vt 0.970721 0.137151
vt 0.969327 0.137253
vt 0.968428 0.135021
vt 0.971652 0.135014
vt 0.971885 0.135700
vt 0.968784 0.134672
vt 0.968605 0.132549
vt 0.968234 0.132652
vt 0.972358 0.133157
vt 0.972396 0.133773
vt 0.973383 0.135309
vt 0.968811 0.130220
vt 0.968545 0.130587
vt 0.967595 0.130648
vt 0.973463 0.134619
vt 0.974754 0.135727
vt 0.973265 0.129919
vt 0.974692 0.134981
vt 0.975987 0.134614
vt 0.975726 0.134233
vt 0.976281 0.131789
vt 0.975934 0.131865
vt 0.975940 0.129479
vt 0.975608 0.129880
vt 0.974705 0.128177
vt 0.974935 0.127627
vt 0.973691 0.127298
vt 0.974183 0.127262
vt 0.974824 0.126706
vt 0.974565 0.126185
vt 0.975863 0.125098
vt 0.973206 0.124391
vt 0.975507 0.124646
vt 0.976281 0.122427
vt 0.975899 0.122322
vt 0.975710 0.120197
vt 0.975999 0.119815
vt 0.974856 0.118698
vt 0.974746 0.119429
vt 0.973518 0.118948
vt 0.973598 0.119615
vt 0.972411 0.120907
vt 0.914660 0.065877
vt 0.914660 0.046079
vt 0.918098 0.065781
vt 0.918050 0.046055
vt 0.918050 0.025659
vt 0.914660 0.025659
vt 0.918098 0.086454
vt 0.914660 0.086163
vt 0.914660 0.098918
vt 0.918098 0.098239
vt 0.918098 0.108878
vt 0.914660 0.111002
vt 0.918098 0.118838
vt 0.914660 0.118838
vt 0.955452 0.150864
vt 0.955031 0.148660
vt 0.956537 0.149381
vt 0.953980 0.151206
vt 0.957597 0.151029
vt 0.953738 0.153507
vt 0.955850 0.153528
vt 0.958247 0.153795
vt 0.953964 0.156156
vt 0.956503 0.157233
vt 0.958495 0.158538
vt 0.955169 0.160561
vt 0.959908 0.156573
vt 0.959278 0.152302
vt 0.957035 0.161166
vt 0.953404 0.160321
vt 0.952774 0.156326
vt 0.956320 0.164793
vt 0.953948 0.164822
vt 0.952555 0.164340
vt 0.951806 0.160132
vt 0.951553 0.157641
vt 0.951286 0.162454
vt 0.950727 0.160087
vt 0.955606 0.167633
vt 0.953594 0.167828
vt 0.958185 0.163081
vt 0.957875 0.168152
vt 0.957264 0.170567
vt 0.955061 0.170225
vt 0.953743 0.170357
vt 0.956028 0.172401
vt 0.954628 0.172797
vt 0.959774 0.165636
vt 0.959142 0.170189
vt 0.959584 0.161197
vt 0.960994 0.162531
vt 0.960842 0.160098
vt 0.961960 0.164504
vt 0.961801 0.158534
vt 0.960801 0.167703
vt 0.960701 0.170726
vt 0.962314 0.167223
vt 0.961907 0.169957
vt 0.961250 0.154406
vt 0.962314 0.156485
vt 0.962215 0.153223
vt 0.960576 0.151818
vt 0.941403 0.394991
vt 0.941420 0.391385
vt 0.943119 0.393317
vt 0.939903 0.393241
vt 0.943192 0.396630
vt 0.939904 0.397301
vt 0.941806 0.398802
vt 0.985051 0.117902
vt 0.984078 0.117060
vt 0.984189 0.117643
vt 0.985024 0.122780
vt 0.985157 0.117293
vt 0.985819 0.119096
vt 0.986021 0.118600
vt 0.986296 0.120700
vt 0.986398 0.119812
vt 0.987072 0.119031
vt 0.987129 0.119665
vt 0.986962 0.123690
vt 0.988015 0.119372
vt 0.988083 0.118665
vt 0.989179 0.119420
vt 0.988916 0.119874
vt 0.989146 0.121877
vt 0.989496 0.121888
vt 0.989202 0.123934
vt 0.988882 0.123639
vt 0.988438 0.125413
vt 0.988228 0.124973
vt 0.987489 0.125989
vt 0.987844 0.125918
vt 0.988587 0.126600
vt 0.988332 0.127050
vt 0.986977 0.128035
vt 0.988959 0.128470
vt 0.989314 0.128187
vt 0.989143 0.130202
vt 0.989496 0.130343
vt 0.989060 0.132583
vt 0.988858 0.132106
vt 0.987873 0.132495
vt 0.987891 0.133185
vt 0.986865 0.132630
vt 0.986965 0.131970
vt 0.986314 0.131456
vt 0.986255 0.130858
vt 0.985054 0.128752
vt 0.985327 0.127495
vt 0.983976 0.125710
vt 0.986434 0.127044
vt 0.984666 0.125699
vt 0.986602 0.124315
vt 0.985247 0.123675
vt 0.972601 0.128807
vt 0.972686 0.125291
vt 0.970945 0.123305
vt 0.971168 0.129543
vt 0.969552 0.126713
vt 0.970379 0.126902
vt 0.971185 0.124817
vt 0.967766 0.129951
vt 0.966410 0.129032
vt 0.966688 0.128600
vt 0.965869 0.126725
vt 0.966215 0.126783
vt 0.966462 0.124425
vt 0.966726 0.124876
vt 0.967551 0.122931
vt 0.967745 0.123542
vt 0.968908 0.123286
vt 0.968402 0.122458
vt 0.968499 0.120829
vt 0.968814 0.121041
vt 0.969159 0.118540
vt 0.968885 0.118126
vt 0.970019 0.116853
vt 0.969943 0.116197
vt 0.971239 0.116711
vt 0.971082 0.117356
vt 0.972249 0.118320
vt 0.971977 0.118811
vt 0.972571 0.119951
vt 0.972375 0.376833
vt 0.972569 0.371962
vt 0.973751 0.373131
vt 0.971228 0.372781
vt 0.974344 0.369259
vt 0.970768 0.369144
vt 0.972612 0.368508
vt 0.973811 0.366940
vt 0.971425 0.366735
vt 0.972538 0.365686
vt 0.953047 0.136574
vt 0.953947 0.138883
vt 0.955210 0.132040
vt 0.953795 0.139658
vt 0.952634 0.136945
vt 0.955501 0.139204
vt 0.952307 0.134515
vt 0.955371 0.138485
vt 0.956394 0.136856
vt 0.956656 0.137455
vt 0.952708 0.134267
vt 0.952399 0.132432
vt 0.957098 0.134447
vt 0.957217 0.135218
vt 0.952864 0.131838
vt 0.951738 0.131606
vt 0.951465 0.132312
vt 0.958108 0.135745
vt 0.958021 0.136595
vt 0.958092 0.130505
vt 0.959327 0.136291
vt 0.959394 0.137119
vt 0.960792 0.135121
vt 0.961054 0.135418
vt 0.961355 0.132072
vt 0.961087 0.132133
vt 0.960621 0.130138
vt 0.960881 0.129794
vt 0.959733 0.128549
vt 0.959912 0.128185
vt 0.958635 0.127240
vt 0.959075 0.127265
vt 0.959980 0.126183
vt 0.959688 0.125674
vt 0.957809 0.124202
vt 0.960570 0.123620
vt 0.960966 0.123961
vt 0.961355 0.120998
vt 0.960876 0.121089
vt 0.960465 0.118632
vt 0.960791 0.118043
vt 0.959424 0.117137
vt 0.959394 0.117964
vt 0.957908 0.118630
vt 0.983365 0.400024
vt 0.983344 0.393928
vt 0.985368 0.396416
vt 0.985461 0.391784
vt 0.985913 0.401794
vt 0.987626 0.394018
vt 0.987764 0.398048
vt 0.957811 0.117778
vt 0.956680 0.120102
vt 0.956796 0.119075
vt 0.956375 0.117285
vt 0.956118 0.117906
vt 0.955038 0.115523
vt 0.955094 0.123022
vt 0.954904 0.116317
vt 0.953478 0.115280
vt 0.953632 0.116051
vt 0.971673 0.269622
vt 0.973581 0.267906
vt 0.973065 0.271760
vt 0.973912 0.267896
vt 0.973377 0.272095
vt 0.973216 0.264871
vt 0.971720 0.275377
vt 0.971721 0.276144
vt 0.970074 0.272125
vt 0.972946 0.265351
vt 0.970403 0.271788
vt 0.969939 0.267643
vt 0.969558 0.267549
vt 0.970311 0.264740
vt 0.970519 0.265295
vt 0.971740 0.264117
vt 0.971900 0.263369
vt 0.924687 0.131406
vt 0.927758 0.142125
vt 0.924687 0.141899
vt 0.924687 0.155305
vt 0.927749 0.130750
vt 0.924687 0.124130
vt 0.927749 0.109754
vt 0.927758 0.156144
vt 0.924687 0.163541
vt 0.927758 0.165001
vt 0.924687 0.170765
vt 0.927758 0.172313
vt 0.924687 0.179515
vt 0.927758 0.179515
vt 0.958052 0.395922
vt 0.958116 0.389769
vt 0.960326 0.392927
vt 0.955926 0.392156
vt 0.960585 0.398210
vt 0.955267 0.398735
vt 0.958200 0.402056
vt 0.974670 0.166781
vt 0.975811 0.168649
vt 0.974737 0.169241
vt 0.976117 0.166304
vt 0.973515 0.168896
vt 0.975717 0.163832
vt 0.973580 0.164634
vt 0.974816 0.162110
vt 0.972343 0.166998
vt 0.973741 0.161082
vt 0.972649 0.163111
vt 0.971152 0.164062
vt 0.972457 0.159665
vt 0.970625 0.166629
vt 0.971822 0.169395
vt 0.971628 0.161300
vt 0.973789 0.157581
vt 0.974740 0.160277
vt 0.975726 0.158465
vt 0.970122 0.169103
vt 0.970855 0.170991
vt 0.969683 0.171478
vt 0.968801 0.169601
vt 0.968513 0.167035
vt 0.969020 0.164437
vt 0.970147 0.161155
vt 0.968471 0.160773
vt 0.967637 0.164298
vt 0.971096 0.158004
vt 0.968958 0.157208
vt 0.967801 0.157348
vt 0.966616 0.158780
vt 0.967090 0.160814
vt 0.966559 0.162805
vt 0.966021 0.160714
vt 0.970495 0.155028
vt 0.968502 0.154800
vt 0.972314 0.155118
vt 0.968763 0.152625
vt 0.971816 0.152615
vt 0.973508 0.153183
vt 0.970771 0.151159
vt 0.969881 0.152649
vt 0.969571 0.150607
vt 0.974851 0.155660
vt 0.974783 0.153018
vt 0.976117 0.156395
vt 0.975917 0.153787
vt 0.878240 0.058891
vt 0.878240 0.038400
vt 0.883402 0.043346
vt 0.883402 0.020887
vt 0.883465 0.061592
vt 0.883465 0.080732
vt 0.878240 0.081496
vt 0.878240 0.100509
vt 0.883465 0.103374
vt 0.883465 0.121304
vt 0.878240 0.120479
vt 0.878240 0.145445
vt 0.883465 0.145848
vt 0.878240 0.172007
vt 0.883465 0.172269
vt 0.878240 0.180730
vt 0.883465 0.181900
vt 0.878240 0.187878
vt 0.883465 0.189096
vt 0.878240 0.194537
vt 0.883465 0.194537
vt 0.882608 0.430305
vt 0.878655 0.449930
vt 0.878655 0.430082
vt 0.882649 0.450092
vt 0.882608 0.406398
vt 0.882649 0.459287
vt 0.878655 0.407721
vt 0.878655 0.459429
vt 0.882608 0.381940
vt 0.882649 0.468733
vt 0.878655 0.381752
vt 0.882608 0.354274
vt 0.878655 0.354274
vt 0.878655 0.469539
vt 0.878655 0.477031
vt 0.882649 0.477031
vt 0.889589 0.449546
vt 0.889589 0.425971
vt 0.894153 0.448871
vt 0.894153 0.425720
vt 0.894153 0.406658
vt 0.889589 0.406658
vt 0.894149 0.457065
vt 0.889589 0.458435
vt 0.894149 0.463968
vt 0.889589 0.465118
vt 0.889589 0.470178
vt 0.894149 0.470178
vt 0.983362 0.132317
vt 0.983978 0.133763
vt 0.983081 0.132626
vt 0.983849 0.134426
vt 0.982863 0.130775
vt 0.985100 0.134228
vt 0.983184 0.130629
vt 0.983315 0.128792
vt 0.982919 0.129287
vt 0.984959 0.133566
vt 0.985941 0.133007
vt 0.985737 0.132435
vt 0.982455 0.128432
vt 0.982233 0.128968
vt 0.981744 0.127481
vt 0.981467 0.127895
vt 0.980923 0.125828
vt 0.981263 0.125825
vt 0.981692 0.124136
vt 0.981433 0.123741
vt 0.982401 0.123159
vt 0.982228 0.122569
vt 0.983425 0.122843
vt 0.982965 0.122130
vt 0.983047 0.120793
vt 0.983347 0.120963
vt 0.983302 0.118685
vt 0.983595 0.119030
vt 0.849859 0.051281
vt 0.841877 0.024100
vt 0.849859 0.024100
vt 0.841877 0.050008
vt 0.841877 0.077019
vt 0.849859 0.075267
vt 0.849859 0.090947
vt 0.841877 0.102831
vt 0.849859 0.120818
vt 0.841877 0.121409
vt 0.841877 0.143354
vt 0.849859 0.143148
vt 0.841877 0.166134
vt 0.849859 0.164368
vt 0.846476 0.188901
vt 0.849859 0.187205
vt 0.841877 0.190840
vt 0.849859 0.198939
vt 0.845716 0.201170
vt 0.841877 0.203186
vt 0.849859 0.210376
vt 0.846064 0.211485
vt 0.841877 0.211909
vt 0.849859 0.216892
vt 0.846147 0.217800
vt 0.841877 0.217450
vt 0.849859 0.222779
vt 0.841877 0.222779
vt 0.845938 0.222779
vt 0.790475 0.449706
vt 0.793498 0.460272
vt 0.790475 0.461991
vt 0.793498 0.467525
vt 0.793498 0.449690
vt 0.793498 0.437420
vt 0.790475 0.437420
vt 0.790475 0.468326
vt 0.793498 0.473275
vt 0.790475 0.473275
vt 0.952720 0.118380
vt 0.952358 0.117790
vt 0.952006 0.120487
vt 0.952488 0.120779
vt 0.952652 0.123273
vt 0.952007 0.122551
vt 0.951375 0.124030
vt 0.951085 0.123310
vt 0.949900 0.125422
vt 0.953578 0.127604
vt 0.950291 0.125785
vt 0.949397 0.128159
vt 0.949792 0.128080
vt 0.950253 0.130832
vt 0.950597 0.130344
vt 0.955578 0.130385
vt 0.957366 0.129525
vt 0.954730 0.127676
vt 0.955496 0.124772
vt 0.957288 0.125197
vt 0.915682 0.464021
vt 0.919675 0.471391
vt 0.915682 0.471391
vt 0.919722 0.464707
vt 0.915682 0.456983
vt 0.919722 0.456831
vt 0.915682 0.442818
vt 0.919722 0.441644
vt 0.915682 0.430404
vt 0.919722 0.420905
vt 0.983959 0.269416
vt 0.982391 0.268294
vt 0.982894 0.265866
vt 0.982049 0.268269
vt 0.982588 0.265531
vt 0.983944 0.263992
vt 0.982842 0.271301
vt 0.982545 0.271608
vt 0.983921 0.274225
vt 0.983906 0.274927
vt 0.983934 0.264690
vt 0.985340 0.265597
vt 0.984957 0.271636
vt 0.985227 0.271939
vt 0.985034 0.266052
vt 0.985516 0.268473
vt 0.985819 0.268460
vt 0.940866 0.160407
vt 0.938012 0.172995
vt 0.938012 0.160407
vt 0.940866 0.173736
vt 0.940866 0.183755
vt 0.938012 0.183938
vt 0.938012 0.189876
vt 0.940866 0.189876
vt 0.902979 0.211683
vt 0.907421 0.193168
vt 0.907421 0.211078
vt 0.902979 0.193716
vt 0.903006 0.226974
vt 0.902979 0.182457
vt 0.907421 0.174995
vt 0.902979 0.157919
vt 0.907421 0.226106
vt 0.907421 0.235990
vt 0.903006 0.236412
vt 0.903006 0.246322
vt 0.907421 0.244960
vt 0.903006 0.253970
vt 0.907421 0.253970
vt 0.774871 0.053559
vt 0.774871 0.024077
vt 0.781569 0.051109
vt 0.781569 0.024077
vt 0.774836 0.080995
vt 0.781569 0.083575
vt 0.774836 0.107114
vt 0.781569 0.107045
vt 0.781569 0.128594
vt 0.774836 0.128815
vt 0.781569 0.162107
vt 0.774836 0.162030
vt 0.781569 0.197072
vt 0.774836 0.197756
vt 0.781569 0.231296
vt 0.774836 0.233627
vt 0.781569 0.268202
vt 0.774836 0.268803
vt 0.774836 0.292984
vt 0.781569 0.292409
vt 0.781569 0.311178
vt 0.824392 0.020417
vt 0.824392 0.050750
vt 0.818298 0.045137
vt 0.818298 0.083448
vt 0.824392 0.084675
vt 0.824392 0.117028
vt 0.818298 0.117588
vt 0.824392 0.150296
vt 0.818298 0.150891
vt 0.818298 0.179231
vt 0.824392 0.180078
vt 0.818298 0.209422
vt 0.824392 0.210049
vt 0.818298 0.237122
vt 0.824392 0.235265
vt 0.818298 0.255718
vt 0.824392 0.256373
vt 0.818298 0.275973
vt 0.824392 0.276807
vt 0.818298 0.296400
vt 0.824392 0.296455
vt 0.824392 0.315754
vt 0.818298 0.316210
vt 0.818298 0.329914
vt 0.824392 0.330059
vt 0.824392 0.342187
vt 0.818298 0.341719
vt 0.824392 0.351621
vt 0.818298 0.351621
vt 0.984857 0.164169
vt 0.983237 0.164512
vt 0.985466 0.162034
vt 0.987034 0.161523
vt 0.984450 0.166373
vt 0.983500 0.166516
vt 0.984141 0.168078
vt 0.985107 0.167829
vt 0.986022 0.166637
vt 0.986452 0.164638
vt 0.987498 0.159594
vt 0.987811 0.162882
vt 0.988536 0.160377
vt 0.988546 0.158734
vt 0.989277 0.161669
vt 0.989268 0.157284
vt 0.987379 0.166107
vt 0.988601 0.164446
vt 0.989563 0.163520
vt 0.988338 0.166343
vt 0.989335 0.165787
vt 0.988660 0.154730
vt 0.989563 0.155417
vt 0.989316 0.153348
vt 0.988266 0.152751
vt 0.972296 0.237030
vt 0.972202 0.248226
vt 0.970633 0.244394
vt 0.970279 0.245021
vt 0.972200 0.249286
vt 0.974213 0.245068
vt 0.969571 0.239905
vt 0.969063 0.240267
vt 0.973836 0.244536
vt 0.975135 0.239663
vt 0.975591 0.239988
vt 0.969077 0.234892
vt 0.968612 0.234711
vt 0.969726 0.229823
vt 0.975599 0.234852
vt 0.976050 0.234662
vt 0.970150 0.230630
vt 0.972314 0.228087
vt 0.972495 0.227048
vt 0.974426 0.230497
vt 0.974865 0.229697
vt 0.958296 0.188257
vt 0.960930 0.191390
vt 0.958282 0.199674
vt 0.961416 0.190466
vt 0.958224 0.187195
vt 0.962185 0.196556
vt 0.962687 0.196383
vt 0.962007 0.202918
vt 0.955392 0.192524
vt 0.954852 0.191608
vt 0.953950 0.197155
vt 0.961475 0.202509
vt 0.960394 0.208859
vt 0.959913 0.208209
vt 0.954461 0.197282
vt 0.954758 0.203606
vt 0.958286 0.212262
vt 0.958304 0.213434
vt 0.956283 0.209229
vt 0.956774 0.208562
vt 0.955310 0.203152
vt 0.990141 0.048380
vt 0.985535 0.043931
vt 0.991459 0.044468
vt 0.992030 0.044535
vt 0.990527 0.049131
vt 0.990390 0.040714
vt 0.990921 0.040062
vt 0.988683 0.038465
vt 0.989150 0.037557
vt 0.988266 0.050035
vt 0.988552 0.051314
vt 0.987421 0.050992
vt 0.987121 0.037646
vt 0.987927 0.036715
vt 0.987764 0.033408
vt 0.986729 0.049762
vt 0.987464 0.053868
vt 0.987226 0.033732
vt 0.986913 0.053586
vt 0.983616 0.037926
vt 0.986694 0.029979
vt 0.987174 0.029265
vt 0.985713 0.025993
vt 0.985499 0.027036
vt 0.983678 0.027445
vt 0.983482 0.026417
vt 0.981631 0.028914
vt 0.981979 0.029644
vt 0.980867 0.033454
vt 0.980714 0.032445
vt 0.979124 0.029971
vt 0.978997 0.030968
vt 0.976984 0.029292
vt 0.979329 0.039062
vt 0.977044 0.030299
vt 0.974755 0.030803
vt 0.975157 0.031440
vt 0.974727 0.035718
vt 0.974237 0.035805
vt 0.975456 0.039459
vt 0.780625 0.461166
vt 0.777601 0.452098
vt 0.780625 0.452098
vt 0.777557 0.461006
vt 0.777557 0.469935
vt 0.780625 0.470477
vt 0.780625 0.475666
vt 0.777557 0.475666
vt 0.975001 0.039989
vt 0.976982 0.042246
vt 0.976647 0.042845
vt 0.977478 0.043616
vt 0.978148 0.043797
vt 0.976135 0.045423
vt 0.976486 0.046096
vt 0.975184 0.049039
vt 0.974692 0.048602
vt 0.979383 0.048478
vt 0.974750 0.052541
vt 0.974237 0.052580
vt 0.974886 0.057139
vt 0.975239 0.056500
vt 0.977074 0.057403
vt 0.977038 0.058270
vt 0.979082 0.056644
vt 0.979184 0.057542
vt 0.980749 0.055469
vt 0.980947 0.054197
vt 0.981625 0.057849
vt 0.981152 0.058489
vt 0.982701 0.061206
vt 0.983311 0.049979
vt 0.982951 0.060123
vt 0.985336 0.062189
vt 0.985161 0.061109
vt 0.986623 0.057677
vt 0.987109 0.058235
vt 0.983923 0.043844
vt 0.983045 0.040383
vt 0.982789 0.047434
vt 0.980354 0.046955
vt 0.980330 0.040727
vt 0.984404 0.236465
vt 0.984443 0.244874
vt 0.982891 0.240424
vt 0.982523 0.240862
vt 0.981776 0.236410
vt 0.984455 0.245747
vt 0.982191 0.236394
vt 0.982266 0.231761
vt 0.986034 0.240111
vt 0.986416 0.240541
vt 0.982653 0.232344
vt 0.984435 0.229540
vt 0.984418 0.228731
vt 0.986428 0.231133
vt 0.986024 0.231786
vt 0.986754 0.235660
vt 0.987136 0.235830
vt 0.894674 0.046713
vt 0.890451 0.067658
vt 0.890451 0.045256
vt 0.894674 0.023365
vt 0.890451 0.023365
vt 0.894674 0.068884
vt 0.890478 0.085706
vt 0.894674 0.087134
vt 0.890478 0.102625
vt 0.894674 0.103166
vt 0.890478 0.119882
vt 0.894674 0.121004
vt 0.890478 0.128554
vt 0.894674 0.129677
vt 0.890478 0.137228
vt 0.894674 0.137228
vt 0.958791 0.248196
vt 0.958723 0.236984
vt 0.960212 0.244904
vt 0.958746 0.249169
vt 0.956792 0.244700
vt 0.960637 0.245563
vt 0.957299 0.244024
vt 0.955540 0.239763
vt 0.961472 0.239834
vt 0.962004 0.240383
vt 0.956108 0.239423
vt 0.955016 0.234577
vt 0.962055 0.235510
vt 0.962670 0.235341
vt 0.961630 0.229613
vt 0.955542 0.234841
vt 0.956044 0.229614
vt 0.961286 0.230499
vt 0.956445 0.230413
vt 0.958753 0.227545
vt 0.958754 0.226457
vt 0.936474 0.126471
vt 0.942814 0.126709
vt 0.939316 0.150382
vt 0.936474 0.105167
vt 0.942814 0.100771
vt 0.936474 0.082334
vt 0.774836 0.311440
vt 0.781569 0.332772
vt 0.774836 0.332458
vt 0.781569 0.355319
vt 0.774836 0.354480
vt 0.774836 0.375118
vt 0.781569 0.374702
vt 0.774836 0.394826
vt 0.781569 0.394411
vt 0.774836 0.407418
vt 0.781569 0.407823
vt 0.774836 0.419877
vt 0.781569 0.419688
vt 0.774836 0.428845
vt 0.781569 0.427940
vt 0.774836 0.436696
vt 0.781569 0.435681
vt 0.774836 0.442792
vt 0.781569 0.442792
vt 0.971964 0.211473
vt 0.970084 0.206558
vt 0.971920 0.199667
vt 0.971947 0.212431
vt 0.974158 0.207627
vt 0.969632 0.207166
vt 0.973693 0.206985
vt 0.975360 0.202848
vt 0.968990 0.202011
vt 0.968448 0.202365
vt 0.967991 0.197075
vt 0.974849 0.202471
vt 0.975924 0.197804
vt 0.975394 0.197938
vt 0.974505 0.193334
vt 0.975020 0.192547
vt 0.968507 0.197259
vt 0.969121 0.191843
vt 0.969532 0.192704
vt 0.971962 0.189754
vt 0.972002 0.188800
vt 0.957258 0.272832
vt 0.958692 0.270027
vt 0.958703 0.276451
vt 0.956899 0.273268
vt 0.958720 0.277322
vt 0.960636 0.272813
vt 0.956491 0.268800
vt 0.956030 0.268713
vt 0.960285 0.272361
vt 0.960924 0.269260
vt 0.961321 0.269289
vt 0.960852 0.264609
vt 0.957112 0.264485
vt 0.956795 0.263907
vt 0.958694 0.261917
vt 0.958661 0.262758
vt 0.960552 0.265182
vt 0.925414 0.405152
vt 0.928691 0.395338
vt 0.928691 0.404569
vt 0.928691 0.414452
vt 0.925414 0.395325
vt 0.926872 0.374050
vt 0.925414 0.415228
vt 0.928691 0.422713
vt 0.925414 0.422713
vt 0.794871 0.105768
vt 0.788699 0.123770
vt 0.788699 0.096006
vt 0.788699 0.078431
vt 0.794871 0.126518
vt 0.794871 0.078663
vt 0.788699 0.156791
vt 0.788699 0.051357
vt 0.794871 0.051072
vt 0.792246 0.023300
vt 0.794871 0.158239
vt 0.788699 0.190417
vt 0.794871 0.191105
vt 0.788699 0.224746
vt 0.794871 0.224516
vt 0.788699 0.257032
vt 0.794871 0.258287
vt 0.794871 0.281165
vt 0.788699 0.284161
vt 0.788699 0.300889
vt 0.794871 0.300219
vt 0.788699 0.319828
vt 0.794871 0.319906
vt 0.788699 0.339573
vt 0.794871 0.341000
vt 0.794871 0.360482
vt 0.788699 0.361294
vt 0.788699 0.379377
vt 0.794871 0.379400
vt 0.794871 0.391454
vt 0.788699 0.390487
vt 0.794871 0.403312
vt 0.788699 0.403442
vt 0.794871 0.412034
vt 0.788699 0.411051
vt 0.794871 0.419689
vt 0.788699 0.417791
vt 0.788699 0.425708
vt 0.794871 0.425708
vt 0.982642 0.208420
vt 0.984267 0.200535
vt 0.984143 0.212819
vt 0.984142 0.213791
vt 0.986345 0.208831
vt 0.982165 0.209018
vt 0.985877 0.208187
vt 0.987666 0.203676
vt 0.981526 0.203316
vt 0.980976 0.203678
vt 0.987144 0.203261
vt 0.988238 0.198754
vt 0.981028 0.198623
vt 0.980488 0.198512
vt 0.981392 0.192886
vt 0.987735 0.198882
vt 0.986775 0.192935
vt 0.987090 0.192079
vt 0.981888 0.193711
vt 0.984437 0.189899
vt 0.984450 0.188901
vt 0.961577 0.036786
vt 0.965352 0.029427
vt 0.964166 0.026248
vt 0.964408 0.025363
vt 0.965809 0.028986
vt 0.961827 0.025334
vt 0.966225 0.033081
vt 0.961915 0.026422
vt 0.965687 0.033243
vt 0.965340 0.036738
vt 0.965965 0.036011
vt 0.960232 0.028630
vt 0.959917 0.027796
vt 0.958946 0.031408
vt 0.959038 0.032058
vt 0.957647 0.028973
vt 0.957504 0.030017
vt 0.955480 0.028080
vt 0.957565 0.038246
vt 0.955565 0.029069
vt 0.953391 0.030394
vt 0.952954 0.029656
vt 0.952241 0.034816
vt 0.952829 0.034732
vt 0.952913 0.038650
vt 0.953469 0.038015
vt 0.954664 0.040546
vt 0.954218 0.041489
vt 0.956533 0.042804
vt 0.955912 0.042816
vt 0.954525 0.044145
vt 0.954878 0.044876
vt 0.952817 0.047248
vt 0.957686 0.047336
vt 0.953321 0.047748
vt 0.952834 0.051604
vt 0.952241 0.051566
vt 0.952920 0.056457
vt 0.953292 0.055789
vt 0.955356 0.057870
vt 0.955401 0.056875
vt 0.957313 0.057100
vt 0.957190 0.056119
vt 0.958619 0.040277
vt 0.960925 0.039418
vt 0.962199 0.043126
vt 0.963758 0.043300
vt 0.958708 0.045633
vt 0.961471 0.049194
vt 0.960985 0.046799
vt 0.928065 0.277500
vt 0.925259 0.289054
vt 0.925211 0.277506
vt 0.928065 0.289019
vt 0.928065 0.265340
vt 0.928065 0.296705
vt 0.925211 0.265206
vt 0.928065 0.257665
vt 0.925211 0.257665
vt 0.925259 0.297410
vt 0.925259 0.305601
vt 0.928065 0.304922
vt 0.928065 0.311399
vt 0.925259 0.311399
vt 0.882582 0.272260
vt 0.882582 0.290331
vt 0.878520 0.272817
vt 0.878520 0.290610
vt 0.878520 0.253930
vt 0.878520 0.308105
vt 0.882582 0.254177
vt 0.882582 0.309115
vt 0.878520 0.233958
vt 0.882582 0.229968
vt 0.878520 0.208284
vt 0.878520 0.319770
vt 0.882582 0.320777
vt 0.882582 0.331704
vt 0.878520 0.331016
vt 0.878520 0.338789
vt 0.882582 0.338789
vt 0.856046 0.211778
vt 0.861528 0.241499
vt 0.856087 0.244877
vt 0.861528 0.265590
vt 0.856087 0.265829
vt 0.861528 0.287577
vt 0.856087 0.286436
vt 0.856087 0.302125
vt 0.861528 0.306746
vt 0.856087 0.322282
vt 0.861528 0.322245
vt 0.856087 0.338586
vt 0.861528 0.338797
vt 0.856087 0.346737
vt 0.861528 0.347200
vt 0.856087 0.354789
vt 0.861528 0.354789
vt 0.941996 0.268718
vt 0.938944 0.278455
vt 0.938944 0.268718
vt 0.941996 0.279982
vt 0.938944 0.289396
vt 0.941996 0.290252
vt 0.941996 0.296173
vt 0.938944 0.296173
vt 0.967315 0.037767
vt 0.967575 0.036940
vt 0.969270 0.039588
vt 0.968826 0.040227
vt 0.970116 0.043496
vt 0.969679 0.043378
vt 0.968525 0.047013
vt 0.968946 0.047752
vt 0.966945 0.049085
vt 0.967158 0.050028
vt 0.964947 0.049541
vt 0.965667 0.050460
vt 0.965623 0.054371
vt 0.965139 0.054070
vt 0.964489 0.058104
vt 0.964925 0.058710
vt 0.963301 0.061647
vt 0.963188 0.060767
vt 0.961305 0.059833
vt 0.961059 0.060904
vt 0.959732 0.057468
vt 0.959359 0.058151
vt 0.958763 0.055033
vt 0.958943 0.053854
vt 0.919007 0.173287
vt 0.914538 0.196150
vt 0.914538 0.172951
vt 0.919028 0.196307
vt 0.919007 0.151041
vt 0.914538 0.150995
vt 0.914538 0.133858
vt 0.919028 0.204955
vt 0.914538 0.204327
vt 0.914538 0.210799
vt 0.919028 0.211499
vt 0.914538 0.216502
vt 0.919028 0.216502
vt 0.824079 0.428682
vt 0.819545 0.448538
vt 0.819545 0.428085
vt 0.824079 0.448244
vt 0.824079 0.405509
vt 0.824079 0.457638
vt 0.819545 0.403122
vt 0.819545 0.458225
vt 0.824079 0.379691
vt 0.819545 0.379467
vt 0.821872 0.358516
vt 0.824079 0.467908
vt 0.819545 0.467595
vt 0.819545 0.475550
vt 0.824079 0.475550
vt 0.847713 0.431464
vt 0.847713 0.444894
vt 0.844012 0.432252
vt 0.844008 0.446326
vt 0.844012 0.416094
vt 0.847713 0.454301
vt 0.847713 0.416973
vt 0.847713 0.408078
vt 0.844012 0.397644
vt 0.844008 0.455431
vt 0.847713 0.463647
vt 0.844008 0.464327
vt 0.847713 0.471337
vt 0.844008 0.471337
vt 0.928875 0.451178
vt 0.925360 0.461769
vt 0.925360 0.450577
vt 0.927066 0.438386
vt 0.928875 0.463334
vt 0.925360 0.470938
vt 0.928875 0.470938
s 1
usemtl Handle1Mtl
f 1/1/1 2/2/2 3/3/3
f 2/2/2 4/4/4 3/3/3
f 4/4/4 2/2/2 5/5/5
f 6/6/6 4/4/4 5/5/5
f 6/6/6 7/7/7 4/4/4
f 8/8/8 7/7/7 6/6/6
f 7/7/7 8/8/8 9/9/9
f 8/8/8 10/10/10 9/9/9
f 10/10/10 8/8/8 11/11/11
f 12/12/12 10/10/10 11/11/11
f 10/10/10 12/12/12 13/13/13
f 13/13/13 12/12/12 14/14/14
f 14/14/14 15/15/15 13/13/13
f 16/1/16 17/3/17 18/2/18
f 19/4/19 18/2/18 17/3/17
f 18/2/18 19/4/19 20/5/20
f 21/6/21 20/5/20 19/4/19
f 21/6/21 19/4/19 22/7/22
f 22/7/22 23/8/23 21/6/21
f 23/8/23 22/7/22 24/9/24
f 25/10/25 23/8/23 24/9/24
f 23/8/23 25/10/25 26/11/26
f 25/10/25 27/12/27 26/11/26
f 27/12/27 25/10/25 28/13/28
f 27/12/27 28/13/28 29/14/29
f 28/13/28 30/15/30 29/14/29
f 31/16/31 32/17/32 33/18/33
f 33/18/33 34/19/34 31/16/31
f 35/20/35 33/18/33 32/17/32
f 34/19/34 33/18/33 36/21/36
f 37/22/37 35/20/35 32/17/32
f 35/20/35 37/22/37 38/23/38
f 39/24/1 38/23/38 37/22/37
f 40/25/39 34/19/34 36/21/36
f 34/19/34 40/25/39 41/26/40
f 41/26/40 40/25/39 42/27/41
f 42/27/41 43/28/42 41/26/40
f 44/29/43 43/28/42 42/27/41
f 43/28/42 44/29/43 45/30/44
f 46/17/45 47/16/46 48/18/47
f 49/19/48 48/18/47 47/16/46
f 48/18/47 50/20/49 46/17/45
f 48/18/47 49/19/48 51/21/50
f 50/20/49 52/22/51 46/17/45
f 52/22/51 50/20/49 53/23/52
f 54/24/16 52/22/51 53/23/52
f 49/19/48 55/25/53 51/21/50
f 55/25/53 49/19/48 56/26/54
f 55/25/53 56/26/54 57/27/55
f 56/26/54 58/28/56 57/27/55
f 58/28/56 59/29/57 57/27/55
f 59/29/57 58/28/56 60/30/58
f 61/31/59 62/32/60 63/33/61
f 62/32/60 61/31/59 64/34/62
f 65/35/63 64/34/62 61/31/59
f 64/34/62 65/35/63 66/36/64
f 67/37/65 66/36/64 65/35/63
f 66/36/64 67/37/65 68/38/66
f 69/34/67 70/31/68 71/32/69
f 71/32/69 70/31/68 72/33/70
f 69/34/67 73/35/71 70/31/68
f 69/34/67 74/36/72 73/35/71
f 74/36/72 75/37/73 73/35/71
f 75/37/73 74/36/72 76/38/74
f 77/39/75 78/40/76 79/41/77
f 78/40/76 77/39/75 80/42/78
f 81/43/79 77/39/75 79/41/77
f 77/39/75 81/43/79 82/44/80
f 83/45/81 82/44/80 81/43/79
f 82/44/80 83/45/81 84/46/82
f 83/45/81 85/47/83 84/46/82
f 85/47/83 83/45/81 86/48/84
f 85/47/83 86/48/84 87/49/85
f 88/39/86 89/40/87 90/42/88
f 89/40/87 88/39/86 91/41/89
f 88/39/86 92/43/90 91/41/89
f 92/43/90 88/39/86 93/44/91
f 93/44/91 94/45/92 92/43/90
f 94/45/92 93/44/91 95/46/93
f 96/47/94 94/45/92 95/46/93
f 97/48/95 94/45/92 96/47/94
f 96/47/94 98/49/96 97/48/95
f 99/50/97 100/51/98 101/52/99
f 100/51/98 102/53/85 101/52/99
f 102/53/85 100/51/98 103/54/100
f 103/54/100 104/55/101 102/53/85
f 103/54/100 105/56/102 104/55/101
f 105/56/102 106/57/103 104/55/101
f 105/56/102 107/58/104 106/57/103
f 108/59/105 106/57/103 107/58/104
f 107/58/104 109/60/106 108/59/105
f 110/61/107 108/59/105 109/60/106
f 111/62/108 110/61/107 109/60/106
f 110/61/107 111/62/108 112/63/109
f 111/62/108 113/64/110 112/63/109
f 113/64/110 111/62/108 114/65/111
f 114/65/111 115/66/112 113/64/110
f 115/66/112 114/65/111 116/67/113
f 117/50/114 118/52/115 119/51/116
f 120/53/96 119/51/116 118/52/115
f 119/51/116 120/53/96 121/54/117
f 121/54/117 120/53/96 122/55/118
f 123/56/119 121/54/117 122/55/118
f 122/55/118 124/57/120 123/56/119
f 125/58/121 123/56/119 124/57/120
f 124/57/120 126/59/122 125/58/121
f 126/59/122 127/60/123 125/58/121
f 126/59/122 128/61/124 127/60/123
f 128/61/124 129/62/125 127/60/123
f 129/62/125 128/61/124 130/63/126
f 131/64/127 129/62/125 130/63/126
f 129/62/125 131/64/127 132/65/128
f 133/66/129 132/65/128 131/64/127
f 132/65/128 133/66/129 134/67/130
f 135/68/131 136/69/132 137/70/133
f 137/70/133 136/69/132 138/71/134
f 138/71/134 139/72/135 137/70/133
f 139/72/135 138/71/134 140/73/136
f 141/74/137 139/72/135 140/73/136
f 141/74/137 140/73/136 142/75/138
f 141/74/137 142/75/138 143/76/139
f 144/77/140 141/74/137 143/76/139
f 143/76/139 145/78/141 144/77/140
f 145/78/141 143/76/139 146/79/142
f 147/80/143 145/78/141 146/79/142
f 145/78/141 147/80/143 148/81/144
f 149/68/145 150/70/146 151/69/147
f 150/70/146 152/71/148 151/69/147
f 153/72/149 152/71/148 150/70/146
f 152/71/148 153/72/149 154/73/150
f 155/74/151 154/73/150 153/72/149
f 154/73/150 155/74/151 156/75/152
f 157/76/153 156/75/152 155/74/151
f 157/76/153 155/74/151 158/77/154
f 159/78/155 157/76/153 158/77/154
f 157/76/153 159/78/155 160/79/156
f 159/78/155 161/80/157 160/79/156
f 161/80/157 159/78/155 162/81/158
f 163/82/159 164/83/160 165/84/161
f 166/85/162 163/82/159 165/84/161
f 163/82/159 166/85/162 167/86/163
f 168/87/164 167/86/163 166/85/162
f 167/86/163 168/87/164 169/88/165
f 168/87/164 170/89/166 169/88/165
f 171/90/167 170/89/166 168/87/164
f 171/90/167 172/91/168 170/89/166
f 172/91/168 171/90/167 173/92/169
f 173/92/169 174/93/170 172/91/168
f 174/93/170 173/92/169 175/94/171
f 175/94/171 176/95/172 174/93/170
f 176/95/172 175/94/171 177/96/173
f 178/97/174 176/95/172 177/96/173
f 178/97/174 179/98/175 176/95/172
f 178/97/174 180/99/176 179/98/175
f 180/99/176 178/97/174 181/100/177
f 181/100/177 182/101/178 180/99/176
f 182/101/178 181/100/177 183/102/179
f 184/82/180 185/84/181 186/83/182
f 185/84/181 184/82/180 187/85/183
f 187/85/183 184/82/180 188/86/184
f 188/86/184 189/87/185 187/85/183
f 189/87/185 188/86/184 190/88/186
f 189/87/185 190/88/186 191/89/187
f 192/90/188 189/87/185 191/89/187
f 193/91/189 192/90/188 191/89/187
f 192/90/188 193/91/189 194/92/190
f 195/93/191 194/92/190 193/91/189
f 194/92/190 195/93/191 196/94/192
f 197/95/193 196/94/192 195/93/191
f 196/94/192 197/95/193 198/96/194
f 198/96/194 197/95/193 199/97/195
f 197/95/193 200/98/196 199/97/195
f 201/99/197 199/97/195 200/98/196
f 199/97/195 201/99/197 202/100/198
f 203/101/199 202/100/198 201/99/197
f 202/100/198 203/101/199 204/102/200
f 205/103/201 206/104/202 207/105/203
f 207/105/203 208/106/204 205/103/201
f 208/106/204 207/105/203 209/107/205
f 209/107/205 210/108/206 208/106/204
f 209/107/205 211/109/207 210/108/206
f 211/109/207 212/110/208 210/108/206
f 212/110/208 211/109/207 213/111/209
f 213/111/209 214/112/210 212/110/208
f 214/112/210 213/111/209 215/113/211
f 214/112/210 215/113/211 216/114/212
f 217/103/213 218/105/214 219/104/215
f 220/106/216 218/105/214 217/103/213
f 218/105/214 220/106/216 221/107/217
f 222/108/218 221/107/217 220/106/216
f 221/107/217 222/108/218 223/109/219
f 224/110/220 223/109/219 222/108/218
f 223/109/219 224/110/220 225/111/221
f 226/112/222 225/111/221 224/110/220
f 225/111/221 226/112/222 227/113/223
f 226/112/222 228/114/70 227/113/223
f 229/115/179 230/116/224 231/117/225
f 231/117/225 230/116/224 232/118/226
f 229/115/179 231/117/225 233/119/227
f 234/120/228 231/117/225 232/118/226
f 231/117/225 235/121/229 233/119/227
f 234/120/228 235/121/229 231/117/225
f 236/115/200 237/117/230 238/116/231
f 237/117/230 239/118/232 238/116/231
f 236/115/200 240/119/233 237/117/230
f 241/120/234 239/118/232 237/117/230
f 237/117/230 240/119/233 242/121/235
f 241/120/234 237/117/230 242/121/235
f 243/122/236 244/123/132 245/124/237
f 246/122/238 247/124/239 248/123/147
f 249/125/136 250/126/240 251/127/241
f 250/126/240 249/125/136 252/128/242
f 253/129/243 249/125/136 251/127/241
f 249/125/136 253/129/243 254/130/244
f 254/130/244 253/129/243 255/131/245
f 256/132/139 254/130/244 255/131/245
f 257/133/246 256/132/139 255/131/245
f 256/132/139 257/133/246 258/134/142
f 259/135/247 258/134/142 257/133/246
f 258/134/142 259/135/247 260/136/143
f 261/125/248 262/126/249 263/128/148
f 262/126/249 261/125/248 264/127/250
f 261/125/248 265/129/251 264/127/250
f 265/129/251 261/125/248 266/130/152
f 267/131/252 265/129/251 266/130/152
f 266/130/152 268/132/153 267/131/252
f 268/132/153 269/133/253 267/131/252
f 269/133/253 268/132/153 270/134/156
f 270/134/156 271/135/254 269/133/253
f 271/135/254 270/134/156 272/136/157
f 273/137/255 274/138/256 275/139/257
f 276/140/258 274/138/256 273/137/255
f 273/137/255 277/141/259 276/140/258
f 275/139/257 278/142/260 273/137/255
f 277/141/259 273/137/255 278/142/260
f 278/142/260 275/139/257 279/143/261
f 280/144/262 277/141/259 278/142/260
f 278/142/260 279/143/261 281/145/263
f 282/146/264 280/144/262 278/142/260
f 282/146/264 278/142/260 281/145/263
f 283/147/265 280/144/262 282/146/264
f 284/148/266 282/146/264 281/145/263
f 283/147/265 285/149/267 280/144/262
f 285/149/267 286/150/268 280/144/262
f 282/146/264 287/151/269 283/147/265
f 284/148/266 287/151/269 282/146/264
f 284/148/266 281/145/263 288/152/270
f 288/152/270 281/145/263 289/153/271
f 286/150/268 285/149/267 290/154/272
f 286/150/268 290/154/272 291/155/273
f 290/154/272 292/156/274 291/155/273
f 293/157/275 292/156/274 290/154/272
f 290/154/272 294/158/276 293/157/275
f 294/158/276 290/154/272 285/149/267
f 294/158/276 285/149/267 295/159/277
f 283/147/265 295/159/277 285/149/267
f 295/159/277 283/147/265 296/160/278
f 287/151/269 296/160/278 283/147/265
f 297/161/279 295/159/277 296/160/278
f 297/161/279 298/162/280 295/159/277
f 287/151/269 299/163/281 296/160/278
f 297/161/279 296/160/278 299/163/281
f 300/164/282 299/163/281 287/151/269
f 300/164/282 287/151/269 284/148/266
f 301/165/283 297/161/279 299/163/281
f 301/165/283 299/163/281 300/164/282
f 297/161/279 301/165/283 302/166/284
f 298/162/280 297/161/279 303/167/285
f 297/161/279 302/166/284 303/167/285
f 298/162/280 303/167/285 304/168/286
f 303/167/285 302/166/284 305/169/287
f 303/167/285 306/170/288 304/168/286
f 305/169/287 306/170/288 303/167/285
f 300/164/282 307/171/289 301/165/283
f 307/171/289 308/172/290 301/165/283
f 300/164/282 284/148/266 309/173/291
f 300/164/282 309/173/291 307/171/289
f 284/148/266 288/152/270 309/173/291
f 309/173/291 310/174/292 307/171/289
f 288/152/270 311/175/293 309/173/291
f 307/171/289 310/174/292 312/176/294
f 311/175/293 288/152/270 313/177/295
f 308/172/290 307/171/289 314/178/296
f 312/176/294 314/178/296 307/171/289
f 308/172/290 314/178/296 315/179/297
f 314/178/296 312/176/294 316/180/298
f 314/178/296 317/181/299 315/179/297
f 316/180/298 317/181/299 314/178/296
f 318/182/300 313/177/295 288/152/270
f 313/177/295 318/182/300 319/183/301
f 289/153/271 318/182/300 288/152/270
f 318/182/300 320/184/302 319/183/301
f 318/182/300 289/153/271 321/185/303
f 321/185/303 320/184/302 318/182/300
f 322/137/304 323/139/305 324/138/306
f 325/140/307 322/137/304 324/138/306
f 326/141/308 322/137/304 325/140/307
f 327/142/309 323/139/305 322/137/304
f 322/137/304 326/141/308 327/142/309
f 323/139/305 327/142/309 328/143/310
f 329/144/311 327/142/309 326/141/308
f 327/142/309 330/145/312 328/143/310
f 331/146/313 327/142/309 329/144/311
f 331/146/313 330/145/312 327/142/309
f 332/147/314 331/146/313 329/144/311
f 333/148/315 330/145/312 331/146/313
f 332/147/314 329/144/311 334/149/316
f 334/149/316 329/144/311 335/150/317
f 331/146/313 332/147/314 336/151/318
f 333/148/315 331/146/313 336/151/318
f 333/148/315 337/152/319 330/145/312
f 337/152/319 338/153/320 330/145/312
f 339/154/321 334/149/316 335/150/317
f 340/155/322 339/154/321 335/150/317
f 339/154/321 340/155/322 341/156/323
f 342/157/324 339/154/321 341/156/323
f 343/158/325 339/154/321 342/157/324
f 339/154/321 343/158/325 334/149/316
f 343/158/325 344/159/326 334/149/316
f 344/159/326 332/147/314 334/149/316
f 332/147/314 344/159/326 345/160/327
f 336/151/318 332/147/314 345/160/327
f 344/159/326 346/161/328 345/160/327
f 346/161/328 344/159/326 347/162/329
f 336/151/318 345/160/327 348/163/330
f 346/161/328 348/163/330 345/160/327
f 349/164/331 336/151/318 348/163/330
f 349/164/331 333/148/315 336/151/318
f 350/165/332 348/163/330 346/161/328
f 350/165/332 349/164/331 348/163/330
f 346/161/328 351/166/333 350/165/332
f 349/164/331 350/165/332 352/171/334
f 351/166/333 346/161/328 353/167/335
f 346/161/328 347/162/329 353/167/335
f 351/166/333 353/167/335 354/169/336
f 353/167/335 347/162/329 355/168/337
f 354/169/336 353/167/335 356/170/338
f 353/167/335 355/168/337 356/170/338
f 352/171/334 350/165/332 357/172/339
f 349/164/331 358/173/340 333/148/315
f 349/164/331 352/171/334 358/173/340
f 333/148/315 358/173/340 337/152/319
f 358/173/340 352/171/334 359/174/341
f 337/152/319 358/173/340 360/175/342
f 352/171/334 361/176/343 359/174/341
f 360/175/342 362/177/344 337/152/319
f 363/178/345 361/176/343 352/171/334
f 363/178/345 352/171/334 357/172/339
f 361/176/343 363/178/345 364/180/346
f 365/179/347 363/178/345 357/172/339
f 364/180/346 363/178/345 366/181/348
f 363/178/345 365/179/347 366/181/348
f 337/152/319 362/177/344 367/182/349
f 367/182/349 362/177/344 368/183/350
f 367/182/349 338/153/320 337/152/319
f 367/182/349 368/183/350 369/184/351
f 338/153/320 367/182/349 370/185/352
f 370/185/352 367/182/349 369/184/351
f 371/186/353 372/187/354 373/188/355
f 371/186/353 373/188/355 374/189/356
f 375/190/202 372/187/354 371/186/353
f 375/190/202 376/191/357 372/187/354
f 375/190/202 377/192/358 376/191/357
f 377/192/358 375/190/202 378/193/359
f 378/193/359 379/194/360 377/192/358
f 380/195/361 377/192/358 379/194/360
f 381/196/362 380/195/361 379/194/360
f 380/195/361 381/196/362 382/197/363
f 383/198/364 382/197/363 381/196/362
f 382/197/363 383/198/364 384/199/365
f 385/200/366 384/199/365 383/198/364
f 384/199/365 385/200/366 386/201/367
f 387/202/368 386/201/367 385/200/366
f 388/203/369 386/201/367 387/202/368
f 388/203/369 387/202/368 389/204/370
f 390/205/160 388/203/369 389/204/370
f 391/206/1 390/205/160 389/204/370
f 389/204/370 392/207/371 391/206/1
f 392/207/371 393/208/38 391/206/1
f 393/208/38 392/207/371 394/209/372
f 394/209/372 395/210/373 393/208/38
f 394/209/372 396/211/374 395/210/373
f 397/212/375 395/210/373 396/211/374
f 397/212/375 398/213/33 395/210/373
f 398/213/33 397/212/375 399/214/376
f 400/189/377 401/188/378 402/186/379
f 401/188/378 403/187/380 402/186/379
f 402/186/379 403/187/380 404/190/215
f 403/187/380 405/191/381 404/190/215
f 406/192/382 404/190/215 405/191/381
f 404/190/215 406/192/382 407/193/383
f 406/192/382 408/194/384 407/193/383
f 408/194/384 406/192/382 409/195/385
f 409/195/385 410/196/386 408/194/384
f 410/196/386 409/195/385 411/197/387
f 411/197/387 412/198/388 410/196/386
f 412/198/388 411/197/387 413/199/389
f 413/199/389 414/200/390 412/198/388
f 414/200/390 413/199/389 415/201/391
f 415/201/391 416/202/392 414/200/390
f 415/201/391 417/203/393 416/202/392
f 417/203/393 418/204/394 416/202/392
f 419/205/182 418/204/394 417/203/393
f 419/205/182 420/206/16 418/204/394
f 420/206/16 421/207/395 418/204/394
f 422/208/396 421/207/395 420/206/16
f 421/207/395 422/208/396 423/209/397
f 424/210/398 423/209/397 422/208/396
f 423/209/397 424/210/398 425/211/399
f 426/212/400 425/211/399 424/210/398
f 426/212/400 424/210/398 427/213/47
f 427/213/47 428/214/401 426/212/400
f 429/215/402 430/216/403 431/217/132
f 431/217/132 430/216/403 432/218/237
f 430/216/403 433/219/404 432/218/237
f 432/218/237 433/219/404 434/220/405
f 433/219/404 435/221/172 434/220/405
f 436/222/406 434/220/405 435/221/172
f 437/223/407 436/222/406 435/221/172
f 436/222/406 437/223/407 438/224/408
f 437/223/407 439/225/409 438/224/408
f 439/225/409 440/226/410 438/224/408
f 439/225/409 441/227/411 440/226/410
f 441/227/411 442/228/229 440/226/410
f 443/215/145 444/217/147 445/216/412
f 444/217/147 446/218/239 445/216/412
f 447/219/191 445/216/412 446/218/239
f 446/218/239 448/220/413 447/219/191
f 448/220/413 449/221/193 447/219/191
f 448/220/413 450/222/414 449/221/193
f 450/222/414 451/223/415 449/221/193
f 452/224/416 451/223/415 450/222/414
f 452/224/416 453/225/417 451/223/415
f 452/224/416 454/226/418 453/225/417
f 454/226/418 455/227/419 453/225/417
f 454/226/418 456/228/235 455/227/419
f 457/229/420 458/230/421 459/231/422
f 460/232/423 458/230/421 457/229/420
f 457/229/420 459/231/422 461/233/424
f 460/232/423 457/229/420 462/234/65
f 461/233/424 463/235/425 457/229/420
f 457/229/420 463/235/425 462/234/65
f 464/229/426 465/231/427 466/230/428
f 464/229/426 467/233/429 465/231/427
f 468/232/430 464/229/426 466/230/428
f 467/233/429 464/229/426 469/235/431
f 468/232/430 470/234/432 464/229/426
f 464/229/426 470/234/432 469/235/431
f 471/236/433 472/237/434 473/238/435
f 474/239/436 473/238/435 472/237/434
f 471/236/433 473/238/435 475/240/437
f 476/241/438 473/238/435 474/239/436
f 475/240/437 473/238/435 477/242/439
f 477/242/439 473/238/435 476/241/438
f 478/236/440 479/238/441 480/237/442
f 481/239/443 480/237/442 479/238/441
f 478/236/440 482/240/444 479/238/441
f 483/241/445 481/239/443 479/238/441
f 482/240/444 484/242/446 479/238/441
f 484/242/446 483/241/445 479/238/441
f 485/243/447 486/244/160 487/245/448
f 488/246/449 485/243/447 487/245/448
f 487/245/448 489/247/450 488/246/449
f 489/247/450 490/248/451 488/246/449
f 488/246/449 490/248/451 491/249/452
f 490/248/451 492/250/7 491/249/452
f 493/251/453 491/249/452 492/250/7
f 494/252/454 493/251/453 492/250/7
f 493/251/453 494/252/454 495/253/455
f 496/254/456 495/253/455 494/252/454
f 497/255/457 495/253/455 496/254/456
f 496/254/456 498/256/458 497/255/457
f 498/256/458 496/254/456 499/257/13
f 500/258/15 498/256/458 499/257/13
f 498/256/458 500/258/15 501/259/459
f 502/243/460 503/245/461 504/244/182
f 503/245/461 502/243/460 505/246/462
f 506/247/17 503/245/461 505/246/462
f 505/246/462 507/248/463 506/247/17
f 507/248/463 505/246/462 508/249/464
f 508/249/464 509/250/22 507/248/463
f 509/250/22 508/249/464 510/251/465
f 510/251/465 511/252/24 509/250/22
f 511/252/24 510/251/465 512/253/466
f 513/254/467 511/252/24 512/253/466
f 512/253/466 514/255/468 513/254/467
f 515/256/469 513/254/467 514/255/468
f 513/254/467 515/256/469 516/257/470
f 516/257/470 515/256/469 517/258/30
f 515/256/469 518/259/471 517/258/30
f 519/260/472 520/261/473 521/262/474
f 522/263/475 521/262/474 520/261/473
f 520/261/473 519/260/472 523/264/476
f 521/262/474 522/263/475 524/265/477
f 525/266/478 523/264/476 519/260/472
f 524/265/477 522/263/475 526/267/479
f 525/266/478 527/268/480 523/264/476
f 528/269/481 527/268/480 525/266/478
f 527/268/480 528/269/481 529/270/482
f 530/271/111 524/265/477 526/267/479
f 526/267/479 531/272/483 530/271/111
f 531/272/483 526/267/479 532/273/484
f 533/261/485 534/264/486 535/260/487
f 534/264/486 536/266/488 535/260/487
f 533/261/485 535/260/487 537/262/489
f 534/264/486 538/268/490 536/266/488
f 538/268/490 539/269/491 536/266/488
f 539/269/491 538/268/490 540/270/492
f 537/262/489 541/263/493 533/261/485
f 541/263/493 537/262/489 542/265/125
f 543/267/494 541/263/493 542/265/125
f 542/265/125 544/271/128 543/267/494
f 545/272/495 543/267/494 544/271/128
f 543/267/494 545/272/495 546/273/496
f 547/274/206 548/275/497 549/276/498
f 548/275/497 550/277/481 549/276/498
f 550/277/481 548/275/497 551/278/210
f 551/278/210 552/279/499 550/277/481
f 550/277/481 552/279/499 553/280/500
f 551/278/210 554/281/61 552/279/499
f 553/280/500 552/279/499 555/282/501
f 552/279/499 554/281/61 555/282/501
f 553/280/500 555/282/501 556/283/502
f 554/281/61 557/284/503 555/282/501
f 555/282/501 558/285/504 556/283/502
f 557/284/503 558/285/504 555/282/501
f 556/283/502 558/285/504 559/286/505
f 559/286/505 558/285/504 560/287/506
f 558/285/504 557/284/503 561/288/507
f 560/287/506 558/285/504 562/289/439
f 561/288/507 562/289/439 558/285/504
f 562/289/439 561/288/507 563/290/508
f 564/274/218 565/276/509 566/275/220
f 567/277/491 566/275/220 565/276/509
f 566/275/220 567/277/491 568/278/510
f 567/277/491 569/279/511 568/278/510
f 568/278/510 569/279/511 570/281/70
f 569/279/511 567/277/491 571/280/512
f 572/282/513 570/281/70 569/279/511
f 572/282/513 569/279/511 571/280/512
f 572/282/513 573/284/69 570/281/70
f 572/282/513 571/280/512 574/283/514
f 575/285/515 573/284/69 572/282/513
f 574/283/514 575/285/515 572/282/513
f 575/285/515 574/283/514 576/286/516
f 577/287/517 575/285/515 576/286/516
f 573/284/69 575/285/515 578/288/518
f 575/285/515 577/287/517 579/289/519
f 579/289/519 578/288/518 575/285/515
f 578/288/518 579/289/519 580/290/520
f 581/291/521 582/292/522 583/293/523
f 582/292/522 581/291/521 584/294/507
f 584/294/507 581/291/521 585/295/524
f 584/294/507 585/295/524 586/296/525
f 587/291/526 588/292/527 589/294/518
f 588/292/527 587/291/526 590/293/528
f 591/295/529 587/291/526 589/294/518
f 592/296/520 591/295/529 589/294/518
f 593/297/530 594/298/531 595/299/532
f 593/297/530 595/299/532 596/300/533
f 593/297/530 596/300/533 597/301/534
f 598/302/535 594/298/531 593/297/530
f 599/303/536 593/297/530 597/301/534
f 600/304/537 598/302/535 593/297/530
f 593/297/530 599/303/536 600/304/537
f 598/302/535 600/304/537 601/305/538
f 600/304/537 599/303/536 602/306/539
f 600/304/537 603/307/540 601/305/538
f 602/306/539 604/308/541 600/304/537
f 604/308/541 603/307/540 600/304/537
f 605/297/542 606/299/543 607/298/544
f 605/297/542 608/300/545 606/299/543
f 605/297/542 609/301/546 608/300/545
f 610/302/547 605/297/542 607/298/544
f 605/297/542 611/303/548 609/301/546
f 605/297/542 610/302/547 612/304/549
f 612/304/549 611/303/548 605/297/542
f 613/305/550 612/304/549 610/302/547
f 612/304/549 614/306/551 611/303/548
f 612/304/549 613/305/550 615/307/552
f 614/306/551 612/304/549 616/308/553
f 616/308/553 612/304/549 615/307/552
f 617/309/162 618/310/554 619/311/555
f 618/310/554 617/309/162 620/312/556
f 621/313/164 617/309/162 619/311/555
f 621/313/164 619/311/555 622/314/557
f 623/315/167 621/313/164 622/314/557
f 623/315/167 622/314/557 624/316/558
f 625/317/559 623/315/167 624/316/558
f 624/316/558 626/318/560 625/317/559
f 626/318/560 627/319/171 625/317/559
f 627/319/171 626/318/560 628/320/561
f 628/320/561 629/321/173 627/319/171
f 629/321/173 628/320/561 630/322/562
f 630/322/562 631/323/563 629/321/173
f 631/323/563 630/322/562 632/324/564
f 632/324/564 633/325/177 631/323/563
f 633/325/177 632/324/564 634/326/565
f 634/326/565 635/327/179 633/325/177
f 635/327/179 634/326/565 636/328/566
f 637/310/567 638/309/183 639/311/568
f 638/309/183 637/310/567 640/312/569
f 641/313/570 639/311/568 638/309/183
f 639/311/568 641/313/570 642/314/571
f 643/315/188 642/314/571 641/313/570
f 642/314/571 643/315/188 644/316/572
f 643/315/188 645/317/573 644/316/572
f 644/316/572 645/317/573 646/318/574
f 647/319/575 646/318/574 645/317/573
f 646/318/574 647/319/575 648/320/576
f 649/321/194 648/320/576 647/319/575
f 648/320/576 649/321/194 650/322/577
f 651/323/195 650/322/577 649/321/194
f 650/322/577 651/323/195 652/324/578
f 653/325/198 652/324/578 651/323/195
f 652/324/578 653/325/198 654/326/579
f 655/327/200 654/326/579 653/325/198
f 654/326/579 655/327/200 656/328/580
f 657/329/581 658/330/582 659/331/583
f 659/331/583 658/330/582 660/332/584
f 659/331/583 661/333/585 657/329/581
f 662/334/586 659/331/583 660/332/584
f 659/331/583 663/335/587 661/333/585
f 662/334/586 663/335/587 659/331/583
f 663/335/587 664/336/588 661/333/585
f 665/337/589 663/335/587 662/334/586
f 666/338/590 664/336/588 663/335/587
f 663/335/587 665/337/589 666/338/590
f 667/339/591 664/336/588 666/338/590
f 666/338/590 665/337/589 668/340/592
f 668/340/592 665/337/589 669/341/593
f 670/342/594 666/338/590 668/340/592
f 670/342/594 667/339/591 666/338/590
f 671/343/595 669/341/593 665/337/589
f 672/344/596 664/336/588 667/339/591
f 672/344/596 673/345/597 664/336/588
f 673/345/597 672/344/596 674/346/598
f 673/345/597 674/346/598 675/347/599
f 674/346/598 676/348/600 675/347/599
f 677/349/601 676/348/600 674/346/598
f 674/346/598 678/350/602 677/349/601
f 678/350/602 674/346/598 672/344/596
f 678/350/602 672/344/596 679/351/603
f 672/344/596 667/339/591 679/351/603
f 679/351/603 667/339/591 680/352/604
f 680/352/604 667/339/591 670/342/594
f 681/329/605 682/331/606 683/330/607
f 682/331/606 684/332/608 683/330/607
f 681/329/605 685/333/609 682/331/606
f 684/332/608 682/331/606 686/334/610
f 685/333/609 687/335/611 682/331/606
f 682/331/606 687/335/611 686/334/610
f 687/335/611 685/333/609 688/336/612
f 689/337/613 686/334/610 687/335/611
f 690/338/614 687/335/611 688/336/612
f 687/335/611 690/338/614 689/337/613
f 690/338/614 691/340/615 689/337/613
f 691/340/615 692/341/616 689/337/613
f 693/343/617 689/337/613 692/341/616
f 694/342/618 691/340/615 690/338/614
f 695/339/619 690/338/614 688/336/612
f 694/342/618 690/338/614 695/339/619
f 696/344/620 695/339/619 688/336/612
f 696/344/620 688/336/612 697/345/621
f 698/346/622 696/344/620 697/345/621
f 698/346/622 697/345/621 699/347/623
f 698/346/622 699/347/623 700/348/624
f 701/349/625 698/346/622 700/348/624
f 702/350/626 698/346/622 701/349/625
f 698/346/622 702/350/626 696/344/620
f 702/350/626 703/351/627 696/344/620
f 696/344/620 703/351/627 695/339/619
f 703/351/627 704/352/628 695/339/619
f 704/352/628 694/342/618 695/339/619
f 705/353/629 706/354/630 707/355/631
f 707/355/631 706/354/630 708/356/632
f 706/354/630 709/357/633 708/356/632
f 705/353/629 710/358/634 706/354/630
f 709/357/633 706/354/630 710/358/634
f 710/358/634 705/353/629 711/359/635
f 710/358/634 712/360/636 709/357/633
f 713/361/637 710/358/634 711/359/635
f 714/362/638 712/360/636 710/358/634
f 710/358/634 713/361/637 714/362/638
f 715/353/639 716/355/640 717/354/641
f 716/355/640 718/356/642 717/354/641
f 719/357/643 717/354/641 718/356/642
f 720/358/644 715/353/639 717/354/641
f 717/354/641 719/357/643 720/358/644
f 715/353/639 720/358/644 721/359/645
f 720/358/644 719/357/643 722/360/646
f 723/361/647 721/359/645 720/358/644
f 724/362/648 720/358/644 722/360/646
f 720/358/644 724/362/648 723/361/647
f 725/363/649 726/364/650 727/365/651
f 727/365/651 726/364/650 728/366/652
f 727/365/651 728/366/652 729/367/653
f 727/365/651 730/368/654 725/363/649
f 727/365/651 729/367/653 731/369/655
f 727/365/651 732/370/656 730/368/654
f 732/370/656 727/365/651 731/369/655
f 730/368/654 732/370/656 733/371/657
f 734/372/658 732/370/656 731/369/655
f 732/370/656 735/373/659 733/371/657
f 732/370/656 734/372/658 736/374/660
f 736/374/660 735/373/659 732/370/656
f 737/363/661 738/365/662 739/364/663
f 738/365/662 740/366/664 739/364/663
f 738/365/662 741/367/665 740/366/664
f 738/365/662 737/363/661 742/368/666
f 738/365/662 743/369/667 741/367/665
f 742/368/666 744/370/668 738/365/662
f 738/365/662 744/370/668 743/369/667
f 745/371/669 744/370/668 742/368/666
f 746/372/670 743/369/667 744/370/668
f 744/370/668 745/371/669 747/373/671
f 744/370/668 748/374/672 746/372/670
f 748/374/672 744/370/668 747/373/671
f 749/375/673 750/376/674 751/377/673
f 750/376/674 749/375/673 752/378/674
f 751/377/673 753/379/675 749/375/673
f 754/375/676 755/376/677 756/378/677
f 755/376/677 754/375/676 757/377/676
f 757/377/676 754/375/676 758/379/678
f 759/380/679 760/381/680 761/382/61
f 762/383/681 760/381/680 759/380/679
f 760/381/680 762/383/681 763/384/682
f 764/385/63 760/381/680 763/384/682
f 764/385/63 763/384/682 765/386/423
f 766/387/65 764/385/63 765/386/423
f 767/388/683 768/389/522 769/390/62
f 768/389/522 767/388/683 770/391/684
f 771/392/685 767/388/683 769/390/62
f 769/390/62 772/393/686 771/392/685
f 772/393/686 773/394/687 771/392/685
f 773/394/687 772/393/686 774/395/688
f 775/380/223 776/382/70 777/381/68
f 778/383/689 775/380/223 777/381/68
f 779/384/690 778/383/689 777/381/68
f 779/384/690 777/381/68 780/385/71
f 781/386/430 779/384/690 780/385/71
f 780/385/71 782/387/432 781/386/430
f 783/388/691 784/389/527 785/391/692
f 784/389/527 783/388/691 786/390/693
f 783/388/691 787/392/694 786/390/693
f 787/392/694 788/393/72 786/390/693
f 789/394/695 788/393/72 787/392/694
f 788/393/72 789/394/695 790/395/74
f 791/396/696 792/397/202 793/398/697
f 792/397/202 791/396/696 794/399/698
f 795/400/699 794/399/698 791/396/696
f 794/399/698 795/400/699 796/401/700
f 797/402/701 796/401/700 795/400/699
f 796/401/700 797/402/701 798/403/702
f 797/402/701 799/404/703 798/403/702
f 798/403/702 799/404/703 800/405/209
f 799/404/703 801/406/704 800/405/209
f 801/406/704 802/407/679 800/405/209
f 803/396/705 804/397/706 805/399/707
f 804/397/706 803/396/705 806/398/697
f 805/399/707 807/400/708 803/396/705
f 808/401/709 807/400/708 805/399/707
f 808/401/709 809/402/710 807/400/708
f 809/402/710 808/401/709 810/403/711
f 810/403/711 811/404/712 809/402/710
f 811/404/712 810/403/711 812/405/713
f 813/406/714 811/404/712 812/405/713
f 812/405/713 814/407/223 813/406/714
f 815/408/715 816/409/716 817/410/717
f 817/410/717 816/409/716 818/411/718
f 819/412/719 816/409/716 815/408/715
f 816/409/716 819/412/719 820/413/720
f 821/414/82 820/413/720 819/412/719
f 820/413/720 821/414/82 822/415/721
f 821/414/82 823/416/722 822/415/721
f 823/416/722 821/414/82 824/417/83
f 825/409/723 826/410/88 827/411/724
f 826/410/88 825/409/723 828/408/725
f 825/409/723 829/412/726 828/408/725
f 829/412/726 825/409/723 830/413/727
f 829/412/726 830/413/727 831/414/93
f 830/413/727 832/415/728 831/414/93
f 833/416/729 831/414/93 832/415/728
f 831/414/93 833/416/729 834/417/94
f 835/418/730 836/419/731 837/420/732
f 837/420/732 836/419/731 838/421/733
f 835/418/730 837/420/732 839/422/459
f 840/423/734 837/420/732 838/421/733
f 837/420/732 841/424/735 839/422/459
f 840/423/734 841/424/735 837/420/732
f 842/418/736 843/420/737 844/419/738
f 843/420/737 845/421/739 844/419/738
f 842/418/736 846/422/471 843/420/737
f 847/423/740 845/421/739 843/420/737
f 843/420/737 846/422/471 848/424/741
f 847/423/740 843/420/737 848/424/741
f 849/425/742 850/426/743 851/427/744
f 851/427/744 850/426/743 852/428/745
f 853/429/746 850/426/743 849/425/742
f 850/426/743 854/430/747 852/428/745
f 850/426/743 853/429/746 855/431/748
f 854/430/747 850/426/743 856/432/749
f 855/431/748 856/432/749 850/426/743
f 854/430/747 856/432/749 857/433/750
f 856/432/749 855/431/748 858/434/751
f 859/435/752 857/433/750 856/432/749
f 860/436/753 856/432/749 858/434/751
f 860/436/753 859/435/752 856/432/749
f 861/425/754 862/427/755 863/426/756
f 862/427/755 864/428/757 863/426/756
f 865/429/758 861/425/754 863/426/756
f 866/430/759 863/426/756 864/428/757
f 863/426/756 867/431/760 865/429/758
f 863/426/756 866/430/759 868/432/761
f 868/432/761 867/431/760 863/426/756
f 866/430/759 869/433/762 868/432/761
f 867/431/760 868/432/761 870/434/763
f 871/435/764 868/432/761 869/433/762
f 872/436/765 870/434/763 868/432/761
f 872/436/765 868/432/761 871/435/764
f 873/437/766 874/438/767 875/439/768
f 873/437/766 876/440/769 874/438/767
f 873/437/766 875/439/768 877/441/770
f 876/440/769 873/437/766 878/442/771
f 878/442/771 873/437/766 877/441/770
f 876/440/769 878/442/771 879/443/772
f 880/444/773 878/442/771 877/441/770
f 881/445/774 879/443/772 878/442/771
f 878/442/771 880/444/773 882/446/775
f 882/446/775 881/445/774 878/442/771
f 883/437/776 884/439/777 885/438/778
f 883/437/776 886/441/779 884/439/777
f 887/440/780 883/437/776 885/438/778
f 888/442/781 886/441/779 883/437/776
f 883/437/776 887/440/780 888/442/781
f 886/441/779 888/442/781 889/444/782
f 887/440/780 890/443/783 888/442/781
f 888/442/781 891/446/784 889/444/782
f 892/445/785 888/442/781 890/443/783
f 891/446/784 888/442/781 892/445/785
f 893/447/786 894/448/143 895/449/787
f 896/450/247 895/449/787 894/448/143
f 893/447/786 895/449/787 897/451/788
f 898/452/789 895/449/787 896/450/247
f 897/451/788 895/449/787 899/453/790
f 899/453/790 895/449/787 898/452/789
f 900/447/791 901/449/792 902/448/157
f 903/450/793 902/448/157 901/449/792
f 900/447/791 904/451/794 901/449/792
f 905/452/795 903/450/793 901/449/792
f 904/451/794 906/453/796 901/449/792
f 906/453/796 905/452/795 901/449/792
f 907/454/797 908/455/798 909/456/799
f 909/456/799 908/455/798 910/457/800
f 909/456/799 911/458/801 907/454/797
f 909/456/799 910/457/800 912/459/802
f 911/458/801 909/456/799 913/460/803
f 913/460/803 909/456/799 912/459/802
f 911/458/801 913/460/803 914/461/804
f 913/460/803 912/459/802 915/462/805
f 914/461/804 913/460/803 916/463/806
f 913/460/803 915/462/805 917/464/807
f 917/464/807 916/463/806 913/460/803
f 918/465/808 917/464/807 915/462/805
f 917/464/807 919/466/809 916/463/806
f 918/465/808 915/462/805 920/467/810
f 920/467/810 915/462/805 921/468/811
f 917/464/807 918/465/808 922/469/812
f 922/469/812 919/466/809 917/464/807
f 919/466/809 923/470/813 916/463/806
f 916/463/806 923/470/813 924/471/814
f 923/470/813 925/472/815 924/471/814
f 921/468/811 926/473/816 920/467/810
f 926/473/816 921/468/811 927/474/817
f 927/474/817 928/475/818 926/473/816
f 926/473/816 928/475/818 929/476/819
f 930/477/820 926/473/816 929/476/819
f 930/477/820 920/467/810 926/473/816
f 920/467/810 930/477/820 931/478/821
f 918/465/808 920/467/810 931/478/821
f 918/465/808 931/478/821 932/479/822
f 918/465/808 932/479/822 922/469/812
f 932/479/822 931/478/821 933/480/823
f 934/481/824 933/480/823 931/478/821
f 922/469/812 932/479/822 935/482/825
f 919/466/809 922/469/812 935/482/825
f 936/483/826 932/479/822 933/480/823
f 936/483/826 935/482/825 932/479/822
f 933/480/823 937/484/827 936/483/826
f 934/481/824 938/485/828 933/480/823
f 937/484/827 933/480/823 938/485/828
f 938/485/828 934/481/824 939/486/829
f 937/484/827 938/485/828 940/487/830
f 939/486/829 941/488/831 938/485/828
f 938/485/828 941/488/831 940/487/830
f 936/483/826 942/489/832 935/482/825
f 942/489/832 936/483/826 943/490/833
f 935/482/825 944/491/834 919/466/809
f 944/491/834 935/482/825 942/489/832
f 919/466/809 944/491/834 923/470/813
f 944/491/834 942/489/832 945/492/835
f 923/470/813 944/491/834 946/493/836
f 943/490/833 947/494/837 942/489/832
f 945/492/835 942/489/832 947/494/837
f 947/494/837 943/490/833 948/495/838
f 945/492/835 947/494/837 949/496/839
f 948/495/838 950/497/840 947/494/837
f 947/494/837 950/497/840 949/496/839
f 946/493/836 951/498/841 923/470/813
f 925/472/815 923/470/813 951/498/841
f 951/498/841 946/493/836 952/499/842
f 925/472/815 951/498/841 953/500/843
f 952/499/842 954/501/844 951/498/841
f 951/498/841 954/501/844 953/500/843
f 955/454/845 956/456/846 957/455/847
f 956/456/846 958/457/848 957/455/847
f 959/458/849 956/456/846 955/454/845
f 960/459/850 958/457/848 956/456/846
f 956/456/846 959/458/849 961/460/851
f 956/456/846 961/460/851 960/459/850
f 959/458/849 962/461/852 961/460/851
f 961/460/851 963/462/853 960/459/850
f 962/461/852 964/463/854 961/460/851
f 961/460/851 965/464/855 963/462/853
f 965/464/855 961/460/851 964/463/854
f 966/465/856 963/462/853 965/464/855
f 965/464/855 964/463/854 967/466/857
f 966/465/856 968/467/858 963/462/853
f 968/467/858 969/468/859 963/462/853
f 965/464/855 970/469/860 966/465/856
f 970/469/860 965/464/855 967/466/857
f 967/466/857 964/463/854 971/470/861
f 964/463/854 972/471/862 971/470/861
f 971/470/861 972/471/862 973/472/863
f 974/473/864 969/468/859 968/467/858
f 969/468/859 974/473/864 975/474/865
f 975/474/865 974/473/864 976/475/866
f 974/473/864 977/476/867 976/475/866
f 974/473/864 978/477/868 977/476/867
f 968/467/858 978/477/868 974/473/864
f 968/467/858 979/478/869 978/477/868
f 966/465/856 979/478/869 968/467/858
f 966/465/856 980/479/870 979/478/869
f 966/465/856 970/469/860 980/479/870
f 980/479/870 981/480/871 979/478/869
f 982/481/872 979/478/869 981/480/871
f 970/469/860 983/482/873 980/479/870
f 967/466/857 983/482/873 970/469/860
f 984/483/874 981/480/871 980/479/870
f 984/483/874 980/479/870 983/482/873
f 981/480/871 984/483/874 985/484/875
f 986/485/876 982/481/872 981/480/871
f 986/485/876 981/480/871 985/484/875
f 982/481/872 986/485/876 987/486/877
f 988/487/878 986/485/876 985/484/875
f 987/486/877 986/485/876 989/488/879
f 986/485/876 988/487/878 989/488/879
f 984/483/874 983/482/873 990/489/880
f 990/489/880 991/490/881 984/483/874
f 983/482/873 967/466/857 992/491/882
f 992/491/882 990/489/880 983/482/873
f 967/466/857 971/470/861 992/491/882
f 992/491/882 993/492/883 990/489/880
f 971/470/861 994/493/884 992/491/882
f 990/489/880 993/492/883 995/494/885
f 995/494/885 991/490/881 990/489/880
f 993/492/883 996/496/886 995/494/885
f 991/490/881 995/494/885 997/495/887
f 995/494/885 996/496/886 998/497/888
f 997/495/887 995/494/885 998/497/888
f 999/498/889 994/493/884 971/470/861
f 994/493/884 999/498/889 1000/499/890
f 971/470/861 973/472/863 999/498/889
f 1000/499/890 999/498/889 1001/501/891
f 999/498/889 973/472/863 1002/500/892
f 999/498/889 1002/500/892 1001/501/891
f 1003/502/893 1004/503/353 1005/504/356
f 1004/503/353 1003/502/893 1006/505/894
f 1006/505/894 1007/506/202 1004/503/353
f 1007/506/202 1006/505/894 1008/507/697
f 1009/503/895 1010/502/896 1011/504/377
f 1010/502/896 1009/503/895 1012/505/897
f 1013/506/898 1012/505/897 1009/503/895
f 1012/505/897 1013/506/898 1014/507/697
f 1015/508/899 1016/509/201 1017/510/900
f 1017/510/900 1018/511/901 1015/508/899
f 1018/511/901 1017/510/900 1019/512/206
f 1020/513/902 1018/511/901 1019/512/206
f 1018/511/901 1020/513/902 1021/514/903
f 1022/515/85 1021/514/903 1020/513/902
f 1021/514/903 1022/515/85 1023/516/904
f 1024/517/905 1023/516/904 1022/515/85
f 1024/517/905 1025/518/906 1023/516/904
f 1025/518/906 1024/517/905 1026/519/81
f 1026/519/81 1027/520/907 1025/518/906
f 1027/520/907 1026/519/81 1028/521/908
f 1028/521/908 1029/522/909 1027/520/907
f 1029/522/909 1028/521/908 1030/523/77
f 1031/524/76 1029/522/909 1030/523/77
f 1029/522/909 1031/524/76 1032/525/910
f 1033/508/911 1034/510/912 1035/509/213
f 1036/511/913 1034/510/912 1033/508/911
f 1034/510/912 1036/511/913 1037/512/218
f 1036/511/913 1038/513/914 1037/512/218
f 1038/513/914 1036/511/913 1039/514/915
f 1040/515/916 1038/513/914 1039/514/915
f 1041/516/917 1040/515/916 1039/514/915
f 1042/517/918 1040/515/916 1041/516/917
f 1043/518/919 1042/517/918 1041/516/917
f 1042/517/918 1043/518/919 1044/519/920
f 1045/520/921 1044/519/920 1043/518/919
f 1044/519/920 1045/520/921 1046/521/922
f 1047/522/923 1046/521/922 1045/520/921
f 1047/522/923 1048/523/89 1046/521/922
f 1047/522/923 1049/524/87 1048/523/89
f 1049/524/87 1047/522/923 1050/525/924
f 1051/526/925 1052/527/926 1053/528/927
f 1054/529/928 1052/527/926 1051/526/925
f 1052/527/926 1055/530/929 1053/528/927
f 1052/527/926 1054/529/928 1056/531/930
f 1057/532/931 1055/530/929 1052/527/926
f 1056/531/930 1057/532/931 1052/527/926
f 1057/532/931 1058/533/932 1055/530/929
f 1057/532/931 1056/531/930 1059/534/933
f 1057/532/931 1060/535/934 1058/533/932
f 1061/536/935 1057/532/931 1059/534/933
f 1062/537/936 1060/535/934 1057/532/931
f 1061/536/935 1062/537/936 1057/532/931
f 1063/526/937 1064/528/938 1065/527/939
f 1066/529/940 1063/526/937 1065/527/939
f 1065/527/939 1064/528/938 1067/530/941
f 1065/527/939 1068/531/942 1066/529/940
f 1065/527/939 1067/530/941 1069/532/943
f 1069/532/943 1068/531/942 1065/527/939
f 1067/530/941 1070/533/944 1069/532/943
f 1068/531/942 1069/532/943 1071/534/945
f 1069/532/943 1070/533/944 1072/535/946
f 1073/536/947 1071/534/945 1069/532/943
f 1074/537/948 1069/532/943 1072/535/946
f 1073/536/947 1069/532/943 1074/537/948
f 1075/538/949 1076/539/950 1077/540/951
f 1076/539/950 1078/541/952 1077/540/951
f 1078/541/952 1076/539/950 1079/542/953
f 1079/542/953 1080/543/954 1078/541/952
f 1080/543/954 1079/542/953 1081/544/955
f 1082/545/402 1080/543/954 1081/544/955
f 1082/545/402 1083/546/956 1080/543/954
f 1084/547/957 1083/546/956 1082/545/402
f 1083/546/956 1084/547/957 1085/548/958
f 1084/547/957 1086/549/959 1085/548/958
f 1087/550/960 1085/548/958 1086/549/959
f 1088/551/137 1087/550/960 1086/549/959
f 1087/550/960 1088/551/137 1089/552/961
f 1090/553/962 1089/552/961 1088/551/137
f 1090/553/962 1091/554/963 1089/552/961
f 1092/555/141 1091/554/963 1090/553/962
f 1093/556/964 1091/554/963 1092/555/141
f 1094/557/965 1093/556/964 1092/555/141
f 1095/558/966 1093/556/964 1094/557/965
f 1096/539/180 1097/538/967 1098/540/968
f 1099/541/969 1096/539/180 1098/540/968
f 1096/539/180 1099/541/969 1100/542/970
f 1101/543/971 1100/542/970 1099/541/969
f 1100/542/970 1101/543/971 1102/544/972
f 1103/545/145 1102/544/972 1101/543/971
f 1103/545/145 1101/543/971 1104/546/973
f 1104/546/973 1105/547/974 1103/545/145
f 1105/547/974 1104/546/973 1106/548/975
f 1106/548/975 1107/549/149 1105/547/974
f 1107/549/149 1106/548/975 1108/550/976
f 1108/550/976 1109/551/977 1107/549/149
f 1109/551/977 1108/550/976 1110/552/978
f 1109/551/977 1110/552/978 1111/553/154
f 1110/552/978 1112/554/979 1111/553/154
f 1112/554/979 1113/555/980 1111/553/154
f 1113/555/980 1112/554/979 1114/556/981
f 1114/556/981 1115/557/982 1113/555/980
f 1115/557/982 1114/556/981 1116/558/983
f 1117/559/984 1118/560/985 1119/561/986
f 1120/562/987 1118/560/985 1117/559/984
f 1118/560/985 1121/563/988 1119/561/986
f 1122/564/989 1118/560/985 1120/562/987
f 1123/565/990 1121/563/988 1118/560/985
f 1122/564/989 1123/565/990 1118/560/985
f 1123/565/990 1124/566/991 1121/563/988
f 1123/565/990 1122/564/989 1125/567/992
f 1124/566/991 1123/565/990 1126/568/993
f 1127/569/994 1123/565/990 1125/567/992
f 1123/565/990 1128/570/995 1126/568/993
f 1127/569/994 1128/570/995 1123/565/990
f 1129/571/996 1130/572/997 1131/573/240
f 1130/572/997 1129/571/996 1132/574/237
f 1133/559/998 1134/561/999 1135/560/1000
f 1136/562/1001 1133/559/998 1135/560/1000
f 1135/560/1000 1134/561/999 1137/563/1002
f 1138/564/1003 1136/562/1001 1135/560/1000
f 1137/563/1002 1139/565/1004 1135/560/1000
f 1139/565/1004 1138/564/1003 1135/560/1000
f 1140/566/1005 1139/565/1004 1137/563/1002
f 1138/564/1003 1139/565/1004 1141/567/1006
f 1140/566/1005 1142/568/1007 1139/565/1004
f 1143/569/1008 1141/567/1006 1139/565/1004
f 1139/565/1004 1142/568/1007 1144/570/1009
f 1143/569/1008 1139/565/1004 1144/570/1009
f 1145/571/148 1146/572/1010 1147/574/1011
f 1146/572/1010 1145/571/148 1148/573/1012
f 1149/575/357 1150/576/358 1151/577/1013
f 1152/578/1014 1149/575/357 1151/577/1013
f 1150/576/358 1153/579/1015 1151/577/1013
f 1152/578/1014 1154/580/1016 1149/575/357
f 1153/579/1015 1150/576/358 1155/581/1017
f 1154/580/1016 1152/578/1014 1156/582/1018
f 1156/582/1018 1157/583/1019 1154/580/1016
f 1157/583/1019 1156/582/1018 1158/584/1020
f 1155/581/1017 1159/585/363 1153/579/1015
f 1159/585/363 1160/586/1021 1153/579/1015
f 1159/585/363 1161/587/1022 1160/586/1021
f 1161/587/1022 1159/585/363 1162/588/365
f 1162/588/365 1163/589/1023 1161/587/1022
f 1163/589/1023 1162/588/365 1164/590/367
f 1164/590/367 1165/591/1024 1163/589/1023
f 1165/591/1024 1164/590/367 1166/592/369
f 1166/592/369 1075/538/949 1165/591/1024
f 1075/538/949 1166/592/369 1167/593/160
f 1076/539/950 1075/538/949 1167/593/160
f 1168/575/381 1169/577/1025 1170/576/1026
f 1171/578/1027 1169/577/1025 1168/575/381
f 1172/579/1028 1170/576/1026 1169/577/1025
f 1173/580/1029 1171/578/1027 1168/575/381
f 1170/576/1026 1172/579/1028 1174/581/385
f 1171/578/1027 1173/580/1029 1175/582/1030
f 1176/583/1031 1175/582/1030 1173/580/1029
f 1175/582/1030 1176/583/1031 1177/584/1032
f 1178/585/1033 1174/581/385 1172/579/1028
f 1172/579/1028 1179/586/1034 1178/585/1033
f 1180/587/1035 1178/585/1033 1179/586/1034
f 1181/588/389 1178/585/1033 1180/587/1035
f 1182/589/1036 1181/588/389 1180/587/1035
f 1183/590/1037 1181/588/389 1182/589/1036
f 1184/591/1038 1183/590/1037 1182/589/1036
f 1183/590/1037 1184/591/1038 1185/592/393
f 1097/538/967 1185/592/393 1184/591/1038
f 1186/593/1039 1185/592/393 1097/538/967
f 1097/538/967 1096/539/180 1186/593/1039
f 1187/594/1040 1188/595/1041 1189/596/1042
f 1188/595/1041 1187/594/1040 1190/597/1043
f 1189/596/1042 1191/598/1044 1187/594/1040
f 1190/597/1043 1192/599/1045 1188/595/1041
f 1191/598/1044 1189/596/1042 1193/600/362
f 1194/601/1046 1191/598/1044 1193/600/362
f 1193/600/362 1195/602/899 1194/601/1046
f 1188/595/1041 1192/599/1045 1196/603/368
f 1197/604/1047 1196/603/368 1192/599/1045
f 1196/603/368 1197/604/1047 1198/605/1048
f 1197/604/1047 1199/606/1049 1198/605/1048
f 1198/605/1048 1199/606/1049 1200/607/1050
f 1199/606/1049 1201/608/1051 1200/607/1050
f 1200/607/1050 1201/608/1051 1202/609/1052
f 1203/610/1053 1202/609/1052 1201/608/1051
f 1201/608/1051 1204/611/1054 1203/610/1053
f 1204/611/1054 1205/612/375 1203/610/1053
f 1205/612/375 1204/611/1054 1206/613/1055
f 1206/613/1055 1207/614/376 1205/612/375
f 1207/614/376 1206/613/1055 1208/615/1056
f 1208/615/1056 1209/616/1057 1207/614/376
f 1209/616/1057 1208/615/1056 1210/617/1058
f 1210/617/1058 1211/618/1059 1209/616/1057
f 1211/618/1059 1210/617/1058 1212/619/1060
f 1213/620/1061 1211/618/1059 1212/619/1060
f 1212/619/1060 1214/621/1062 1213/620/1061
f 1215/594/1063 1216/595/1064 1217/597/1065
f 1216/595/1064 1218/599/1066 1217/597/1065
f 1216/595/1064 1215/594/1063 1219/596/388
f 1218/599/1066 1216/595/1064 1220/603/1067
f 1215/594/1063 1221/598/1068 1219/596/388
f 1220/603/1067 1222/604/1069 1218/599/1066
f 1219/596/388 1221/598/1068 1223/600/1070
f 1221/598/1068 1224/601/1071 1223/600/1070
f 1224/601/1071 1225/602/1072 1223/600/1070
f 1222/604/1069 1220/603/1067 1226/605/1073
f 1226/605/1073 1227/606/1074 1222/604/1069
f 1227/606/1074 1226/605/1073 1228/607/1075
f 1228/607/1075 1229/608/1076 1227/606/1074
f 1229/608/1076 1228/607/1075 1230/609/397
f 1229/608/1076 1230/609/397 1231/610/1077
f 1232/611/1078 1229/608/1076 1231/610/1077
f 1233/612/400 1232/611/1078 1231/610/1077
f 1232/611/1078 1233/612/400 1234/613/1079
f 1235/614/401 1234/613/1079 1233/612/400
f 1234/613/1079 1235/614/401 1236/615/1080
f 1235/614/401 1237/616/1081 1236/615/1080
f 1236/615/1080 1237/616/1081 1238/617/1082
f 1239/618/55 1238/617/1082 1237/616/1081
f 1238/617/1082 1239/618/55 1240/619/1083
f 1239/618/55 1241/620/1084 1240/619/1083
f 1240/619/1083 1241/620/1084 1242/621/1085
f 1243/622/1086 1244/623/1087 1245/624/1088
f 1246/625/1089 1244/623/1087 1243/622/1086
f 1243/622/1086 1247/626/1090 1246/625/1089
f 1245/624/1088 1248/627/1091 1243/622/1086
f 1247/626/1090 1243/622/1086 1248/627/1091
f 1248/627/1091 1245/624/1088 1249/628/1092
f 1248/627/1091 1250/629/1093 1247/626/1090
f 1251/630/1094 1248/627/1091 1249/628/1092
f 1248/627/1091 1252/631/1095 1250/629/1093
f 1248/627/1091 1251/630/1094 1252/631/1095
f 1253/622/1096 1254/624/1097 1255/623/1098
f 1256/625/1099 1253/622/1096 1255/623/1098
f 1257/626/1100 1253/622/1096 1256/625/1099
f 1258/627/1101 1254/624/1097 1253/622/1096
f 1253/622/1096 1257/626/1100 1258/627/1101
f 1254/624/1097 1258/627/1101 1259/628/1102
f 1258/627/1101 1257/626/1100 1260/629/1103
f 1261/630/1104 1259/628/1102 1258/627/1101
f 1258/627/1101 1260/629/1103 1262/631/1105
f 1258/627/1101 1262/631/1105 1261/630/1104
f 1263/632/1106 1264/633/1107 1265/634/1108
f 1263/632/1106 1265/634/1108 1266/635/1109
f 1264/633/1107 1267/636/1110 1265/634/1108
f 1268/637/1111 1263/632/1106 1266/635/1109
f 1267/636/1110 1264/633/1107 1269/638/5
f 1270/639/2 1267/636/1110 1269/638/5
f 1271/640/1112 1267/636/1110 1270/639/2
f 1263/632/1106 1268/637/1111 1272/641/1113
f 1268/637/1111 1273/642/1114 1272/641/1113
f 1273/642/1114 1268/637/1111 1274/643/1115
f 1274/643/1115 1275/644/1116 1273/642/1114
f 1275/644/1116 1274/643/1115 1276/645/1117
f 1277/634/1118 1278/632/1119 1279/635/1120
f 1278/632/1119 1280/637/1121 1279/635/1120
f 1278/632/1119 1277/634/1118 1281/633/1122
f 1280/637/1121 1278/632/1119 1282/641/1123
f 1283/636/1124 1281/633/1122 1277/634/1118
f 1284/642/1125 1280/637/1121 1282/641/1123
f 1281/633/1122 1283/636/1124 1285/638/20
f 1283/636/1124 1286/639/18 1285/638/20
f 1286/639/18 1283/636/1124 1287/640/1126
f 1280/637/1121 1284/642/1125 1288/643/1127
f 1289/644/29 1288/643/1127 1284/642/1125
f 1288/643/1127 1289/644/29 1290/645/1128
f 1291/646/1129 1292/647/1130 1293/648/103
f 1294/649/85 1292/647/1130 1291/646/1129
f 1291/646/1129 1293/648/103 1295/650/1131
f 1296/651/105 1295/650/1131 1293/648/103
f 1295/650/1131 1296/651/105 1297/652/1132
f 1296/651/105 1298/653/107 1297/652/1132
f 1298/653/107 1299/654/1133 1297/652/1132
f 1300/655/1134 1299/654/1133 1298/653/107
f 1299/654/1133 1300/655/1134 1301/656/1135
f 1302/657/1136 1301/656/1135 1300/655/1134
f 1301/656/1135 1302/657/1136 1303/658/1137
f 1302/657/1136 1304/659/1138 1303/658/1137
f 1304/659/1138 1302/657/1136 1305/660/1139
f 1306/650/1140 1307/648/120 1308/646/94
f 1307/648/120 1309/647/1141 1308/646/94
f 1310/649/96 1308/646/94 1309/647/1141
f 1306/650/1140 1311/651/122 1307/648/120
f 1311/651/122 1306/650/1140 1312/652/1142
f 1313/653/124 1311/651/122 1312/652/1142
f 1312/652/1142 1314/654/1143 1313/653/124
f 1314/654/1143 1315/655/1144 1313/653/124
f 1315/655/1144 1314/654/1143 1316/656/1145
f 1316/656/1145 1317/657/127 1315/655/1144
f 1317/657/127 1316/656/1145 1318/658/1146
f 1319/659/1147 1317/657/127 1318/658/1146
f 1317/657/127 1319/659/1147 1320/660/1148
f 1321/661/1149 1322/662/1150 1323/663/1151
f 1324/664/1152 1321/661/1149 1323/663/1151
f 1321/661/1149 1324/664/1152 1325/665/1153
f 1325/665/1153 1326/666/1154 1321/661/1149
f 1327/667/1155 1324/664/1152 1323/663/1151
f 1322/662/1150 1327/667/1155 1323/663/1151
f 1324/664/1152 1327/667/1155 1328/668/1156
f 1329/669/1157 1321/661/1149 1326/666/1154
f 1322/662/1150 1321/661/1149 1329/669/1157
f 1326/666/1154 1330/670/1158 1329/669/1157
f 1329/669/1157 1330/670/1158 1322/662/1150
f 1326/666/1154 1331/671/1159 1330/670/1158
f 1332/672/1160 1328/668/1156 1327/667/1155
f 1322/662/1150 1332/672/1160 1327/667/1155
f 1328/668/1156 1332/672/1160 1333/673/1161
f 1334/674/1162 1333/673/1161 1332/672/1160
f 1335/675/1163 1330/670/1158 1331/671/1159
f 1322/662/1150 1330/670/1158 1335/675/1163
f 1331/671/1159 1336/676/1164 1335/675/1163
f 1337/677/1165 1335/675/1163 1336/676/1164
f 1334/674/1162 1332/672/1160 1338/678/1166
f 1338/678/1166 1339/679/1167 1334/674/1162
f 1340/680/1168 1338/678/1166 1332/672/1160
f 1340/680/1168 1332/672/1160 1322/662/1150
f 1339/679/1167 1338/678/1166 1341/681/1169
f 1338/678/1166 1340/680/1168 1341/681/1169
f 1341/681/1169 1342/682/1170 1339/679/1167
f 1342/682/1170 1341/681/1169 1343/683/1171
f 1341/681/1169 1340/680/1168 1343/683/1171
f 1343/683/1171 1344/684/1172 1342/682/1170
f 1344/684/1172 1343/683/1171 1345/685/1173
f 1340/680/1168 1345/685/1173 1343/683/1171
f 1346/686/1174 1344/684/1172 1345/685/1173
f 1346/686/1174 1345/685/1173 1347/687/1175
f 1340/680/1168 1347/687/1175 1345/685/1173
f 1348/688/1176 1346/686/1174 1347/687/1175
f 1348/688/1176 1347/687/1175 1340/680/1168
f 1346/686/1174 1348/688/1176 1349/689/1177
f 1350/690/1178 1349/689/1177 1348/688/1176
f 1348/688/1176 1340/680/1168 1350/690/1178
f 1349/689/1177 1350/690/1178 1351/691/1179
f 1350/690/1178 1352/692/1180 1351/691/1179
f 1350/690/1178 1353/693/1181 1352/692/1180
f 1354/694/1182 1352/692/1180 1353/693/1181
f 1355/695/1183 1350/690/1178 1340/680/1168
f 1350/690/1178 1355/695/1183 1353/693/1181
f 1353/693/1181 1356/696/1184 1354/694/1182
f 1355/695/1183 1356/696/1184 1353/693/1181
f 1357/697/1185 1354/694/1182 1356/696/1184
f 1356/696/1184 1358/698/1186 1357/697/1185
f 1358/698/1186 1356/696/1184 1355/695/1183
f 1357/697/1185 1358/698/1186 1359/699/1187
f 1358/698/1186 1355/695/1183 1359/699/1187
f 1360/700/1188 1357/697/1185 1359/699/1187
f 1359/699/1187 1361/701/1189 1360/700/1188
f 1361/701/1189 1359/699/1187 1362/702/1190
f 1355/695/1183 1362/702/1190 1359/699/1187
f 1363/703/1191 1361/701/1189 1362/702/1190
f 1362/702/1190 1364/704/1192 1363/703/1191
f 1364/704/1192 1362/702/1190 1355/695/1183
f 1365/705/1193 1363/703/1191 1364/704/1192
f 1355/695/1183 1365/705/1193 1364/704/1192
f 1366/706/1194 1367/707/1195 1368/708/31
f 1369/709/32 1368/708/31 1367/707/1195
f 1370/710/1196 1369/709/32 1367/707/1195
f 1370/710/1196 1367/707/1195 1371/711/1197
f 1372/712/34 1366/706/1194 1368/708/31
f 1366/706/1194 1372/712/34 1373/713/1198
f 1372/712/34 1374/714/1199 1373/713/1198
f 1374/714/1199 1372/712/34 1375/715/40
f 1376/716/42 1374/714/1199 1375/715/40
f 1376/716/42 1377/717/1200 1374/714/1199
f 1378/718/1201 1377/717/1200 1376/716/42
f 1377/717/1200 1378/718/1201 1379/719/1202
f 1380/707/1203 1381/706/1204 1382/708/46
f 1380/707/1203 1382/708/46 1383/709/1205
f 1384/710/18 1380/707/1203 1383/709/1205
f 1380/707/1203 1384/710/18 1385/711/1206
f 1381/706/1204 1386/712/48 1382/708/46
f 1386/712/48 1381/706/1204 1387/713/1207
f 1388/714/1208 1386/712/48 1387/713/1207
f 1386/712/48 1388/714/1208 1389/715/54
f 1389/715/54 1388/714/1208 1390/716/56
f 1388/714/1208 1391/717/1209 1390/716/56
f 1391/717/1209 1392/718/1210 1390/716/56
f 1392/718/1210 1391/717/1209 1393/719/1211
f 1394/720/1212 1395/721/1213 1396/722/1214
f 1397/723/1215 1395/721/1213 1394/720/1212
f 1398/724/1216 1394/720/1212 1396/722/1214
f 1394/720/1212 1399/725/1217 1397/723/1215
f 1398/724/1216 1400/726/1218 1394/720/1212
f 1394/720/1212 1400/726/1218 1399/725/1217
f 1401/727/1219 1400/726/1218 1398/724/1216
f 1400/726/1218 1402/728/1220 1399/725/1217
f 1401/727/1219 1403/729/1221 1400/726/1218
f 1403/729/1221 1402/728/1220 1400/726/1218
f 1401/727/1219 1404/730/1222 1403/729/1221
f 1402/728/1220 1403/729/1221 1405/731/1223
f 1406/732/1224 1404/730/1222 1401/727/1219
f 1406/732/1224 1401/727/1219 1407/733/1225
f 1403/729/1221 1404/730/1222 1408/734/1226
f 1408/734/1226 1405/731/1223 1403/729/1221
f 1402/728/1220 1405/731/1223 1409/735/1227
f 1409/735/1227 1410/736/1228 1402/728/1220
f 1408/734/1226 1411/737/1229 1405/731/1223
f 1412/738/1230 1409/735/1227 1405/731/1223
f 1411/737/1229 1412/738/1230 1405/731/1223
f 1413/739/1231 1409/735/1227 1412/738/1230
f 1410/736/1228 1409/735/1227 1414/740/1232
f 1413/739/1231 1414/740/1232 1409/735/1227
f 1410/736/1228 1414/740/1232 1415/741/1233
f 1414/740/1232 1413/739/1231 1416/742/1234
f 1414/740/1232 1417/743/1235 1415/741/1233
f 1416/742/1234 1417/743/1235 1414/740/1232
f 1418/744/1236 1412/738/1230 1411/737/1229
f 1418/744/1236 1419/745/1237 1412/738/1230
f 1411/737/1229 1408/734/1226 1420/746/1238
f 1404/730/1222 1420/746/1238 1408/734/1226
f 1421/747/1239 1418/744/1236 1411/737/1229
f 1421/747/1239 1411/737/1229 1420/746/1238
f 1418/744/1236 1421/747/1239 1422/748/1240
f 1419/745/1237 1418/744/1236 1423/749/1241
f 1422/748/1240 1423/749/1241 1418/744/1236
f 1419/745/1237 1423/749/1241 1424/750/1242
f 1423/749/1241 1422/748/1240 1425/751/1243
f 1423/749/1241 1426/752/1244 1424/750/1242
f 1425/751/1243 1426/752/1244 1423/749/1241
f 1421/747/1239 1420/746/1238 1427/753/1245
f 1421/747/1239 1427/753/1245 1428/754/1246
f 1404/730/1222 1429/755/1247 1420/746/1238
f 1420/746/1238 1429/755/1247 1427/753/1245
f 1404/730/1222 1406/732/1224 1429/755/1247
f 1427/753/1245 1429/755/1247 1430/756/1248
f 1429/755/1247 1406/732/1224 1431/757/1249
f 1427/753/1245 1430/756/1248 1432/758/1250
f 1406/732/1224 1433/759/1251 1431/757/1249
f 1428/754/1246 1427/753/1245 1434/760/1252
f 1432/758/1250 1434/760/1252 1427/753/1245
f 1428/754/1246 1434/760/1252 1435/761/1253
f 1434/760/1252 1432/758/1250 1436/762/1254
f 1434/760/1252 1437/763/1255 1435/761/1253
f 1436/762/1254 1437/763/1255 1434/760/1252
f 1438/764/1256 1433/759/1251 1406/732/1224
f 1433/759/1251 1438/764/1256 1439/765/1257
f 1407/733/1225 1438/764/1256 1406/732/1224
f 1440/766/1258 1439/765/1257 1438/764/1256
f 1438/764/1256 1407/733/1225 1441/767/1259
f 1441/767/1259 1440/766/1258 1438/764/1256
f 1442/720/1260 1443/722/1214 1444/721/1261
f 1445/723/1262 1442/720/1260 1444/721/1261
f 1443/722/1214 1442/720/1260 1446/724/1263
f 1445/723/1262 1447/725/1264 1442/720/1260
f 1442/720/1260 1448/726/1265 1446/724/1263
f 1447/725/1264 1448/726/1265 1442/720/1260
f 1449/727/1266 1446/724/1263 1448/726/1265
f 1448/726/1265 1447/725/1264 1450/728/1267
f 1449/727/1266 1448/726/1265 1451/729/1268
f 1451/729/1268 1448/726/1265 1450/728/1267
f 1449/727/1266 1451/729/1268 1452/730/1269
f 1450/728/1267 1453/731/1270 1451/729/1268
f 1454/732/1271 1449/727/1266 1452/730/1269
f 1454/732/1271 1455/733/1272 1449/727/1266
f 1451/729/1268 1456/734/1273 1452/730/1269
f 1456/734/1273 1451/729/1268 1453/731/1270
f 1450/728/1267 1457/735/1274 1453/731/1270
f 1457/735/1274 1450/728/1267 1458/736/1275
f 1456/734/1273 1453/731/1270 1459/737/1276
f 1460/738/1277 1453/731/1270 1457/735/1274
f 1459/737/1276 1453/731/1270 1460/738/1277
f 1461/739/1278 1460/738/1277 1457/735/1274
f 1462/740/1279 1457/735/1274 1458/736/1275
f 1462/740/1279 1461/739/1278 1457/735/1274
f 1463/741/1280 1462/740/1279 1458/736/1275
f 1461/739/1278 1462/740/1279 1464/742/1281
f 1462/740/1279 1463/741/1280 1465/743/1282
f 1464/742/1281 1462/740/1279 1465/743/1282
f 1466/744/1283 1459/737/1276 1460/738/1277
f 1466/744/1283 1460/738/1277 1467/745/1284
f 1459/737/1276 1468/746/1285 1456/734/1273
f 1452/730/1269 1456/734/1273 1468/746/1285
f 1469/747/1286 1459/737/1276 1466/744/1283
f 1469/747/1286 1468/746/1285 1459/737/1276
f 1466/744/1283 1470/748/1287 1469/747/1286
f 1466/744/1283 1467/745/1284 1471/749/1288
f 1471/749/1288 1470/748/1287 1466/744/1283
f 1471/749/1288 1467/745/1284 1472/750/1289
f 1470/748/1287 1471/749/1288 1473/751/1290
f 1471/749/1288 1472/750/1289 1474/752/1291
f 1473/751/1290 1471/749/1288 1474/752/1291
f 1469/747/1286 1475/753/1292 1468/746/1285
f 1469/747/1286 1476/754/1293 1475/753/1292
f 1452/730/1269 1468/746/1285 1477/755/1294
f 1468/746/1285 1475/753/1292 1477/755/1294
f 1452/730/1269 1477/755/1294 1454/732/1271
f 1475/753/1292 1478/756/1295 1477/755/1294
f 1477/755/1294 1479/757/1296 1454/732/1271
f 1475/753/1292 1480/758/1297 1478/756/1295
f 1454/732/1271 1479/757/1296 1481/759/1298
f 1482/760/1299 1480/758/1297 1475/753/1292
f 1482/760/1299 1475/753/1292 1476/754/1293
f 1480/758/1297 1482/760/1299 1483/762/1300
f 1484/761/1301 1482/760/1299 1476/754/1293
f 1483/762/1300 1482/760/1299 1485/763/1302
f 1482/760/1299 1484/761/1301 1485/763/1302
f 1454/732/1271 1481/759/1298 1486/764/1303
f 1486/764/1303 1481/759/1298 1487/765/1304
f 1486/764/1303 1455/733/1272 1454/732/1271
f 1488/766/1305 1486/764/1303 1487/765/1304
f 1455/733/1272 1486/764/1303 1489/767/1306
f 1489/767/1306 1486/764/1303 1488/766/1305
f 1490/768/1307 1491/769/1308 1492/770/1309
f 1493/771/1310 1491/769/1308 1490/768/1307
f 1494/772/1062 1490/768/1307 1492/770/1309
f 1493/771/1310 1490/768/1307 1495/773/1311
f 1496/774/1312 1490/768/1307 1494/772/1062
f 1495/773/1311 1490/768/1307 1496/774/1312
f 1497/768/1313 1498/770/1314 1499/769/1210
f 1500/772/1315 1498/770/1314 1497/768/1313
f 1501/771/1211 1497/768/1313 1499/769/1210
f 1502/774/1316 1500/772/1315 1497/768/1313
f 1501/771/1211 1503/773/1317 1497/768/1313
f 1503/773/1317 1502/774/1316 1497/768/1313
f 1504/775/1318 1505/776/1319 1506/777/1320
f 1504/775/1318 1506/777/1320 1507/778/1321
f 1505/776/1319 1504/775/1318 1508/779/1322
f 1509/780/1323 1508/779/1322 1504/775/1318
f 1507/778/1321 1509/780/1323 1504/775/1318
f 1510/781/1324 1508/779/1322 1509/780/1323
f 1511/782/1325 1510/781/1324 1509/780/1323
f 1507/778/1321 1511/782/1325 1509/780/1323
f 1512/783/1326 1510/781/1324 1511/782/1325
f 1511/782/1325 1513/784/1327 1512/783/1326
f 1513/784/1327 1511/782/1325 1514/785/1328
f 1514/785/1328 1511/782/1325 1515/786/1329
f 1511/782/1325 1507/778/1321 1515/786/1329
f 1516/787/1330 1513/784/1327 1514/785/1328
f 1515/786/1329 1516/787/1330 1514/785/1328
f 1517/788/1331 1513/784/1327 1516/787/1330
f 1518/789/1332 1517/788/1331 1516/787/1330
f 1516/787/1330 1519/790/1333 1518/789/1332
f 1519/790/1333 1516/787/1330 1515/786/1329
f 1520/791/1334 1518/789/1332 1519/790/1333
f 1515/786/1329 1520/791/1334 1519/790/1333
f 1518/789/1332 1520/791/1334 1521/792/1335
f 1520/791/1334 1522/793/1336 1521/792/1335
f 1522/793/1336 1520/791/1334 1523/794/1337
f 1520/791/1334 1515/786/1329 1523/794/1337
f 1523/794/1337 1524/795/1338 1522/793/1336
f 1524/795/1338 1523/794/1337 1525/796/1339
f 1515/786/1329 1525/796/1339 1523/794/1337
f 1525/796/1339 1526/797/1340 1524/795/1338
f 1515/786/1329 1526/797/1340 1525/796/1339
f 1526/797/1340 1527/798/1341 1524/795/1338
f 1526/797/1340 1528/799/1342 1527/798/1341
f 1528/799/1342 1526/797/1340 1529/800/1343
f 1530/801/1344 1526/797/1340 1515/786/1329
f 1529/800/1343 1526/797/1340 1530/801/1344
f 1531/802/1345 1528/799/1342 1529/800/1343
f 1531/802/1345 1529/800/1343 1530/801/1344
f 1528/799/1342 1531/802/1345 1532/803/1346
f 1533/804/1347 1532/803/1346 1531/802/1345
f 1530/801/1344 1533/804/1347 1531/802/1345
f 1532/803/1346 1533/804/1347 1534/805/1348
f 1533/804/1347 1535/806/1349 1534/805/1348
f 1535/806/1349 1533/804/1347 1536/807/1350
f 1536/807/1350 1533/804/1347 1530/801/1344
f 1537/808/1351 1535/806/1349 1536/807/1350
f 1530/801/1344 1537/808/1351 1536/807/1350
f 1535/806/1349 1537/808/1351 1538/809/1352
f 1537/808/1351 1539/810/1353 1538/809/1352
f 1539/810/1353 1537/808/1351 1540/811/1354
f 1537/808/1351 1530/801/1344 1540/811/1354
f 1540/811/1354 1541/812/1355 1539/810/1353
f 1541/812/1355 1540/811/1354 1542/813/1356
f 1530/801/1344 1542/813/1356 1540/811/1354
f 1543/814/1357 1542/813/1356 1530/801/1344
f 1530/801/1344 1544/815/1358 1543/814/1357
f 1544/815/1358 1545/816/1359 1543/814/1357
f 1544/815/1358 1530/801/1344 1546/817/1360
f 1545/816/1359 1544/815/1358 1547/818/1361
f 1546/817/1360 1547/818/1361 1544/815/1358
f 1507/778/1321 1545/816/1359 1547/818/1361
f 1530/801/1344 1548/819/1362 1546/817/1360
f 1548/819/1362 1547/818/1361 1546/817/1360
f 1548/819/1362 1530/801/1344 1515/786/1329
f 1507/778/1321 1548/819/1362 1515/786/1329
f 1547/818/1361 1548/819/1362 1549/820/1363
f 1548/819/1362 1507/778/1321 1549/820/1363
f 1507/778/1321 1547/818/1361 1549/820/1363
f 1550/781/1364 1551/783/1365 1552/782/1366
f 1553/784/1367 1552/782/1366 1551/783/1365
f 1552/782/1366 1553/784/1367 1554/785/1368
f 1553/784/1367 1555/787/1369 1554/785/1368
f 1555/787/1369 1553/784/1367 1556/788/1370
f 1554/785/1368 1557/786/1371 1552/782/1366
f 1557/786/1371 1554/785/1368 1555/787/1369
f 1552/782/1366 1557/786/1371 1558/778/1372
f 1556/788/1370 1559/789/1373 1555/787/1369
f 1559/789/1373 1560/790/1374 1555/787/1369
f 1560/790/1374 1557/786/1371 1555/787/1369
f 1559/789/1373 1561/791/1375 1560/790/1374
f 1557/786/1371 1560/790/1374 1561/791/1375
f 1561/791/1375 1559/789/1373 1562/792/1376
f 1563/793/1377 1561/791/1375 1562/792/1376
f 1561/791/1375 1563/793/1377 1564/794/1378
f 1561/791/1375 1564/794/1378 1557/786/1371
f 1565/795/1379 1564/794/1378 1563/793/1377
f 1564/794/1378 1565/795/1379 1566/796/1380
f 1557/786/1371 1564/794/1378 1566/796/1380
f 1567/797/1381 1566/796/1380 1565/795/1379
f 1557/786/1371 1566/796/1380 1567/797/1381
f 1565/795/1379 1568/798/1382 1567/797/1381
f 1569/799/1383 1567/797/1381 1568/798/1382
f 1567/797/1381 1569/799/1383 1570/800/1384
f 1571/802/1385 1570/800/1384 1569/799/1383
f 1571/802/1385 1569/799/1383 1572/803/1386
f 1570/800/1384 1573/801/1387 1567/797/1381
f 1571/802/1385 1573/801/1387 1570/800/1384
f 1573/801/1387 1557/786/1371 1567/797/1381
f 1574/804/1388 1571/802/1385 1572/803/1386
f 1573/801/1387 1571/802/1385 1574/804/1388
f 1574/804/1388 1572/803/1386 1575/805/1389
f 1576/806/1390 1574/804/1388 1575/805/1389
f 1574/804/1388 1576/806/1390 1577/807/1391
f 1577/807/1391 1573/801/1387 1574/804/1388
f 1576/806/1390 1578/808/1392 1577/807/1391
f 1573/801/1387 1577/807/1391 1578/808/1392
f 1578/808/1392 1576/806/1390 1579/809/1393
f 1580/810/1394 1578/808/1392 1579/809/1393
f 1578/808/1392 1580/810/1394 1581/811/1395
f 1578/808/1392 1581/811/1395 1573/801/1387
f 1573/801/1387 1581/811/1395 1582/813/1396
f 1583/814/1397 1573/801/1387 1582/813/1396
f 1584/815/1398 1573/801/1387 1583/814/1397
f 1585/816/1399 1584/815/1398 1583/814/1397
f 1573/801/1387 1584/815/1398 1586/817/1400
f 1584/815/1398 1585/816/1399 1587/818/1401
f 1586/817/1400 1584/815/1398 1587/818/1401
f 1587/818/1401 1585/816/1399 1558/778/1372
f 1588/819/1402 1573/801/1387 1586/817/1400
f 1587/818/1401 1588/819/1402 1586/817/1400
f 1573/801/1387 1588/819/1402 1557/786/1371
f 1588/819/1402 1558/778/1372 1557/786/1371
f 1589/820/1403 1587/818/1401 1558/778/1372
f 1588/819/1402 1587/818/1401 1589/820/1403
f 1558/778/1372 1588/819/1402 1589/820/1403
f 1590/701/1404 1591/699/1405 1592/700/1406
f 1593/697/1407 1592/700/1406 1591/699/1405
f 1591/699/1405 1594/698/1408 1593/697/1407
f 1594/698/1408 1591/699/1405 1595/695/1409
f 1594/698/1408 1596/696/1410 1593/697/1407
f 1594/698/1408 1595/695/1409 1596/696/1410
f 1593/697/1407 1596/696/1410 1597/694/1411
f 1596/696/1410 1598/693/1412 1597/694/1411
f 1595/695/1409 1598/693/1412 1596/696/1410
f 1597/694/1411 1598/693/1412 1599/692/1413
f 1600/690/1414 1599/692/1413 1598/693/1412
f 1600/690/1414 1598/693/1412 1595/695/1409
f 1599/692/1413 1600/690/1414 1601/691/1415
f 1600/690/1414 1602/689/1416 1601/691/1415
f 1602/689/1416 1600/690/1414 1603/688/1417
f 1603/688/1417 1604/686/1418 1602/689/1416
f 1595/695/1409 1605/680/1419 1600/690/1414
f 1603/688/1417 1600/690/1414 1605/680/1419
f 1604/686/1418 1603/688/1417 1606/687/1420
f 1603/688/1417 1605/680/1419 1606/687/1420
f 1606/687/1420 1607/685/1421 1604/686/1418
f 1605/680/1419 1607/685/1421 1606/687/1420
f 1608/684/1422 1604/686/1418 1607/685/1421
f 1609/683/1423 1608/684/1422 1607/685/1421
f 1605/680/1419 1609/683/1423 1607/685/1421
f 1608/684/1422 1609/683/1423 1610/682/1424
f 1611/681/1425 1610/682/1424 1609/683/1423
f 1611/681/1425 1609/683/1423 1605/680/1419
f 1610/682/1424 1611/681/1425 1612/679/1426
f 1613/678/1427 1612/679/1426 1611/681/1425
f 1613/678/1427 1611/681/1425 1605/680/1419
f 1612/679/1426 1613/678/1427 1614/674/1428
f 1613/678/1427 1615/672/1429 1614/674/1428
f 1605/680/1419 1615/672/1429 1613/678/1427
f 1605/680/1419 1616/662/1430 1615/672/1429
f 1616/662/1430 1605/680/1419 1617/821/1431
f 1595/695/1409 1617/821/1431 1605/680/1419
f 1617/821/1431 1595/695/1409 1618/822/1432
f 1619/823/1433 1618/822/1432 1595/695/1409
f 1617/821/1431 1620/824/1434 1616/662/1430
f 1620/824/1434 1621/825/1435 1616/662/1430
f 1619/823/1433 1621/825/1435 1622/826/1436
f 1621/825/1435 1620/824/1434 1622/826/1436
f 1618/822/1432 1619/823/1433 1623/827/1437
f 1623/827/1437 1617/821/1431 1618/822/1432
f 1622/826/1436 1623/827/1437 1619/823/1433
f 1617/821/1431 1623/827/1437 1620/824/1434
f 1620/824/1434 1623/827/1437 1622/826/1436
f 1624/661/1438 1625/663/1439 1616/662/1430
f 1624/661/1438 1626/664/1440 1625/663/1439
f 1626/664/1440 1624/661/1438 1627/665/1441
f 1624/661/1438 1628/666/1442 1627/665/1441
f 1626/664/1440 1629/667/1443 1625/663/1439
f 1616/662/1430 1625/663/1439 1629/667/1443
f 1629/667/1443 1626/664/1440 1630/668/1444
f 1630/668/1444 1615/672/1429 1629/667/1443
f 1616/662/1430 1629/667/1443 1615/672/1429
f 1615/672/1429 1630/668/1444 1631/673/1445
f 1631/673/1445 1614/674/1428 1615/672/1429
f 1624/661/1438 1632/669/1446 1628/666/1442
f 1616/662/1430 1632/669/1446 1624/661/1438
f 1632/669/1446 1633/670/1447 1628/666/1442
f 1632/669/1446 1616/662/1430 1633/670/1447
f 1634/671/1448 1628/666/1442 1633/670/1447
f 1633/670/1447 1635/675/1449 1634/671/1448
f 1616/662/1430 1635/675/1449 1633/670/1447
f 1634/671/1448 1635/675/1449 1636/676/1450
f 1635/675/1449 1637/677/1451 1636/676/1450
f 1637/677/1451 1635/675/1449 1638/828/1452
f 1638/828/1452 1639/829/1453 1637/677/1451
f 1621/825/1435 1638/828/1452 1635/675/1449
f 1616/662/1430 1621/825/1435 1635/675/1449
f 1639/829/1453 1638/828/1452 1640/830/1454
f 1621/825/1435 1640/830/1454 1638/828/1452
f 1640/830/1454 1641/831/1455 1639/829/1453
f 1641/831/1455 1640/830/1454 1642/832/1456
f 1642/832/1456 1640/830/1454 1621/825/1435
f 1643/833/1457 1641/831/1455 1642/832/1456
f 1642/832/1456 1644/834/1458 1643/833/1457
f 1621/825/1435 1644/834/1458 1642/832/1456
f 1644/834/1458 1645/835/1459 1643/833/1457
f 1645/835/1459 1644/834/1458 1646/836/1460
f 1621/825/1435 1646/836/1460 1644/834/1458
f 1647/837/1461 1645/835/1459 1646/836/1460
f 1621/825/1435 1647/837/1461 1646/836/1460
f 1648/838/1462 1645/835/1459 1647/837/1461
f 1647/837/1461 1649/839/1463 1648/838/1462
f 1649/839/1463 1647/837/1461 1650/840/1464
f 1651/841/1465 1649/839/1463 1650/840/1464
f 1652/842/1466 1649/839/1463 1651/841/1465
f 1650/840/1464 1647/837/1461 1619/823/1433
f 1647/837/1461 1621/825/1435 1619/823/1433
f 1619/823/1433 1651/841/1465 1650/840/1464
f 1653/843/1467 1652/842/1466 1651/841/1465
f 1653/843/1467 1651/841/1465 1619/823/1433
f 1652/842/1466 1653/843/1467 1654/844/1468
f 1653/843/1467 1655/845/1469 1654/844/1468
f 1655/845/1469 1653/843/1467 1656/846/1470
f 1619/823/1433 1656/846/1470 1653/843/1467
f 1656/846/1470 1657/847/1471 1655/845/1469
f 1657/847/1471 1656/846/1470 1658/848/1472
f 1658/848/1472 1656/846/1470 1619/823/1433
f 1659/705/1473 1657/847/1471 1658/848/1472
f 1658/848/1472 1619/823/1433 1659/705/1473
f 1657/847/1471 1659/705/1473 1660/849/1474
f 1659/705/1473 1661/703/1475 1660/849/1474
f 1661/703/1475 1659/705/1473 1662/704/1476
f 1662/704/1476 1663/702/1477 1661/703/1475
f 1590/701/1404 1661/703/1475 1663/702/1477
f 1595/695/1409 1662/704/1476 1659/705/1473
f 1662/704/1476 1595/695/1409 1663/702/1477
f 1619/823/1433 1595/695/1409 1659/705/1473
f 1591/699/1405 1590/701/1404 1663/702/1477
f 1595/695/1409 1591/699/1405 1663/702/1477
f 1664/850/1478 1665/851/1479 1666/852/1480
f 1667/853/1481 1665/851/1479 1664/850/1478
f 1665/851/1479 1668/854/1482 1666/852/1480
f 1665/851/1479 1667/853/1481 1669/855/1483
f 1668/854/1482 1665/851/1479 1670/856/1484
f 1665/851/1479 1669/855/1483 1670/856/1484
f 1668/854/1482 1670/856/1484 1671/857/1485
f 1670/856/1484 1669/855/1483 1672/858/1486
f 1671/857/1485 1670/856/1484 1673/859/1487
f 1673/859/1487 1670/856/1484 1672/858/1486
f 1674/850/1488 1675/852/1489 1676/851/1490
f 1677/853/1491 1674/850/1488 1676/851/1490
f 1678/854/1492 1676/851/1490 1675/852/1489
f 1676/851/1490 1679/855/1493 1677/853/1491
f 1676/851/1490 1678/854/1492 1680/856/1494
f 1679/855/1493 1676/851/1490 1680/856/1494
f 1678/854/1492 1681/857/1495 1680/856/1494
f 1680/856/1494 1682/858/1496 1679/855/1493
f 1681/857/1495 1683/859/1497 1680/856/1494
f 1683/859/1497 1682/858/1496 1680/856/1494
f 1684/860/1498 1685/861/1499 1686/862/1500
f 1684/860/1498 1687/863/1261 1685/861/1499
f 1687/863/1261 1684/860/1498 1688/864/1262
f 1689/865/1214 1685/861/1499 1687/863/1261
f 1684/860/1498 1690/866/1501 1688/864/1262
f 1685/861/1499 1689/865/1214 1691/867/1502
f 1686/862/1500 1685/861/1499 1691/867/1502
f 1689/865/1214 1692/868/1503 1691/867/1502
f 1686/862/1500 1691/867/1502 1692/868/1503
f 1692/868/1503 1689/865/1214 1693/869/1504
f 1690/866/1501 1684/860/1498 1694/870/1505
f 1694/870/1505 1684/860/1498 1686/862/1500
f 1695/871/1267 1690/866/1501 1694/870/1505
f 1693/869/1504 1696/872/1506 1692/868/1503
f 1692/868/1503 1696/872/1506 1686/862/1500
f 1696/872/1506 1693/869/1504 1697/873/1507
f 1694/870/1505 1698/874/1508 1695/871/1267
f 1698/874/1508 1694/870/1505 1686/862/1500
f 1699/875/1509 1695/871/1267 1698/874/1508
f 1700/876/1510 1695/871/1267 1699/875/1509
f 1697/873/1507 1701/877/1511 1696/872/1506
f 1701/877/1511 1697/873/1507 1702/878/1512
f 1703/879/1513 1696/872/1506 1701/877/1511
f 1703/879/1513 1686/862/1500 1696/872/1506
f 1702/878/1512 1704/880/1514 1701/877/1511
f 1704/880/1514 1703/879/1513 1701/877/1511
f 1704/880/1514 1702/878/1512 1705/881/1515
f 1705/881/1515 1706/882/1516 1704/880/1514
f 1704/880/1514 1706/882/1516 1703/879/1513
f 1705/881/1515 1707/883/1517 1706/882/1516
f 1708/884/1518 1706/882/1516 1707/883/1517
f 1709/885/1519 1706/882/1516 1708/884/1518
f 1706/882/1516 1709/885/1519 1703/879/1513
f 1708/884/1518 1710/886/1520 1709/885/1519
f 1703/879/1513 1709/885/1519 1710/886/1520
f 1710/886/1520 1708/884/1518 1711/887/1521
f 1711/887/1521 1712/888/1522 1710/886/1520
f 1710/886/1520 1712/888/1522 1703/879/1513
f 1712/888/1522 1711/887/1521 1713/889/1523
f 1713/889/1523 1714/890/1524 1712/888/1522
f 1712/888/1522 1714/890/1524 1703/879/1513
f 1714/890/1524 1715/891/1525 1716/892/1295
f 1717/893/1526 1714/890/1524 1716/892/1295
f 1703/879/1513 1714/890/1524 1718/894/1527
f 1718/894/1527 1714/890/1524 1717/893/1526
f 1716/892/1295 1719/895/1528 1717/893/1526
f 1718/894/1527 1717/893/1526 1719/895/1528
f 1719/895/1528 1716/892/1295 1720/896/1529
f 1720/896/1529 1721/897/1530 1719/895/1528
f 1722/898/1531 1719/895/1528 1721/897/1530
f 1722/898/1531 1718/894/1527 1719/895/1528
f 1723/899/1532 1722/898/1531 1721/897/1530
f 1722/898/1531 1723/899/1532 1718/894/1527
f 1723/899/1532 1721/897/1530 1724/900/1533
f 1725/901/1534 1723/899/1532 1724/900/1533
f 1723/899/1532 1725/901/1534 1726/902/1535
f 1718/894/1527 1723/899/1532 1726/902/1535
f 1725/901/1534 1727/903/1536 1726/902/1535
f 1718/894/1527 1726/902/1535 1727/903/1536
f 1728/904/717 1729/905/718 1730/906/1537
f 1730/906/1537 1729/905/718 1731/907/1538
f 1728/904/717 1730/906/1537 1732/908/1539
f 1730/906/1537 1731/907/1538 1733/909/1540
f 1732/908/1539 1730/906/1537 1734/910/1541
f 1734/910/1541 1730/906/1537 1733/909/1540
f 1735/904/88 1736/906/1542 1737/905/724
f 1736/906/1542 1738/907/1543 1737/905/724
f 1735/904/88 1739/908/87 1736/906/1542
f 1736/906/1542 1740/909/1544 1738/907/1543
f 1739/908/87 1741/910/924 1736/906/1542
f 1741/910/924 1740/909/1544 1736/906/1542
f 1363/703/1191 1365/705/1193 1742/849/1545
f 1365/705/1193 1743/847/1546 1742/849/1545
f 1365/705/1193 1744/848/1547 1743/847/1546
f 1745/846/1548 1743/847/1546 1744/848/1547
f 1743/847/1546 1745/846/1548 1746/845/1549
f 1744/848/1547 1365/705/1193 1747/823/1550
f 1747/823/1550 1365/705/1193 1355/695/1183
f 1744/848/1547 1747/823/1550 1745/846/1548
f 1745/846/1548 1748/843/1551 1746/845/1549
f 1747/823/1550 1748/843/1551 1745/846/1548
f 1749/844/1552 1746/845/1549 1748/843/1551
f 1748/843/1551 1750/842/1553 1749/844/1552
f 1750/842/1553 1748/843/1551 1751/841/1554
f 1748/843/1551 1747/823/1550 1751/841/1554
f 1751/841/1554 1752/839/1555 1750/842/1553
f 1752/839/1555 1751/841/1554 1753/840/1556
f 1747/823/1550 1753/840/1556 1751/841/1554
f 1754/837/1557 1752/839/1555 1753/840/1556
f 1753/840/1556 1747/823/1550 1754/837/1557
f 1752/839/1555 1754/837/1557 1755/838/1558
f 1754/837/1557 1756/835/1559 1755/838/1558
f 1756/835/1559 1754/837/1557 1757/836/1560
f 1758/834/1561 1756/835/1559 1757/836/1560
f 1756/835/1559 1758/834/1561 1759/833/1562
f 1760/825/1563 1757/836/1560 1754/837/1557
f 1760/825/1563 1758/834/1561 1757/836/1560
f 1754/837/1557 1747/823/1550 1760/825/1563
f 1761/832/1564 1759/833/1562 1758/834/1561
f 1760/825/1563 1761/832/1564 1758/834/1561
f 1762/831/1565 1759/833/1562 1761/832/1564
f 1763/830/1566 1762/831/1565 1761/832/1564
f 1761/832/1564 1760/825/1563 1763/830/1566
f 1762/831/1565 1763/830/1566 1764/829/1567
f 1765/828/1568 1764/829/1567 1763/830/1566
f 1760/825/1563 1765/828/1568 1763/830/1566
f 1764/829/1567 1765/828/1568 1337/677/1165
f 1335/675/1163 1337/677/1165 1765/828/1568
f 1760/825/1563 1335/675/1163 1765/828/1568
f 1322/662/1150 1335/675/1163 1760/825/1563
f 1760/825/1563 1747/823/1550 1766/826/1569
f 1760/825/1563 1767/824/1570 1322/662/1150
f 1767/824/1570 1760/825/1563 1766/826/1569
f 1747/823/1550 1768/827/1571 1766/826/1569
f 1767/824/1570 1766/826/1569 1768/827/1571
f 1747/823/1550 1769/822/1572 1768/827/1571
f 1769/822/1572 1747/823/1550 1355/695/1183
f 1768/827/1571 1770/821/1573 1767/824/1570
f 1770/821/1573 1768/827/1571 1769/822/1572
f 1770/821/1573 1322/662/1150 1767/824/1570
f 1355/695/1183 1770/821/1573 1769/822/1572
f 1340/680/1168 1322/662/1150 1770/821/1573
f 1770/821/1573 1355/695/1183 1340/680/1168
f 1771/860/1574 1772/862/1575 1773/861/1576
f 1774/863/1213 1771/860/1574 1773/861/1576
f 1771/860/1574 1774/863/1213 1775/864/1577
f 1773/861/1576 1776/865/1578 1774/863/1213
f 1775/864/1577 1777/866/1579 1771/860/1574
f 1776/865/1578 1773/861/1576 1778/867/1580
f 1772/862/1575 1778/867/1580 1773/861/1576
f 1779/868/1581 1776/865/1578 1778/867/1580
f 1772/862/1575 1779/868/1581 1778/867/1580
f 1776/865/1578 1779/868/1581 1780/869/1582
f 1781/870/1583 1771/860/1574 1777/866/1579
f 1781/870/1583 1772/862/1575 1771/860/1574
f 1777/866/1579 1782/871/1220 1781/870/1583
f 1783/872/1584 1780/869/1582 1779/868/1581
f 1779/868/1581 1772/862/1575 1783/872/1584
f 1780/869/1582 1783/872/1584 1784/873/1219
f 1785/874/1585 1781/870/1583 1782/871/1220
f 1785/874/1585 1772/862/1575 1781/870/1583
f 1782/871/1220 1786/875/1586 1785/874/1585
f 1786/875/1586 1782/871/1220 1787/876/1587
f 1788/877/1588 1784/873/1219 1783/872/1584
f 1784/873/1219 1788/877/1588 1789/878/1589
f 1790/879/1590 1788/877/1588 1783/872/1584
f 1790/879/1590 1783/872/1584 1772/862/1575
f 1791/880/1591 1789/878/1589 1788/877/1588
f 1791/880/1591 1788/877/1588 1790/879/1590
f 1789/878/1589 1791/880/1591 1792/881/1592
f 1791/880/1591 1793/882/1593 1792/881/1592
f 1791/880/1591 1790/879/1590 1793/882/1593
f 1794/883/1258 1792/881/1592 1793/882/1593
f 1795/884/1594 1794/883/1258 1793/882/1593
f 1793/882/1593 1796/885/1595 1795/884/1594
f 1793/882/1593 1790/879/1590 1796/885/1595
f 1797/886/1596 1795/884/1594 1796/885/1595
f 1790/879/1590 1797/886/1596 1796/885/1595
f 1795/884/1594 1797/886/1596 1798/887/1597
f 1799/888/1598 1798/887/1597 1797/886/1596
f 1797/886/1596 1790/879/1590 1799/888/1598
f 1798/887/1597 1799/888/1598 1800/889/1599
f 1801/890/1600 1800/889/1599 1799/888/1598
f 1799/888/1598 1790/879/1590 1801/890/1600
f 1802/892/1248 1803/891/1601 1801/890/1600
f 1801/890/1600 1804/893/1602 1802/892/1248
f 1805/895/1603 1802/892/1248 1804/893/1602
f 1802/892/1248 1805/895/1603 1806/896/1604
f 1807/894/1605 1804/893/1602 1801/890/1600
f 1790/879/1590 1807/894/1605 1801/890/1600
f 1807/894/1605 1805/895/1603 1804/893/1602
f 1808/897/1606 1806/896/1604 1805/895/1603
f 1808/897/1606 1805/895/1603 1809/898/1607
f 1809/898/1607 1805/895/1603 1807/894/1605
f 1809/898/1607 1810/899/1608 1808/897/1606
f 1809/898/1607 1807/894/1605 1810/899/1608
f 1811/900/1609 1808/897/1606 1810/899/1608
f 1810/899/1608 1812/901/1610 1811/900/1609
f 1812/901/1610 1810/899/1608 1813/902/1611
f 1807/894/1605 1813/902/1611 1810/899/1608
f 1814/903/1612 1812/901/1610 1813/902/1611
f 1807/894/1605 1814/903/1612 1813/902/1611
f 1812/901/1610 1814/903/1612 1815/911/1613
f 1816/912/1614 1815/911/1613 1814/903/1612
f 1814/903/1612 1807/894/1605 1816/912/1614
f 1815/911/1613 1816/912/1614 1817/913/1615
f 1816/912/1614 1818/914/1240 1817/913/1615
f 1818/914/1240 1816/912/1614 1819/915/1616
f 1819/915/1616 1820/916/1617 1818/914/1240
f 1816/912/1614 1807/894/1605 1821/917/1618
f 1821/917/1618 1819/915/1616 1816/912/1614
f 1820/916/1617 1819/915/1616 1822/918/1619
f 1821/917/1618 1822/918/1619 1819/915/1616
f 1822/918/1619 1823/919/1620 1820/916/1617
f 1823/919/1620 1822/918/1619 1824/920/1621
f 1822/918/1619 1821/917/1618 1824/920/1621
f 1825/921/1622 1826/922/1623 1827/923/1624
f 1827/923/1624 1826/922/1623 1828/924/1625
f 1828/924/1625 1829/925/1481 1827/923/1624
f 1830/926/1626 1828/924/1625 1826/922/1623
f 1829/925/1481 1831/927/1627 1827/923/1624
f 1825/921/1622 1827/923/1624 1831/927/1627
f 1829/925/1481 1832/928/1628 1831/927/1627
f 1833/929/1480 1831/927/1627 1832/928/1628
f 1826/922/1623 1834/930/1629 1830/926/1626
f 1826/922/1623 1825/921/1622 1834/930/1629
f 1831/927/1627 1833/929/1480 1835/931/1630
f 1825/921/1622 1831/927/1627 1835/931/1630
f 1836/932/1631 1835/931/1630 1833/929/1480
f 1825/921/1622 1835/931/1630 1836/932/1631
f 1833/929/1480 1837/933/1482 1836/932/1631
f 1838/934/1485 1836/932/1631 1837/933/1482
f 1825/921/1622 1836/932/1631 1839/935/1632
f 1836/932/1631 1838/934/1485 1839/935/1632
f 1834/930/1629 1825/921/1622 1840/936/1633
f 1825/921/1622 1839/935/1632 1840/936/1633
f 1840/936/1633 1839/935/1632 1838/934/1485
f 1840/936/1633 1830/926/1626 1834/930/1629
f 1838/934/1485 1841/937/1634 1840/936/1633
f 1830/926/1626 1840/936/1633 1841/937/1634
f 1842/921/1635 1843/923/1636 1844/922/1637
f 1844/922/1637 1843/923/1636 1845/924/1638
f 1846/925/1491 1845/924/1638 1843/923/1636
f 1844/922/1637 1845/924/1638 1847/926/1639
f 1843/923/1636 1848/927/1640 1846/925/1491
f 1842/921/1635 1848/927/1640 1843/923/1636
f 1849/928/1641 1846/925/1491 1848/927/1640
f 1848/927/1640 1850/929/1489 1849/928/1641
f 1851/930/1642 1844/922/1637 1847/926/1639
f 1844/922/1637 1851/930/1642 1842/921/1635
f 1850/929/1489 1848/927/1640 1852/931/1643
f 1842/921/1635 1852/931/1643 1848/927/1640
f 1852/931/1643 1853/932/1644 1850/929/1489
f 1842/921/1635 1853/932/1644 1852/931/1643
f 1850/929/1489 1853/932/1644 1854/933/1492
f 1853/932/1644 1855/934/1495 1854/933/1492
f 1842/921/1635 1856/935/1645 1853/932/1644
f 1855/934/1495 1853/932/1644 1856/935/1645
f 1851/930/1642 1857/936/1646 1842/921/1635
f 1842/921/1635 1857/936/1646 1856/935/1645
f 1856/935/1645 1857/936/1646 1855/934/1495
f 1847/926/1639 1857/936/1646 1851/930/1642
f 1855/934/1495 1857/936/1646 1858/937/1497
f 1857/936/1646 1847/926/1639 1858/937/1497
f 1859/938/240 1860/939/1647 1861/940/1648
f 1860/939/1647 1862/941/243 1861/940/1648
f 1860/939/1647 1859/938/240 1863/942/1649
f 1864/943/997 1863/942/1649 1859/938/240
f 1864/943/997 1865/944/1650 1863/942/1649
f 1862/941/243 1860/939/1647 1866/945/1651
f 1866/945/1651 1867/946/1652 1862/941/243
f 1867/946/1652 1866/945/1651 1868/947/1653
f 1867/946/1652 1868/947/1653 1869/948/1654
f 1870/949/1655 1869/948/1654 1868/947/1653
f 1870/949/1655 1871/950/1656 1869/948/1654
f 1871/950/1656 1870/949/1655 1872/951/789
f 1873/938/1657 1874/939/1658 1875/942/1659
f 1875/942/1659 1876/943/1660 1873/938/1657
f 1877/944/1661 1876/943/1660 1875/942/1659
f 1874/939/1658 1873/938/1657 1878/940/250
f 1879/941/251 1874/939/1658 1878/940/250
f 1874/939/1658 1879/941/251 1880/945/1662
f 1881/946/1663 1880/945/1662 1879/941/251
f 1880/945/1662 1881/946/1663 1882/947/1664
f 1882/947/1664 1881/946/1663 1883/948/1665
f 1882/947/1664 1883/948/1665 1884/949/1666
f 1885/950/254 1884/949/1666 1883/948/1665
f 1884/949/1666 1885/950/254 1886/951/795
f 1887/952/1667 1888/953/1668 1889/954/1669
f 1887/952/1667 1890/955/1670 1888/953/1668
f 1891/956/1671 1887/952/1667 1889/954/1669
f 1892/957/1672 1890/955/1670 1887/952/1667
f 1893/958/113 1887/952/1667 1891/956/1671
f 1892/957/1672 1887/952/1667 1893/958/113
f 1894/952/1673 1895/954/1674 1896/953/1675
f 1897/956/1148 1895/954/1674 1894/952/1673
f 1894/952/1673 1896/953/1675 1898/955/1676
f 1899/958/130 1897/956/1148 1894/952/1673
f 1900/957/1677 1894/952/1673 1898/955/1676
f 1900/957/1677 1899/958/130 1894/952/1673
f 1901/959/1678 1902/960/1679 1903/961/1680
f 1904/962/1185 1902/960/1679 1901/959/1678
f 1901/959/1678 1903/961/1680 1905/963/1681
f 1901/959/1678 1906/964/1682 1904/962/1185
f 1901/959/1678 1905/963/1681 1907/965/1683
f 1906/964/1682 1901/959/1678 1907/965/1683
f 1906/964/1682 1907/965/1683 1908/966/1684
f 1905/963/1681 1909/967/1685 1907/965/1683
f 1908/966/1684 1907/965/1683 1910/968/1686
f 1911/969/1687 1907/965/1683 1909/967/1685
f 1910/968/1686 1907/965/1683 1911/969/1687
f 1909/967/1685 1912/970/1688 1911/969/1687
f 1910/968/1686 1911/969/1687 1913/971/1689
f 1914/972/1690 1912/970/1688 1909/967/1685
f 1915/973/1546 1914/972/1690 1909/967/1685
f 1911/969/1687 1912/970/1688 1916/974/1691
f 1913/971/1689 1911/969/1687 1916/974/1691
f 1917/975/1692 1910/968/1686 1913/971/1689
f 1910/968/1686 1917/975/1692 1918/976/1693
f 1917/975/1692 1919/977/1694 1918/976/1693
f 1915/973/1546 1920/978/1695 1914/972/1690
f 1920/978/1695 1915/973/1546 1921/979/1696
f 1921/979/1696 1922/980/1697 1920/978/1695
f 1920/978/1695 1922/980/1697 1923/981/1698
f 1923/981/1698 1924/982/1699 1920/978/1695
f 1920/978/1695 1924/982/1699 1914/972/1690
f 1924/982/1699 1925/983/1700 1914/972/1690
f 1914/972/1690 1925/983/1700 1912/970/1688
f 1925/983/1700 1926/984/1701 1912/970/1688
f 1926/984/1701 1916/974/1691 1912/970/1688
f 1925/983/1700 1927/985/1702 1926/984/1701
f 1927/985/1702 1925/983/1700 1928/986/1703
f 1929/987/1704 1916/974/1691 1926/984/1701
f 1916/974/1691 1929/987/1704 1913/971/1689
f 1930/988/1705 1929/987/1704 1926/984/1701
f 1926/984/1701 1927/985/1702 1930/988/1705
f 1927/985/1702 1931/989/1706 1930/988/1705
f 1927/985/1702 1932/990/1707 1931/989/1706
f 1928/986/1703 1933/991/1708 1927/985/1702
f 1932/990/1707 1927/985/1702 1933/991/1708
f 1933/991/1708 1928/986/1703 1934/992/1709
f 1933/991/1708 1935/993/1710 1932/990/1707
f 1934/992/1709 1935/993/1710 1933/991/1708
f 1930/988/1705 1936/994/1711 1929/987/1704
f 1936/994/1711 1930/988/1705 1937/995/1712
f 1938/996/1713 1913/971/1689 1929/987/1704
f 1929/987/1704 1936/994/1711 1938/996/1713
f 1938/996/1713 1917/975/1692 1913/971/1689
f 1939/997/1714 1936/994/1711 1937/995/1712
f 1938/996/1713 1936/994/1711 1940/998/1715
f 1917/975/1692 1938/996/1713 1941/999/1162
f 1936/994/1711 1942/1000/1716 1940/998/1715
f 1936/994/1711 1939/997/1714 1943/1001/1717
f 1942/1000/1716 1936/994/1711 1943/1001/1717
f 1939/997/1714 1944/1002/1153 1943/1001/1717
f 1943/1001/1717 1944/1002/1153 1942/1000/1716
f 1941/999/1162 1945/1003/1718 1917/975/1692
f 1919/977/1694 1917/975/1692 1945/1003/1718
f 1945/1003/1718 1941/999/1162 1946/1004/1719
f 1919/977/1694 1945/1003/1718 1947/1005/1720
f 1946/1004/1719 1948/1006/1170 1945/1003/1718
f 1945/1003/1718 1948/1006/1170 1947/1005/1720
f 1949/959/1721 1950/961/1404 1951/960/1722
f 1952/962/1723 1949/959/1721 1951/960/1722
f 1953/963/1724 1950/961/1404 1949/959/1721
f 1954/964/1725 1949/959/1721 1952/962/1723
f 1955/965/1726 1953/963/1724 1949/959/1721
f 1949/959/1721 1954/964/1725 1955/965/1726
f 1954/964/1725 1956/966/1727 1955/965/1726
f 1953/963/1724 1955/965/1726 1957/967/1728
f 1956/966/1727 1958/968/1415 1955/965/1726
f 1959/969/1729 1957/967/1728 1955/965/1726
f 1958/968/1415 1959/969/1729 1955/965/1726
f 1957/967/1728 1959/969/1729 1960/970/1730
f 1958/968/1415 1961/971/1731 1959/969/1729
f 1962/972/1732 1957/967/1728 1960/970/1730
f 1963/973/1471 1957/967/1728 1962/972/1732
f 1959/969/1729 1964/974/1733 1960/970/1730
f 1961/971/1731 1964/974/1733 1959/969/1729
f 1965/975/1734 1961/971/1731 1958/968/1415
f 1958/968/1415 1966/976/1416 1965/975/1734
f 1965/975/1734 1966/976/1416 1967/977/1418
f 1968/978/1735 1963/973/1471 1962/972/1732
f 1963/973/1471 1968/978/1735 1969/979/1736
f 1969/979/1736 1968/978/1735 1970/980/1737
f 1968/978/1735 1971/981/1738 1970/980/1737
f 1968/978/1735 1972/982/1463 1971/981/1738
f 1962/972/1732 1972/982/1463 1968/978/1735
f 1972/982/1463 1962/972/1732 1973/983/1739
f 1962/972/1732 1960/970/1730 1973/983/1739
f 1973/983/1739 1960/970/1730 1974/984/1740
f 1974/984/1740 1960/970/1730 1964/974/1733
f 1973/983/1739 1974/984/1740 1975/985/1741
f 1975/985/1741 1976/986/1742 1973/983/1739
f 1977/987/1743 1974/984/1740 1964/974/1733
f 1964/974/1733 1961/971/1731 1977/987/1743
f 1978/988/1744 1974/984/1740 1977/987/1743
f 1974/984/1740 1978/988/1744 1975/985/1741
f 1975/985/1741 1978/988/1744 1979/989/1745
f 1980/990/1746 1975/985/1741 1979/989/1745
f 1981/991/1747 1976/986/1742 1975/985/1741
f 1975/985/1741 1980/990/1746 1981/991/1747
f 1976/986/1742 1981/991/1747 1982/992/1748
f 1981/991/1747 1980/990/1746 1983/993/1749
f 1982/992/1748 1981/991/1747 1983/993/1749
f 1978/988/1744 1977/987/1743 1984/994/1750
f 1984/994/1750 1985/995/1751 1978/988/1744
f 1986/996/1445 1977/987/1743 1961/971/1731
f 1977/987/1743 1986/996/1445 1984/994/1750
f 1986/996/1445 1961/971/1731 1965/975/1734
f 1985/995/1751 1984/994/1750 1987/997/1752
f 1986/996/1445 1988/998/1444 1984/994/1750
f 1965/975/1734 1989/999/1753 1986/996/1445
f 1990/1000/1754 1984/994/1750 1988/998/1444
f 1987/997/1752 1984/994/1750 1991/1001/1755
f 1984/994/1750 1990/1000/1754 1991/1001/1755
f 1987/997/1752 1991/1001/1755 1992/1002/1441
f 1991/1001/1755 1990/1000/1754 1992/1002/1441
f 1993/1003/1756 1989/999/1753 1965/975/1734
f 1989/999/1753 1993/1003/1756 1994/1004/1757
f 1993/1003/1756 1965/975/1734 1967/977/1418
f 1994/1004/1757 1993/1003/1756 1995/1006/1424
f 1996/1005/1422 1993/1003/1756 1967/977/1418
f 1993/1003/1756 1996/1005/1422 1995/1006/1424
f 1997/1007/1758 1998/1008/1759 1999/1009/1760
f 1999/1009/1760 1998/1008/1759 2000/1010/1761
f 1997/1007/1758 1999/1009/1760 2001/1011/1762
f 2002/1012/1763 1997/1007/1758 2001/1011/1762
f 1997/1007/1758 2002/1012/1763 2003/1013/1764
f 2002/1012/1763 2004/1014/1765 2003/1013/1764
f 2004/1014/1765 2002/1012/1763 2005/1015/1766
f 2005/1015/1766 2006/1016/1767 2004/1014/1765
f 2004/1014/1765 2006/1016/1767 2007/1017/560
f 2006/1016/1767 2008/1018/561 2007/1017/560
f 2008/1018/561 2006/1016/1767 2009/1019/1768
f 2009/1019/1768 2010/1020/562 2008/1018/561
f 2010/1020/562 2009/1019/1768 2011/1021/1769
f 2011/1021/1769 2012/1022/1770 2010/1020/562
f 2012/1022/1770 2011/1021/1769 2013/1023/1771
f 2013/1023/1771 2014/1024/565 2012/1022/1770
f 2014/1024/565 2013/1023/1771 2015/1025/1772
f 2015/1025/1772 2016/1026/566 2014/1024/565
f 2016/1026/566 2015/1025/1772 2017/1027/226
f 2018/1011/1773 2019/1009/1774 2020/1007/568
f 2019/1009/1774 2021/1008/1775 2020/1007/568
f 2019/1009/1774 2022/1010/1776 2021/1008/1775
f 2020/1007/568 2023/1012/1777 2018/1011/1773
f 2023/1012/1777 2020/1007/568 2024/1013/571
f 2025/1014/572 2023/1012/1777 2024/1013/571
f 2023/1012/1777 2025/1014/572 2026/1015/1661
f 2025/1014/572 2027/1016/1778 2026/1015/1661
f 2027/1016/1778 2025/1014/572 2028/1017/574
f 2029/1018/1779 2027/1016/1778 2028/1017/574
f 2027/1016/1778 2029/1018/1779 2030/1019/1780
f 2031/1020/577 2030/1019/1780 2029/1018/1779
f 2030/1019/1780 2031/1020/577 2032/1021/1781
f 2033/1022/1782 2032/1021/1781 2031/1020/577
f 2032/1021/1781 2033/1022/1782 2034/1023/1783
f 2035/1024/579 2034/1023/1783 2033/1022/1782
f 2034/1023/1783 2035/1024/579 2036/1025/1784
f 2037/1026/580 2036/1025/1784 2035/1024/579
f 2036/1025/1784 2037/1026/580 2038/1027/1785
f 2039/1028/1786 2040/1029/1787 2041/1030/1788
f 2040/1029/1787 2039/1028/1786 2042/1031/1789
f 2041/1030/1788 2043/1032/452 2039/1028/1786
f 2044/1033/457 2040/1029/1787 2042/1031/1789
f 2043/1032/452 2041/1030/1788 2045/1034/1790
f 2040/1029/1787 2044/1033/457 2046/1035/1791
f 2047/1036/449 2043/1032/452 2045/1034/1790
f 2044/1033/457 2048/1037/1792 2046/1035/1791
f 2047/1036/449 2045/1034/1790 2049/1038/1793
f 2049/1038/1793 2050/1039/1794 2047/1036/449
f 2050/1039/1794 2049/1038/1793 2051/1040/1759
f 2048/1037/1792 2052/1041/1795 2046/1035/1791
f 2048/1037/1792 2053/1042/1796 2052/1041/1795
f 2048/1037/1792 2054/1043/459 2053/1042/1796
f 2055/1029/1797 2056/1028/465 2057/1030/597
f 2058/1032/1798 2057/1030/597 2056/1028/465
f 2056/1028/465 2055/1029/1797 2059/1031/1799
f 2057/1030/597 2058/1032/1798 2060/1034/1800
f 2055/1029/1797 2061/1033/1801 2059/1031/1799
f 2058/1032/1798 2062/1036/1802 2060/1034/1800
f 2063/1035/1803 2061/1033/1801 2055/1029/1797
f 2060/1034/1800 2062/1036/1802 2064/1038/1804
f 2065/1039/181 2064/1038/1804 2062/1036/1802
f 2064/1038/1804 2065/1039/181 2066/1040/1775
f 2063/1035/1803 2067/1037/1805 2061/1033/1801
f 2063/1035/1803 2068/1041/1806 2067/1037/1805
f 2068/1041/1806 2069/1042/1807 2067/1037/1805
f 2069/1042/1807 2070/1043/471 2067/1037/1805
f 2071/1044/1808 2072/1045/1809 2073/1046/1810
f 2074/1047/413 2073/1046/1810 2072/1045/1809
f 2072/1045/1809 2075/1048/237 2074/1047/413
f 2075/1048/237 2072/1045/1809 2076/1049/1811
f 2077/1050/408 2071/1044/1808 2073/1046/1810
f 2071/1044/1808 2077/1050/408 2078/1051/1812
f 2077/1050/408 2079/1052/1813 2078/1051/1812
f 2079/1052/1813 2080/1053/1814 2078/1051/1812
f 2079/1052/1813 2081/1054/1815 2080/1053/1814
f 2081/1054/1815 2079/1052/1813 2082/1055/1816
f 2083/1045/1817 2084/1044/1818 2085/1046/1819
f 2084/1044/1818 2086/1050/416 2085/1046/1819
f 2085/1046/1819 2087/1047/413 2083/1045/1817
f 2088/1048/239 2083/1045/1817 2087/1047/413
f 2083/1045/1817 2088/1048/239 2089/1049/1820
f 2090/1051/1821 2086/1050/416 2084/1044/1818
f 2090/1051/1821 2091/1052/1822 2086/1050/416
f 2090/1051/1821 2092/1053/1823 2091/1052/1822
f 2093/1054/234 2091/1052/1822 2092/1053/1823
f 2091/1052/1822 2093/1054/234 2094/1055/235
f 2095/1056/1824 1583/814/1397 2096/1057/1825
f 2096/1057/1825 2097/1058/1826 2095/1056/1824
f 2098/1059/1827 2097/1058/1826 2096/1057/1825
f 2099/1060/585 2095/1056/1824 2097/1058/1826
f 2096/1057/1825 2100/1061/1828 2098/1059/1827
f 2095/1056/1824 2099/1060/585 2101/1062/1829
f 2101/1062/1829 1583/814/1397 2095/1056/1824
f 2099/1060/585 2102/1063/1830 2101/1062/1829
f 2102/1063/1830 1583/814/1397 2101/1062/1829
f 2099/1060/585 2103/1064/588 2102/1063/1830
f 2100/1061/1828 2096/1057/1825 2104/1065/1831
f 1583/814/1397 2104/1065/1831 2096/1057/1825
f 2104/1065/1831 2105/1066/586 2100/1061/1828
f 2105/1066/586 2104/1065/1831 2106/1067/1832
f 1583/814/1397 2106/1067/1832 2104/1065/1831
f 1582/813/1396 2105/1066/586 2106/1067/1832
f 1582/813/1396 2106/1067/1832 1583/814/1397
f 2105/1066/586 1582/813/1396 2107/812/1833
f 2103/1064/588 2108/1068/1834 2102/1063/1830
f 2108/1068/1834 2103/1064/588 2109/1069/597
f 2102/1063/1830 1585/816/1399 1583/814/1397
f 1585/816/1399 2102/1063/1830 2108/1068/1834
f 1581/811/1395 2107/812/1833 1582/813/1396
f 2107/812/1833 1581/811/1395 1580/810/1394
f 2109/1069/597 2110/1070/1835 2108/1068/1834
f 1585/816/1399 2108/1068/1834 2110/1070/1835
f 2109/1069/597 2111/1071/1836 2110/1070/1835
f 2111/1071/1836 2112/1072/1837 2110/1070/1835
f 2113/1073/1838 2110/1070/1835 2112/1072/1837
f 1585/816/1399 2110/1070/1835 2113/1073/1838
f 2112/1072/1837 2114/1074/1839 2113/1073/1838
f 2114/1074/1839 1585/816/1399 2113/1073/1838
f 2114/1074/1839 2112/1072/1837 2115/1075/601
f 2116/1076/1840 2114/1074/1839 2115/1075/601
f 1585/816/1399 2114/1074/1839 2116/1076/1840
f 2115/1075/601 2117/1077/1841 2116/1076/1840
f 2118/1078/1842 2116/1076/1840 2117/1077/1841
f 1585/816/1399 2116/1076/1840 2118/1078/1842
f 2119/1079/603 2118/1078/1842 2117/1077/1841
f 2120/1080/1843 2118/1078/1842 2119/1079/603
f 2118/1078/1842 2120/1080/1843 2121/1081/1844
f 2122/1082/1845 2121/1081/1844 2120/1080/1843
f 1585/816/1399 2118/1078/1842 1558/778/1372
f 1558/778/1372 2118/1078/1842 2121/1081/1844
f 2121/1081/1844 2122/1082/1845 2123/1083/1846
f 1558/778/1372 2121/1081/1844 2123/1083/1846
f 2124/776/1847 2123/1083/1846 2122/1082/1845
f 2123/1083/1846 2124/776/1847 2125/777/1848
f 1558/778/1372 2123/1083/1846 2125/777/1848
f 2124/776/1847 2126/775/1849 2125/777/1848
f 2126/775/1849 1558/778/1372 2125/777/1848
f 2126/775/1849 2124/776/1847 2127/779/1850
f 2127/779/1850 2128/780/1851 2126/775/1849
f 1558/778/1372 2126/775/1849 2128/780/1851
f 2128/780/1851 2127/779/1850 1550/781/1364
f 1550/781/1364 1552/782/1366 2128/780/1851
f 1558/778/1372 2128/780/1851 1552/782/1366
f 2129/1084/1852 2130/1085/893 2131/1086/1853
f 2130/1085/893 2129/1084/1852 2132/1087/894
f 2129/1084/1852 2133/1088/697 2132/1087/894
f 2133/1088/697 2129/1084/1852 2134/1089/1854
f 2135/1090/1855 2133/1088/697 2134/1089/1854
f 2133/1088/697 2135/1090/1855 2136/1091/1856
f 2137/1092/1857 2136/1091/1856 2135/1090/1855
f 2136/1091/1856 2137/1092/1857 2138/1093/699
f 2137/1092/1857 2139/1094/701 2138/1093/699
f 2139/1094/701 2137/1092/1857 2140/1095/1858
f 2141/1096/1859 2139/1094/701 2140/1095/1858
f 2140/1095/1858 2142/1097/1860 2141/1096/1859
f 2143/1098/1861 2141/1096/1859 2142/1097/1860
f 2142/1097/1860 2144/1099/482 2143/1098/1861
f 2141/1096/1859 2143/1098/1861 2145/1100/704
f 2146/1101/1862 2143/1098/1861 2144/1099/482
f 2147/1102/1863 2145/1100/704 2143/1098/1861
f 2143/1098/1861 2146/1101/1862 2147/1102/1863
f 2145/1100/704 2147/1102/1863 2148/1103/1864
f 2149/1104/1865 2147/1102/1863 2146/1101/1862
f 2150/1105/1866 2148/1103/1864 2147/1102/1863
f 2147/1102/1863 2149/1104/1865 2150/1105/1866
f 2148/1103/1864 2150/1105/1866 2151/1106/1867
f 2149/1104/1865 2152/1107/1868 2150/1105/1866
f 2153/1108/1869 2151/1106/1867 2150/1105/1866
f 2150/1105/1866 2152/1107/1868 2153/1108/1869
f 2151/1106/1867 2153/1108/1869 2154/1109/1870
f 2152/1107/1868 2155/1110/1871 2153/1108/1869
f 2153/1108/1869 2156/1111/1872 2154/1109/1870
f 2153/1108/1869 2155/1110/1871 2157/1112/1873
f 2156/1111/1872 2153/1108/1869 2157/1112/1873
f 2158/1084/1874 2159/1085/896 2160/1087/1875
f 2159/1085/896 2158/1084/1874 2161/1086/1876
f 2162/1088/697 2158/1084/1874 2160/1087/1875
f 2158/1084/1874 2162/1088/697 2163/1089/1877
f 2162/1088/697 2164/1090/1878 2163/1089/1877
f 2165/1091/1879 2164/1090/1878 2162/1088/697
f 2164/1090/1878 2165/1091/1879 2166/1092/1880
f 2165/1091/1879 2167/1093/708 2166/1092/1880
f 2168/1094/1881 2166/1092/1880 2167/1093/708
f 2166/1092/1880 2168/1094/1881 2169/1095/1882
f 2168/1094/1881 2170/1096/1883 2169/1095/1882
f 2170/1096/1883 2171/1097/1884 2169/1095/1882
f 2170/1096/1883 2172/1098/1885 2171/1097/1884
f 2171/1097/1884 2172/1098/1885 2173/1099/1886
f 2172/1098/1885 2170/1096/1883 2174/1100/1887
f 2175/1101/1888 2173/1099/1886 2172/1098/1885
f 2174/1100/1887 2176/1102/1889 2172/1098/1885
f 2175/1101/1888 2172/1098/1885 2176/1102/1889
f 2176/1102/1889 2174/1100/1887 2177/1103/1890
f 2176/1102/1889 2178/1104/1891 2175/1101/1888
f 2177/1103/1890 2179/1105/1892 2176/1102/1889
f 2178/1104/1891 2176/1102/1889 2179/1105/1892
f 2179/1105/1892 2177/1103/1890 2180/1106/1893
f 2179/1105/1892 2181/1107/1894 2178/1104/1891
f 2179/1105/1892 2180/1106/1893 2182/1108/1895
f 2181/1107/1894 2179/1105/1892 2182/1108/1895
f 2183/1109/526 2182/1108/1895 2180/1106/1893
f 2182/1108/1895 2184/1110/1896 2181/1107/1894
f 2185/1111/529 2182/1108/1895 2183/1109/526
f 2184/1110/1896 2182/1108/1895 2186/1112/442
f 2182/1108/1895 2185/1111/529 2186/1112/442
f 2187/1113/1862 2188/1114/502 2189/1115/1865
f 2188/1114/502 2190/1116/505 2189/1115/1865
f 2188/1114/502 2187/1113/1862 2191/1117/500
f 2192/1118/100 2191/1117/500 2187/1113/1862
f 2187/1113/1862 2193/1119/482 2192/1118/100
f 2189/1115/1865 2190/1116/505 2194/1120/1868
f 2194/1120/1868 2190/1116/505 2195/1121/506
f 2194/1120/1868 2195/1121/506 2196/1122/436
f 2197/1114/1897 2198/1113/1888 2199/1115/1891
f 2198/1113/1888 2197/1114/1897 2200/1117/1898
f 2200/1117/1898 2201/1118/1899 2198/1113/1888
f 2201/1118/1899 2202/1119/1900 2198/1113/1888
f 2199/1115/1891 2203/1116/1901 2197/1114/1897
f 2203/1116/1901 2199/1115/1891 2204/1120/1894
f 2205/1121/445 2203/1116/1901 2204/1120/1894
f 2205/1121/445 2204/1120/1894 2206/1122/1902
f 1727/903/1536 1725/901/1534 2207/911/1903
f 2207/911/1903 2208/912/1904 1727/903/1536
f 1727/903/1536 2208/912/1904 1718/894/1527
f 2208/912/1904 2207/911/1903 2209/913/1286
f 2209/913/1286 2210/914/1905 2208/912/1904
f 2208/912/1904 2210/914/1905 2211/915/1906
f 2210/914/1905 2212/916/1907 2211/915/1906
f 2208/912/1904 2213/917/1908 1718/894/1527
f 2213/917/1908 2208/912/1904 2211/915/1906
f 2211/915/1906 2212/916/1907 2214/918/1909
f 2213/917/1908 2211/915/1906 2214/918/1909
f 2215/919/1910 2214/918/1909 2212/916/1907
f 2214/918/1909 2215/919/1910 2216/920/1911
f 2214/918/1909 2216/920/1911 2213/917/1908
f 2215/919/1910 2217/1123/1912 2216/920/1911
f 2213/917/1908 2216/920/1911 2217/1123/1912
f 2217/1123/1912 2215/919/1910 2218/1124/1913
f 2218/1124/1913 2219/1125/1284 2217/1123/1912
f 2217/1123/1912 2219/1125/1284 2220/1126/1914
f 2213/917/1908 2217/1123/1912 2220/1126/1914
f 2219/1125/1284 2221/1127/1915 2220/1126/1914
f 2213/917/1908 2220/1126/1914 2221/1127/1915
f 2221/1127/1915 2219/1125/1284 2222/1128/1916
f 2222/1128/1916 2223/1129/1917 2221/1127/1915
f 2223/1129/1917 2222/1128/1916 2224/1130/1918
f 2225/1131/1919 2223/1129/1917 2224/1130/1918
f 2226/1132/1920 2221/1127/1915 2223/1129/1917
f 2221/1127/1915 2226/1132/1920 2213/917/1908
f 2227/1133/1921 2223/1129/1917 2225/1131/1919
f 2227/1133/1921 2226/1132/1920 2223/1129/1917
f 2228/1134/1282 2227/1133/1921 2225/1131/1919
f 2227/1133/1921 2228/1134/1282 2229/1135/1922
f 2227/1133/1921 2229/1135/1922 2226/1132/1920
f 2230/1136/1923 2229/1135/1922 2228/1134/1282
f 2229/1135/1922 2230/1136/1923 2231/1137/1924
f 2226/1132/1920 2229/1135/1922 2231/1137/1924
f 2230/1136/1923 1700/876/1510 2231/1137/1924
f 2231/1137/1924 1700/876/1510 1699/875/1509
f 2226/1132/1920 2231/1137/1924 1699/875/1509
f 1699/875/1509 1698/874/1508 2226/1132/1920
f 2226/1132/1920 1698/874/1508 1686/862/1500
f 2232/1138/1925 2226/1132/1920 1686/862/1500
f 1686/862/1500 2233/1139/1926 2232/1138/1925
f 1686/862/1500 1703/879/1513 2233/1139/1926
f 2226/1132/1920 2232/1138/1925 2234/1140/1927
f 2233/1139/1926 2234/1140/1927 2232/1138/1925
f 2235/1141/1928 2226/1132/1920 2234/1140/1927
f 2226/1132/1920 2235/1141/1928 2213/917/1908
f 2236/1142/1929 2234/1140/1927 2233/1139/1926
f 2236/1142/1929 2233/1139/1926 1703/879/1513
f 2234/1140/1927 2236/1142/1929 2235/1141/1928
f 2236/1142/1929 2213/917/1908 2235/1141/1928
f 2236/1142/1929 1703/879/1513 1718/894/1527
f 2213/917/1908 2236/1142/1929 1718/894/1527
f 2237/1143/1930 2238/1144/1538 2239/1145/718
f 2238/1144/1538 2237/1143/1930 2240/1146/1931
f 2241/1147/720 2240/1146/1931 2237/1143/1930
f 2240/1146/1931 2241/1147/720 2242/1148/1932
f 2243/1149/721 2242/1148/1932 2241/1147/720
f 2242/1148/1932 2243/1149/721 2244/1150/1933
f 2245/1151/1934 2244/1150/1933 2243/1149/721
f 2244/1150/1933 2245/1151/1934 2246/1152/1935
f 2247/1144/1936 2248/1143/1937 2249/1145/724
f 2248/1143/1937 2247/1144/1936 2250/1146/1938
f 2250/1146/1938 2251/1147/727 2248/1143/1937
f 2251/1147/727 2250/1146/1938 2252/1148/1939
f 2252/1148/1939 2253/1149/728 2251/1147/727
f 2252/1148/1939 2254/1150/1940 2253/1149/728
f 2254/1150/1940 2255/1151/729 2253/1149/728
f 2255/1151/729 2254/1150/1940 2256/1152/1941
f 2257/1153/1942 2258/1154/1943 2259/1155/1944
f 2259/1155/1944 2258/1154/1943 2260/1156/1945
f 2260/1156/1945 2261/1157/1093 2259/1155/1944
f 2262/1158/1095 2259/1155/1944 2261/1157/1093
f 2263/1159/1946 2260/1156/1945 2258/1154/1943
f 2257/1153/1942 2263/1159/1946 2258/1154/1943
f 2260/1156/1945 2263/1159/1946 2264/1160/1947
f 2265/1161/1948 2264/1160/1947 2263/1159/1946
f 2257/1153/1942 2265/1161/1948 2263/1159/1946
f 2264/1160/1947 2265/1161/1948 2266/1162/1949
f 2259/1155/1944 2262/1158/1095 2267/1163/1950
f 2259/1155/1944 2267/1163/1950 2257/1153/1942
f 2268/1164/1951 2267/1163/1950 2262/1158/1095
f 2269/1165/1952 2266/1162/1949 2265/1161/1948
f 2257/1153/1942 2269/1165/1952 2265/1161/1948
f 2266/1162/1949 2269/1165/1952 2270/1166/1088
f 2271/1167/1953 2257/1153/1942 2267/1163/1950
f 2267/1163/1950 2268/1164/1951 2271/1167/1953
f 2257/1153/1942 2272/1168/1954 2269/1165/1952
f 2272/1168/1954 2270/1166/1088 2269/1165/1952
f 2271/1167/1953 2272/1168/1954 2257/1153/1942
f 2268/1164/1951 2272/1168/1954 2271/1167/1953
f 2270/1166/1088 2272/1168/1954 2273/1169/1955
f 2272/1168/1954 2268/1164/1951 2273/1169/1955
f 2274/1153/1956 2275/1155/1957 2276/1154/1958
f 2276/1154/1958 2275/1155/1957 2277/1156/1100
f 2278/1157/1103 2277/1156/1100 2275/1155/1957
f 2275/1155/1957 2279/1158/1105 2278/1157/1103
f 2277/1156/1100 2280/1159/1959 2276/1154/1958
f 2274/1153/1956 2276/1154/1958 2280/1159/1959
f 2280/1159/1959 2277/1156/1100 2281/1160/1960
f 2279/1158/1105 2275/1155/1957 2282/1163/1961
f 2275/1155/1957 2274/1153/1956 2282/1163/1961
f 2282/1163/1961 2283/1164/1962 2279/1158/1105
f 2283/1164/1962 2282/1163/1961 2284/1167/1963
f 2284/1167/1963 2282/1163/1961 2274/1153/1956
f 2281/1160/1960 2285/1161/1964 2280/1159/1959
f 2274/1153/1956 2280/1159/1959 2285/1161/1964
f 2285/1161/1964 2281/1160/1960 2286/1162/1965
f 2286/1162/1965 2287/1165/1966 2285/1161/1964
f 2274/1153/1956 2285/1161/1964 2287/1165/1966
f 2287/1165/1966 2286/1162/1965 2288/1166/1967
f 2284/1167/1963 2274/1153/1956 2289/1168/1968
f 2274/1153/1956 2287/1165/1966 2289/1168/1968
f 2289/1168/1968 2283/1164/1962 2284/1167/1963
f 2288/1166/1967 2289/1168/1968 2287/1165/1966
f 2290/1169/1969 2283/1164/1962 2289/1168/1968
f 2289/1168/1968 2288/1166/1967 2290/1169/1969
f 2291/1170/1970 2292/1171/1971 2293/1172/679
f 2292/1171/1971 2291/1170/1970 2294/1173/1972
f 2295/1174/1973 2292/1171/1971 2294/1173/1972
f 2292/1171/1971 2295/1174/1973 2296/1175/1974
f 2295/1174/1973 2297/1176/423 2296/1175/1974
f 2297/1176/423 2295/1174/1973 2298/1177/1975
f 2299/1173/1976 2300/1170/1887 2301/1171/689
f 2301/1171/689 2300/1170/1887 2302/1172/223
f 2301/1171/689 2303/1174/1977 2299/1173/1976
f 2303/1174/1977 2301/1171/689 2304/1175/690
f 2305/1176/1978 2303/1174/1977 2304/1175/690
f 2306/1177/1979 2303/1174/1977 2305/1176/1978
f 2307/1178/1980 2308/1179/1981 2309/1180/1982
f 2308/1179/1981 2307/1178/1980 2310/1181/1983
f 2309/1180/1982 2311/1182/473 2307/1178/1980
f 2312/1183/1984 2308/1179/1981 2310/1181/1983
f 2312/1183/1984 2313/1184/1985 2308/1179/1981
f 2314/1185/1986 2313/1184/1985 2312/1183/1984
f 2311/1182/473 2309/1180/1982 2315/1186/1987
f 2316/1187/1988 2311/1182/473 2315/1186/1987
f 2311/1182/473 2316/1187/1988 2317/1188/1989
f 2316/1187/1988 2318/1189/479 2317/1188/1989
f 2318/1189/479 2316/1187/1988 2319/1190/1990
f 2320/1191/1991 2318/1189/479 2319/1190/1990
f 2319/1190/1990 2321/1192/1992 2320/1191/1991
f 2322/1178/486 2323/1179/1993 2324/1181/490
f 2325/1183/492 2324/1181/490 2323/1179/1993
f 2326/1184/1994 2325/1183/492 2323/1179/1993
f 2327/1185/1884 2325/1183/492 2326/1184/1994
f 2323/1179/1993 2322/1178/486 2328/1180/1995
f 2329/1182/485 2328/1180/1995 2322/1178/486
f 2328/1180/1995 2329/1182/485 2330/1186/1996
f 2329/1182/485 2331/1187/1997 2330/1186/1996
f 2331/1187/1997 2329/1182/485 2332/1188/493
f 2333/1189/494 2331/1187/1997 2332/1188/493
f 2331/1187/1997 2333/1189/494 2334/1190/1998
f 2334/1190/1998 2333/1189/494 2335/1191/1677
f 2336/1192/1676 2334/1190/1998 2335/1191/1677
f 2337/1123/1999 1823/919/1620 1824/920/1621
f 1821/917/1618 2337/1123/1999 1824/920/1621
f 1823/919/1620 2337/1123/1999 2338/1124/1242
f 2337/1123/1999 2339/1125/1237 2338/1124/1242
f 2339/1125/1237 2337/1123/1999 2340/1126/2000
f 1821/917/1618 2340/1126/2000 2337/1123/1999
f 2341/1127/2001 2339/1125/1237 2340/1126/2000
f 1821/917/1618 2341/1127/2001 2340/1126/2000
f 2339/1125/1237 2341/1127/2001 2342/1128/2002
f 2343/1129/2003 2342/1128/2002 2341/1127/2001
f 2342/1128/2002 2343/1129/2003 2344/1130/2004
f 2345/1131/2005 2344/1130/2004 2343/1129/2003
f 2346/1132/2006 2343/1129/2003 2341/1127/2001
f 2341/1127/2001 1821/917/1618 2346/1132/2006
f 2343/1129/2003 2347/1133/2007 2345/1131/2005
f 2347/1133/2007 2343/1129/2003 2346/1132/2006
f 2347/1133/2007 2348/1134/2008 2345/1131/2005
f 2348/1134/2008 2347/1133/2007 2349/1135/2009
f 2347/1133/2007 2346/1132/2006 2349/1135/2009
f 2349/1135/2009 2350/1136/2010 2348/1134/2008
f 2350/1136/2010 2349/1135/2009 2351/1137/2011
f 2346/1132/2006 2351/1137/2011 2349/1135/2009
f 2351/1137/2011 1787/876/1587 2350/1136/2010
f 1787/876/1587 2351/1137/2011 1786/875/1586
f 2346/1132/2006 1786/875/1586 2351/1137/2011
f 1786/875/1586 2346/1132/2006 1785/874/1585
f 2346/1132/2006 1772/862/1575 1785/874/1585
f 2346/1132/2006 2352/1138/2012 1772/862/1575
f 2352/1138/2012 2353/1139/2013 1772/862/1575
f 1790/879/1590 1772/862/1575 2353/1139/2013
f 2352/1138/2012 2346/1132/2006 2354/1140/2014
f 2353/1139/2013 2352/1138/2012 2354/1140/2014
f 2346/1132/2006 2355/1141/2015 2354/1140/2014
f 2355/1141/2015 2346/1132/2006 1821/917/1618
f 2354/1140/2014 2356/1142/2016 2353/1139/2013
f 2356/1142/2016 2354/1140/2014 2355/1141/2015
f 2356/1142/2016 1790/879/1590 2353/1139/2013
f 1821/917/1618 2356/1142/2016 2355/1141/2015
f 1790/879/1590 2356/1142/2016 1807/894/1605
f 2356/1142/2016 1821/917/1618 1807/894/1605
f 2357/1193/2017 2358/1194/2018 2359/1195/2019
f 2358/1194/2018 2360/1196/2020 2359/1195/2019
f 2359/1195/2019 2361/1197/2021 2357/1193/2017
f 2361/1197/2021 2359/1195/2019 2362/1198/1014
f 2362/1198/1014 2363/1199/2022 2361/1197/2021
f 2363/1199/2022 2362/1198/1014 2364/1200/2023
f 2365/1201/2024 2363/1199/2022 2364/1200/2023
f 2363/1199/2022 2365/1201/2024 2366/1202/2025
f 2365/1201/2024 2367/1203/2026 2366/1202/2025
f 2366/1202/2025 2367/1203/2026 2368/1204/2027
f 2369/1205/1022 2368/1204/2027 2367/1203/2026
f 2368/1204/2027 2369/1205/1022 2370/1206/2028
f 2371/1207/2029 2370/1206/2028 2369/1205/1022
f 2370/1206/2028 2371/1207/2029 2372/1208/2030
f 2371/1207/2029 2373/1209/2031 2372/1208/2030
f 2372/1208/2030 2373/1209/2031 2374/1210/2032
f 2373/1209/2031 2375/1211/2033 2374/1210/2032
f 2375/1211/2033 2373/1209/2031 2376/1212/2034
f 2376/1212/2034 2377/1213/2035 2375/1211/2033
f 2378/1194/2036 2379/1195/2037 2380/1196/2038
f 2379/1195/2037 2378/1194/2036 2381/1193/2039
f 2382/1197/2040 2379/1195/2037 2381/1193/2039
f 2383/1198/2041 2379/1195/2037 2382/1197/2040
f 2384/1199/2042 2383/1198/2041 2382/1197/2040
f 2383/1198/2041 2384/1199/2042 2385/1200/1025
f 2384/1199/2042 2386/1201/2043 2385/1200/1025
f 2386/1201/2043 2384/1199/2042 2387/1202/2044
f 2388/1203/1034 2386/1201/2043 2387/1202/2044
f 2387/1202/2044 2389/1204/2045 2388/1203/1034
f 2389/1204/2045 2390/1205/1035 2388/1203/1034
f 2390/1205/1035 2389/1204/2045 2391/1206/2046
f 2392/1207/2047 2390/1205/1035 2391/1206/2046
f 2391/1206/2046 2393/1208/2048 2392/1207/2047
f 2394/1209/2049 2392/1207/2047 2393/1208/2048
f 2393/1208/2048 2395/1210/2050 2394/1209/2049
f 2396/1211/2051 2394/1209/2049 2395/1210/2050
f 2394/1209/2049 2396/1211/2051 2397/1212/2052
f 2398/1213/2053 2397/1212/2052 2396/1211/2051
f 2399/1214/2054 2400/1215/2055 2401/1216/2056
f 2402/1217/2057 2401/1216/2056 2400/1215/2055
f 2400/1215/2055 2403/1218/2058 2402/1217/2057
f 2403/1218/2058 2404/1219/2059 2402/1217/2057
f 2402/1217/2057 2404/1219/2059 2405/1220/1040
f 2404/1219/2059 2406/1221/2060 2405/1220/1040
f 2405/1220/1040 2406/1221/2060 2407/1222/1043
f 2406/1221/2060 2408/1223/1045 2407/1222/1043
f 2408/1223/1045 2406/1221/2060 2409/1224/2061
f 2409/1224/2061 2410/1225/2062 2408/1223/1045
f 2410/1225/2062 2409/1224/2061 2411/1226/2063
f 2411/1226/2063 2412/1227/2064 2410/1225/2062
f 2411/1226/2063 2413/1228/2065 2412/1227/2064
f 2413/1228/2065 2414/1229/2066 2412/1227/2064
f 2414/1229/2066 2413/1228/2065 2415/1230/2067
f 2415/1230/2067 2416/1231/2068 2414/1229/2066
f 2416/1231/2068 2415/1230/2067 2417/1232/2069
f 2417/1232/2069 2418/1233/2070 2416/1231/2068
f 2418/1233/2070 2417/1232/2069 2419/1234/2071
f 2420/1235/2072 2418/1233/2070 2419/1234/2071
f 2418/1233/2070 2420/1235/2072 2421/1236/2073
f 2420/1235/2072 2422/1237/2074 2421/1236/2073
f 2422/1237/2074 2420/1235/2072 2423/1238/2075
f 2422/1237/2074 2423/1238/2075 2424/1239/2076
f 2425/1240/2077 2422/1237/2074 2424/1239/2076
f 2426/1241/1312 2425/1240/2077 2424/1239/2076
f 2425/1240/2077 2426/1241/1312 2427/1242/2078
f 2428/1214/1878 2429/1216/1071 2430/1215/2079
f 2430/1215/2079 2429/1216/1071 2431/1217/1068
f 2432/1218/2080 2430/1215/2079 2431/1217/1068
f 2431/1217/1068 2433/1219/2081 2432/1218/2080
f 2433/1219/2081 2431/1217/1068 2434/1220/1063
f 2434/1220/1063 2435/1221/2082 2433/1219/2081
f 2435/1221/2082 2434/1220/1063 2436/1222/1065
f 2437/1223/1066 2435/1221/2082 2436/1222/1065
f 2435/1221/2082 2437/1223/1066 2438/1224/2083
f 2439/1225/2084 2438/1224/2083 2437/1223/1066
f 2438/1224/2083 2439/1225/2084 2440/1226/2085
f 2441/1227/2086 2440/1226/2085 2439/1225/2084
f 2440/1226/2085 2441/1227/2086 2442/1228/2087
f 2443/1229/1076 2442/1228/2087 2441/1227/2086
f 2442/1228/2087 2443/1229/1076 2444/1230/2088
f 2445/1231/1078 2444/1230/2088 2443/1229/1076
f 2444/1230/2088 2445/1231/1078 2446/1232/2089
f 2447/1233/1079 2446/1232/2089 2445/1231/1078
f 2446/1232/2089 2447/1233/1079 2448/1234/2090
f 2447/1233/1079 2449/1235/2091 2448/1234/2090
f 2449/1235/2091 2447/1233/1079 2450/1236/2092
f 2450/1236/2092 2451/1237/2093 2449/1235/2091
f 2449/1235/2091 2451/1237/2093 2452/1238/2094
f 2453/1239/2095 2452/1238/2094 2451/1237/2093
f 2451/1237/2093 2454/1240/1083 2453/1239/2095
f 2454/1240/1083 2455/1241/1316 2453/1239/2095
f 2455/1241/1316 2454/1240/1083 2456/1242/1315
f 2457/1056/2096 2458/1057/2097 1543/814/1357
f 2458/1057/2097 2457/1056/2096 2459/1058/2098
f 2459/1058/2098 2460/1059/2099 2458/1057/2097
f 2457/1056/2096 2461/1060/2100 2459/1058/2098
f 2462/1061/2101 2458/1057/2097 2460/1059/2099
f 2461/1060/2100 2457/1056/2096 2463/1062/2102
f 2463/1062/2102 2457/1056/2096 1543/814/1357
f 2463/1062/2102 2464/1063/2103 2461/1060/2100
f 2464/1063/2103 2463/1062/2102 1543/814/1357
f 2465/1064/612 2461/1060/2100 2464/1063/2103
f 2458/1057/2097 2462/1061/2101 2466/1065/2104
f 1543/814/1357 2458/1057/2097 2466/1065/2104
f 2462/1061/2101 2467/1066/2105 2466/1065/2104
f 2466/1065/2104 2467/1066/2105 2468/1067/2106
f 1543/814/1357 2466/1065/2104 2468/1067/2106
f 2467/1066/2105 1542/813/1356 2468/1067/2106
f 1542/813/1356 1543/814/1357 2468/1067/2106
f 1542/813/1356 2467/1066/2105 1541/812/1355
f 2469/1068/2107 2465/1064/612 2464/1063/2103
f 2470/1069/2108 2465/1064/612 2469/1068/2107
f 2464/1063/2103 1543/814/1357 1545/816/1359
f 1545/816/1359 2469/1068/2107 2464/1063/2103
f 2469/1068/2107 2471/1070/2109 2470/1069/2108
f 1545/816/1359 2471/1070/2109 2469/1068/2107
f 2472/1071/623 2470/1069/2108 2471/1070/2109
f 2471/1070/2109 2473/1072/2110 2472/1071/623
f 2471/1070/2109 2474/1073/2111 2473/1072/2110
f 1545/816/1359 2474/1073/2111 2471/1070/2109
f 2475/1074/2112 2473/1072/2110 2474/1073/2111
f 2475/1074/2112 2474/1073/2111 1545/816/1359
f 2473/1072/2110 2475/1074/2112 2476/1075/625
f 2475/1074/2112 2477/1076/2113 2476/1075/625
f 1545/816/1359 2477/1076/2113 2475/1074/2112
f 2476/1075/625 2477/1076/2113 2478/1077/626
f 2479/1078/2114 2478/1077/626 2477/1076/2113
f 1545/816/1359 2479/1078/2114 2477/1076/2113
f 2478/1077/626 2479/1078/2114 2480/1079/2115
f 2479/1078/2114 2481/1080/2116 2480/1079/2115
f 2481/1080/2116 2479/1078/2114 2482/1081/2117
f 2482/1081/2117 2483/1082/2118 2481/1080/2116
f 1545/816/1359 1507/778/1321 2479/1078/2114
f 1507/778/1321 2482/1081/2117 2479/1078/2114
f 2483/1082/2118 2482/1081/2117 2484/1083/2119
f 1507/778/1321 2484/1083/2119 2482/1081/2117
f 1505/776/1319 2483/1082/2118 2484/1083/2119
f 1505/776/1319 2484/1083/2119 1506/777/1320
f 1507/778/1321 1506/777/1320 2484/1083/2119
f 2485/1243/2120 679/351/603 680/352/604
f 679/351/603 2485/1243/2120 2486/1244/1843
f 670/342/594 2487/1245/2121 680/352/604
f 2485/1243/2120 680/352/604 2487/1245/2121
f 670/342/594 2488/1246/2122 2487/1245/2121
f 2486/1244/1843 2485/1243/2120 2489/1247/2123
f 2489/1247/2123 2490/1248/2124 2486/1244/1843
f 2489/1247/2123 2491/1249/2125 2490/1248/2124
f 2492/1250/2126 2491/1249/2125 2489/1247/2123
f 2489/1247/2123 2493/1251/2127 2492/1250/2126
f 2493/1251/2127 2489/1247/2123 2485/1243/2120
f 2485/1243/2120 2494/1252/2128 2493/1251/2127
f 2487/1245/2121 2494/1252/2128 2485/1243/2120
f 2488/1246/2122 2494/1252/2128 2487/1245/2121
f 2495/1253/1382 2488/1246/2122 670/342/594
f 668/340/592 2495/1253/1382 670/342/594
f 2496/1254/2129 2494/1252/2128 2488/1246/2122
f 2495/1253/1382 668/340/592 669/341/593
f 2495/1253/1382 2497/1255/1379 2488/1246/2122
f 2488/1246/2122 2497/1255/1379 2496/1254/2129
f 669/341/593 2498/1256/1383 2495/1253/1382
f 2496/1254/2129 2497/1255/1379 2499/1257/1377
f 2498/1256/1383 669/341/593 2500/1258/2130
f 2501/1259/2131 2494/1252/2128 2496/1254/2129
f 2499/1257/1377 2502/1260/2132 2496/1254/2129
f 2501/1259/2131 2496/1254/2129 2502/1260/2132
f 2502/1260/2132 2499/1257/1377 2503/1261/2133
f 2501/1259/2131 2502/1260/2132 2504/1262/2134
f 2503/1261/2133 2505/1263/2135 2502/1260/2132
f 2502/1260/2132 2505/1263/2135 2504/1262/2134
f 669/341/593 2506/1264/2136 2500/1258/2130
f 2506/1264/2136 2507/1265/1389 2500/1258/2130
f 671/343/595 2506/1264/2136 669/341/593
f 2506/1264/2136 2508/1266/1390 2507/1265/1389
f 2506/1264/2136 671/343/595 2509/1267/2137
f 2509/1267/2137 2508/1266/1390 2506/1264/2136
f 2510/1243/2138 704/352/628 703/351/627
f 703/351/627 2511/1244/2116 2510/1243/2138
f 694/342/618 704/352/628 2512/1245/2139
f 2510/1243/2138 2512/1245/2139 704/352/628
f 2510/1243/2138 2511/1244/2116 2513/1247/2140
f 2511/1244/2116 2514/1248/2118 2513/1247/2140
f 2513/1247/2140 2514/1248/2118 2515/1249/2141
f 2516/1250/2142 2513/1247/2140 2515/1249/2141
f 2517/1251/2143 2513/1247/2140 2516/1250/2142
f 2513/1247/2140 2517/1251/2143 2510/1243/2138
f 2510/1243/2138 2517/1251/2143 2518/1252/2144
f 2512/1245/2139 2510/1243/2138 2518/1252/2144
f 2519/1246/2145 2512/1245/2139 2518/1252/2144
f 694/342/618 2512/1245/2139 2519/1246/2145
f 2520/1254/2146 2519/1246/2145 2518/1252/2144
f 2521/1259/1327 2520/1254/2146 2518/1252/2144
f 2522/1253/2147 694/342/618 2519/1246/2145
f 691/340/615 694/342/618 2522/1253/2147
f 2523/1255/2148 2519/1246/2145 2520/1254/2146
f 2519/1246/2145 2523/1255/2148 2522/1253/2147
f 2520/1254/2146 2524/1257/2149 2523/1255/2148
f 691/340/615 2522/1253/2147 692/341/616
f 2522/1253/2147 2525/1256/2150 692/341/616
f 2525/1256/2150 2526/1258/2151 692/341/616
f 2526/1258/2151 2527/1264/2152 692/341/616
f 2527/1264/2152 693/343/617 692/341/616
f 2526/1258/2151 2528/1265/2153 2527/1264/2152
f 693/343/617 2527/1264/2152 2529/1267/2154
f 2527/1264/2152 2528/1265/2153 2530/1266/2155
f 2529/1267/2154 2527/1264/2152 2530/1266/2155
f 2531/1260/2156 2524/1257/2149 2520/1254/2146
f 2520/1254/2146 2521/1259/1327 2531/1260/2156
f 2524/1257/2149 2531/1260/2156 2532/1261/2157
f 2531/1260/2156 2521/1259/1327 2533/1262/2158
f 2532/1261/2157 2531/1260/2156 2534/1263/2159
f 2531/1260/2156 2533/1262/2158 2534/1263/2159
f 2535/1268/2160 2536/1269/2161 2537/1270/2162
f 2536/1269/2161 2538/1271/986 2537/1270/2162
f 2538/1271/986 2536/1269/2161 2539/1272/984
f 2540/1273/2163 2539/1272/984 2536/1269/2161
f 2541/1274/2164 2537/1270/2162 2538/1271/986
f 2537/1270/2162 2541/1274/2164 2535/1268/2160
f 2538/1271/986 2542/1275/988 2541/1274/2164
f 2536/1269/2161 2543/1276/2165 2540/1273/2163
f 2543/1276/2165 2536/1269/2161 2535/1268/2160
f 2544/1277/2166 2540/1273/2163 2543/1276/2165
f 2535/1268/2160 2544/1277/2166 2543/1276/2165
f 2540/1273/2163 2544/1277/2166 2545/1278/2167
f 2546/1279/2168 2541/1274/2164 2542/1275/988
f 2535/1268/2160 2541/1274/2164 2546/1279/2168
f 2542/1275/988 2547/1280/2169 2546/1279/2168
f 2548/1281/2170 2546/1279/2168 2547/1280/2169
f 2549/1282/2171 2545/1278/2167 2544/1277/2166
f 2535/1268/2160 2549/1282/2171 2544/1277/2166
f 2545/1278/2167 2549/1282/2171 2550/1283/992
f 2535/1268/2160 2546/1279/2168 2551/1284/2172
f 2546/1279/2168 2548/1281/2170 2551/1284/2172
f 2552/1285/2173 2551/1284/2172 2548/1281/2170
f 2552/1285/2173 2535/1268/2160 2551/1284/2172
f 2548/1281/2170 2553/1286/2174 2552/1285/2173
f 2554/1287/2175 2549/1282/2171 2535/1268/2160
f 2554/1287/2175 2550/1283/992 2549/1282/2171
f 2535/1268/2160 2552/1285/2173 2554/1287/2175
f 2554/1287/2175 2552/1285/2173 2553/1286/2174
f 2550/1283/992 2554/1287/2175 2555/1288/2176
f 2553/1286/2174 2555/1288/2176 2554/1287/2175
f 2556/1268/2177 2557/1270/2178 2558/1269/2179
f 2559/1271/2180 2558/1269/2179 2557/1270/2178
f 2558/1269/2179 2559/1271/2180 2560/1272/2181
f 2561/1273/1001 2558/1269/2179 2560/1272/2181
f 2557/1270/2178 2562/1274/2182 2559/1271/2180
f 2557/1270/2178 2556/1268/2177 2562/1274/2182
f 2562/1274/2182 2563/1275/1002 2559/1271/2180
f 2564/1276/2183 2558/1269/2179 2561/1273/1001
f 2564/1276/2183 2556/1268/2177 2558/1269/2179
f 2561/1273/1001 2565/1277/2184 2564/1276/2183
f 2556/1268/2177 2564/1276/2183 2565/1277/2184
f 2565/1277/2184 2561/1273/1001 2566/1278/2185
f 2562/1274/2182 2567/1279/2186 2563/1275/1002
f 2556/1268/2177 2567/1279/2186 2562/1274/2182
f 2567/1279/2186 2568/1280/1005 2563/1275/1002
f 2567/1279/2186 2569/1281/2187 2568/1280/1005
f 2566/1278/2185 2570/1282/2188 2565/1277/2184
f 2556/1268/2177 2565/1277/2184 2570/1282/2188
f 2570/1282/2188 2566/1278/2185 2571/1283/1006
f 2556/1268/2177 2572/1284/2189 2567/1279/2186
f 2569/1281/2187 2567/1279/2186 2572/1284/2189
f 2573/1287/2190 2556/1268/2177 2570/1282/2188
f 2571/1283/1006 2573/1287/2190 2570/1282/2188
f 2573/1287/2190 2571/1283/1006 2574/1288/2191
f 2575/1286/2192 2573/1287/2190 2574/1288/2191
f 2572/1284/2189 2576/1285/2193 2569/1281/2187
f 2569/1281/2187 2576/1285/2193 2575/1286/2192
f 2576/1285/2193 2572/1284/2189 2556/1268/2177
f 2576/1285/2193 2573/1287/2190 2575/1286/2192
f 2556/1268/2177 2573/1287/2190 2576/1285/2193
f 2577/889/1599 2578/890/2194 2579/891/2195
f 2580/890/2196 2581/889/2197 2582/891/2198
f 2583/1289/2199 2584/1290/2200 2585/1291/2201
f 2583/1289/2199 2586/1292/935 2584/1290/2200
f 2586/1292/935 2583/1289/2199 2587/1293/936
f 2586/1292/935 2588/1294/2202 2584/1290/2200
f 2588/1294/2202 2585/1291/2201 2584/1290/2200
f 2588/1294/2202 2586/1292/935 2589/1295/933
f 2590/1296/2203 2588/1294/2202 2589/1295/933
f 2591/1297/2204 2587/1293/936 2583/1289/2199
f 2583/1289/2199 2585/1291/2201 2591/1297/2204
f 2587/1293/936 2591/1297/2204 2592/1298/934
f 2591/1297/2204 2593/1299/2205 2592/1298/934
f 2588/1294/2202 2590/1296/2203 2594/1300/2206
f 2585/1291/2201 2588/1294/2202 2594/1300/2206
f 2595/1301/2207 2594/1300/2206 2590/1296/2203
f 2594/1300/2206 2595/1301/2207 2596/1302/2208
f 2594/1300/2206 2596/1302/2208 2585/1291/2201
f 2593/1299/2205 2591/1297/2204 2597/1303/2209
f 2591/1297/2204 2585/1291/2201 2597/1303/2209
f 2598/1304/2210 2593/1299/2205 2597/1303/2209
f 2595/1301/2207 2599/1305/2211 2596/1302/2208
f 2585/1291/2201 2596/1302/2208 2599/1305/2211
f 2595/1301/2207 2600/1306/925 2599/1305/2211
f 2601/1307/927 2599/1305/2211 2600/1306/925
f 2602/1308/2212 2585/1291/2201 2599/1305/2211
f 2599/1305/2211 2601/1307/927 2602/1308/2212
f 2585/1291/2201 2603/1309/2213 2597/1303/2209
f 2597/1303/2209 2603/1309/2213 2598/1304/2210
f 2585/1291/2201 2602/1308/2212 2603/1309/2213
f 2603/1309/2213 2601/1307/927 2598/1304/2210
f 2603/1309/2213 2602/1308/2212 2601/1307/927
f 2604/1289/2214 2605/1291/2215 2606/1290/2216
f 2607/1292/2217 2604/1289/2214 2606/1290/2216
f 2604/1289/2214 2607/1292/2217 2608/1293/2218
f 2609/1294/2219 2607/1292/2217 2606/1290/2216
f 2609/1294/2219 2606/1290/2216 2605/1291/2215
f 2607/1292/2217 2609/1294/2219 2610/1295/945
f 2609/1294/2219 2611/1296/2220 2610/1295/945
f 2608/1293/2218 2612/1297/2221 2604/1289/2214
f 2604/1289/2214 2612/1297/2221 2605/1291/2215
f 2612/1297/2221 2608/1293/2218 2613/1298/2222
f 2614/1299/2223 2612/1297/2221 2613/1298/2222
f 2611/1296/2220 2609/1294/2219 2615/1300/2224
f 2605/1291/2215 2615/1300/2224 2609/1294/2219
f 2615/1300/2224 2616/1301/2225 2611/1296/2220
f 2616/1301/2225 2615/1300/2224 2617/1302/2226
f 2615/1300/2224 2605/1291/2215 2617/1302/2226
f 2618/1303/2227 2612/1297/2221 2614/1299/2223
f 2612/1297/2221 2618/1303/2227 2605/1291/2215
f 2619/1304/2228 2618/1303/2227 2614/1299/2223
f 2617/1302/2226 2620/1305/2229 2616/1301/2225
f 2605/1291/2215 2620/1305/2229 2617/1302/2226
f 2621/1306/937 2616/1301/2225 2620/1305/2229
f 2620/1305/2229 2622/1307/938 2621/1306/937
f 2623/1308/2230 2620/1305/2229 2605/1291/2215
f 2622/1307/938 2620/1305/2229 2623/1308/2230
f 2605/1291/2215 2618/1303/2227 2624/1309/2231
f 2624/1309/2231 2618/1303/2227 2619/1304/2228
f 2605/1291/2215 2624/1309/2231 2623/1308/2230
f 2622/1307/938 2624/1309/2231 2619/1304/2228
f 2624/1309/2231 2622/1307/938 2623/1308/2230
f 2625/1310/2232 2626/1311/2233 2627/1312/2234
f 2628/1313/831 2625/1310/2232 2627/1312/2234
f 2625/1310/2232 2628/1313/831 2629/1314/2235
f 2630/1315/2236 2628/1313/831 2627/1312/2234
f 2626/1311/2233 2630/1315/2236 2627/1312/2234
f 2631/1316/2237 2628/1313/831 2630/1315/2236
f 2632/1317/2238 2631/1316/2237 2630/1315/2236
f 2626/1311/2233 2632/1317/2238 2630/1315/2236
f 2631/1316/2237 2632/1317/2238 2633/1318/2239
f 2629/1314/2235 2634/1319/2240 2625/1310/2232
f 2626/1311/2233 2625/1310/2232 2634/1319/2240
f 2629/1314/2235 2635/1320/2241 2634/1319/2240
f 2636/1321/2242 2634/1319/2240 2635/1320/2241
f 2637/1322/2243 2633/1318/2239 2632/1317/2238
f 2637/1322/2243 2632/1317/2238 2626/1311/2233
f 2633/1318/2239 2637/1322/2243 2638/1323/2244
f 2637/1322/2243 2639/1324/2245 2638/1323/2244
f 2634/1319/2240 2636/1321/2242 2640/1325/2246
f 2626/1311/2233 2634/1319/2240 2640/1325/2246
f 2641/1326/2247 2640/1325/2246 2636/1321/2242
f 2637/1322/2243 2642/1327/2248 2639/1324/2245
f 2640/1325/2246 2641/1326/2247 2643/1328/2249
f 2637/1322/2243 2644/1329/2250 2642/1327/2248
f 2644/1329/2250 2637/1322/2243 2626/1311/2233
f 2645/1330/2251 2639/1324/2245 2642/1327/2248
f 2642/1327/2248 2644/1329/2250 2645/1330/2251
f 2639/1324/2245 2645/1330/2251 2646/1331/2252
f 2645/1330/2251 2647/1332/840 2646/1331/2252
f 2647/1332/840 2645/1330/2251 2648/1333/2253
f 2644/1329/2250 2648/1333/2253 2645/1330/2251
f 2649/1334/2254 2647/1332/840 2648/1333/2253
f 2648/1333/2253 2644/1329/2250 2649/1334/2254
f 2650/1335/839 2647/1332/840 2649/1334/2254
f 2649/1334/2254 2651/1336/2255 2650/1335/839
f 2651/1336/2255 2649/1334/2254 2652/1337/2256
f 2644/1329/2250 2652/1337/2256 2649/1334/2254
f 2653/1338/2257 2651/1336/2255 2652/1337/2256
f 2653/1338/2257 2652/1337/2256 2644/1329/2250
f 2651/1336/2255 2653/1338/2257 2654/1339/2258
f 2655/1340/2259 2654/1339/2258 2653/1338/2257
f 2653/1338/2257 2656/1341/2260 2655/1340/2259
f 2657/1342/842 2655/1340/2259 2656/1341/2260
f 2658/1343/2261 2656/1341/2260 2653/1338/2257
f 2658/1343/2261 2653/1338/2257 2644/1329/2250
f 2656/1341/2260 2659/1344/2262 2657/1342/842
f 2659/1344/2262 2656/1341/2260 2658/1343/2261
f 2659/1344/2262 2660/1345/2263 2657/1342/842
f 2660/1345/2263 2659/1344/2262 2661/1346/2264
f 2658/1343/2261 2661/1346/2264 2659/1344/2262
f 2662/1347/2265 2660/1345/2263 2661/1346/2264
f 2661/1346/2264 2658/1343/2261 2662/1347/2265
f 2660/1345/2263 2662/1347/2265 2663/1348/843
f 2664/1349/2266 2663/1348/843 2662/1347/2265
f 2658/1343/2261 2664/1349/2266 2662/1347/2265
f 2665/1310/2267 2666/1312/2268 2667/1311/2269
f 2665/1310/2267 2668/1313/2270 2666/1312/2268
f 2668/1313/2270 2665/1310/2267 2669/1314/2271
f 2670/1315/2272 2666/1312/2268 2668/1313/2270
f 2667/1311/2269 2666/1312/2268 2670/1315/2272
f 2668/1313/2270 2671/1316/2273 2670/1315/2272
f 2671/1316/2273 2672/1317/2274 2670/1315/2272
f 2667/1311/2269 2670/1315/2272 2672/1317/2274
f 2672/1317/2274 2671/1316/2273 2673/1318/2275
f 2665/1310/2267 2674/1319/2276 2669/1314/2271
f 2667/1311/2269 2674/1319/2276 2665/1310/2267
f 2675/1320/2277 2669/1314/2271 2674/1319/2276
f 2674/1319/2276 2676/1321/2278 2675/1320/2277
f 2673/1318/2275 2677/1322/2279 2672/1317/2274
f 2677/1322/2279 2667/1311/2269 2672/1317/2274
f 2677/1322/2279 2673/1318/2275 2678/1323/874
f 2679/1324/2280 2677/1322/2279 2678/1323/874
f 2676/1321/2278 2674/1319/2276 2680/1325/2281
f 2667/1311/2269 2680/1325/2281 2674/1319/2276
f 2680/1325/2281 2681/1326/2282 2676/1321/2278
f 2677/1322/2279 2679/1324/2280 2682/1327/2283
f 2681/1326/2282 2680/1325/2281 2683/1328/2284
f 2684/1329/2285 2667/1311/2269 2677/1322/2279
f 2677/1322/2279 2682/1327/2283 2684/1329/2285
f 2679/1324/2280 2685/1330/2286 2682/1327/2283
f 2682/1327/2283 2685/1330/2286 2684/1329/2285
f 2685/1330/2286 2679/1324/2280 2686/1331/887
f 2687/1332/2287 2685/1330/2286 2686/1331/887
f 2685/1330/2286 2687/1332/2287 2688/1333/2288
f 2684/1329/2285 2685/1330/2286 2688/1333/2288
f 2689/1334/2289 2688/1333/2288 2687/1332/2287
f 2688/1333/2288 2689/1334/2289 2684/1329/2285
f 2687/1332/2287 2690/1335/2290 2689/1334/2289
f 2691/1336/2291 2689/1334/2289 2690/1335/2290
f 2689/1334/2289 2691/1336/2291 2692/1337/2292
f 2684/1329/2285 2689/1334/2289 2692/1337/2292
f 2691/1336/2291 2693/1338/2293 2692/1337/2292
f 2693/1338/2293 2684/1329/2285 2692/1337/2292
f 2693/1338/2293 2691/1336/2291 2694/1339/2294
f 2695/1340/2295 2693/1338/2293 2694/1339/2294
f 2696/1341/2296 2693/1338/2293 2695/1340/2295
f 2695/1340/2295 2697/1342/890 2696/1341/2296
f 2698/1343/2297 2693/1338/2293 2696/1341/2296
f 2698/1343/2297 2684/1329/2285 2693/1338/2293
f 2699/1344/2298 2696/1341/2296 2697/1342/890
f 2699/1344/2298 2698/1343/2297 2696/1341/2296
f 2700/1345/2299 2699/1344/2298 2697/1342/890
f 2699/1344/2298 2700/1345/2299 2701/1346/2300
f 2698/1343/2297 2699/1344/2298 2701/1346/2300
f 2700/1345/2299 2702/1347/2301 2701/1346/2300
f 2701/1346/2300 2702/1347/2301 2698/1343/2297
f 2702/1347/2301 2700/1345/2299 2703/1348/892
f 2703/1348/892 2704/1349/2302 2702/1347/2301
f 2698/1343/2297 2702/1347/2301 2704/1349/2302
f 2705/1350/683 2706/1351/2303 2707/1352/1867
f 2706/1351/2303 2705/1350/683 2708/1353/2304
f 2705/1350/683 2709/1354/2305 2708/1353/2304
f 2709/1354/2305 2705/1350/683 2710/1355/2306
f 2710/1355/2306 2711/1356/424 2709/1354/2305
f 2709/1354/2305 2711/1356/424 2712/1357/422
f 2713/1353/2307 2714/1350/691 2715/1351/1890
f 2715/1351/1890 2714/1350/691 2716/1352/1893
f 2717/1354/2308 2714/1350/691 2713/1353/2307
f 2714/1350/691 2717/1354/2308 2718/1355/694
f 2719/1356/2309 2718/1355/694 2717/1354/2308
f 2717/1354/2308 2720/1357/427 2719/1356/2309
f 2663/1348/843 2664/1349/2266 2721/1358/2310
f 2722/1359/2311 2721/1358/2310 2664/1349/2266
f 2658/1343/2261 2722/1359/2311 2664/1349/2266
f 2721/1358/2310 2722/1359/2311 2723/1360/814
f 2722/1359/2311 2724/1361/2312 2723/1360/814
f 2722/1359/2311 2725/1362/2313 2724/1361/2312
f 2725/1362/2313 2722/1359/2311 2658/1343/2261
f 2725/1362/2313 2726/1363/2314 2724/1361/2312
f 2725/1362/2313 2727/1364/2315 2726/1363/2314
f 2728/1365/2316 2726/1363/2314 2727/1364/2315
f 2726/1363/2314 2728/1365/2316 2729/1366/2317
f 2727/1364/2315 2725/1362/2313 2730/1367/2318
f 2730/1367/2318 2725/1362/2313 2658/1343/2261
f 2730/1367/2318 2728/1365/2316 2727/1364/2315
f 2731/1368/2319 2729/1366/2317 2728/1365/2316
f 2730/1367/2318 2731/1368/2319 2728/1365/2316
f 2729/1366/2317 2731/1368/2319 2732/1369/2320
f 2731/1368/2319 2733/1370/2321 2732/1369/2320
f 2733/1370/2321 2731/1368/2319 2734/1371/2322
f 2730/1367/2318 2734/1371/2322 2731/1368/2319
f 2735/1372/2323 2733/1370/2321 2734/1371/2322
f 2734/1371/2322 2730/1367/2318 2735/1372/2323
f 2733/1370/2321 2735/1372/2323 2736/1373/2324
f 2737/1374/2325 2736/1373/2324 2735/1372/2323
f 2730/1367/2318 2737/1374/2325 2735/1372/2323
f 2736/1373/2324 2737/1374/2325 2738/1375/2326
f 2737/1374/2325 2739/1376/2327 2738/1375/2326
f 2737/1374/2325 2740/1377/2328 2739/1376/2327
f 2730/1367/2318 2740/1377/2328 2737/1374/2325
f 2741/1378/2329 2739/1376/2327 2740/1377/2328
f 2739/1376/2327 2741/1378/2329 2742/1379/811
f 2743/1380/2330 2742/1379/811 2741/1378/2329
f 2740/1377/2328 2744/1381/2331 2741/1378/2329
f 2744/1381/2331 2740/1377/2328 2730/1367/2318
f 2741/1378/2329 2745/1382/2332 2743/1380/2330
f 2741/1378/2329 2744/1381/2331 2745/1382/2332
f 2745/1382/2332 2746/1383/818 2743/1380/2330
f 2746/1383/818 2745/1382/2332 2747/1384/2333
f 2745/1382/2332 2744/1381/2331 2747/1384/2333
f 2747/1384/2333 2748/1385/2334 2746/1383/818
f 2744/1381/2331 2748/1385/2334 2747/1384/2333
f 2749/1386/2335 2746/1383/818 2748/1385/2334
f 2641/1326/2247 2749/1386/2335 2748/1385/2334
f 2641/1326/2247 2748/1385/2334 2643/1328/2249
f 2748/1385/2334 2744/1381/2331 2643/1328/2249
f 2643/1328/2249 2744/1381/2331 2640/1325/2246
f 2640/1325/2246 2744/1381/2331 2626/1311/2233
f 2626/1311/2233 2744/1381/2331 2750/1387/2336
f 2644/1329/2250 2626/1311/2233 2750/1387/2336
f 2750/1387/2336 2751/1388/2337 2644/1329/2250
f 2750/1387/2336 2744/1381/2331 2752/1389/2338
f 2751/1388/2337 2750/1387/2336 2752/1389/2338
f 2744/1381/2331 2753/1390/2339 2752/1389/2338
f 2753/1390/2339 2744/1381/2331 2730/1367/2318
f 2752/1389/2338 2754/1391/2340 2751/1388/2337
f 2754/1391/2340 2752/1389/2338 2753/1390/2339
f 2751/1388/2337 2754/1391/2340 2644/1329/2250
f 2730/1367/2318 2754/1391/2340 2753/1390/2339
f 2658/1343/2261 2644/1329/2250 2754/1391/2340
f 2754/1391/2340 2730/1367/2318 2658/1343/2261
f 2704/1349/2302 2703/1348/892 2755/1358/863
f 2755/1358/863 2756/1359/2341 2704/1349/2302
f 2698/1343/2297 2704/1349/2302 2756/1359/2341
f 2756/1359/2341 2755/1358/863 2757/1360/862
f 2758/1361/2342 2756/1359/2341 2757/1360/862
f 2756/1359/2341 2758/1361/2342 2759/1362/2343
f 2759/1362/2343 2698/1343/2297 2756/1359/2341
f 2760/1363/2344 2759/1362/2343 2758/1361/2342
f 2759/1362/2343 2760/1363/2344 2761/1364/2345
f 2762/1367/2346 2698/1343/2297 2759/1362/2343
f 2761/1364/2345 2762/1367/2346 2759/1362/2343
f 2760/1363/2344 2763/1365/2347 2761/1364/2345
f 2762/1367/2346 2761/1364/2345 2763/1365/2347
f 2763/1365/2347 2760/1363/2344 2764/1366/2348
f 2764/1366/2348 2765/1368/2349 2763/1365/2347
f 2762/1367/2346 2763/1365/2347 2765/1368/2349
f 2765/1368/2349 2764/1366/2348 2766/1369/2350
f 2767/1370/2351 2765/1368/2349 2766/1369/2350
f 2765/1368/2349 2767/1370/2351 2768/1371/2352
f 2762/1367/2346 2765/1368/2349 2768/1371/2352
f 2767/1370/2351 2769/1372/2353 2768/1371/2352
f 2768/1371/2352 2769/1372/2353 2762/1367/2346
f 2767/1370/2351 2770/1373/848 2769/1372/2353
f 2770/1373/848 2771/1374/2354 2769/1372/2353
f 2762/1367/2346 2769/1372/2353 2771/1374/2354
f 2771/1374/2354 2770/1373/848 2772/1375/2355
f 2773/1376/853 2771/1374/2354 2772/1375/2355
f 2771/1374/2354 2773/1376/853 2774/1377/2356
f 2762/1367/2346 2771/1374/2354 2774/1377/2356
f 2773/1376/853 2775/1378/2357 2774/1377/2356
f 2775/1378/2357 2773/1376/853 2776/1379/859
f 2775/1378/2357 2776/1379/859 2777/1380/2358
f 2774/1377/2356 2775/1378/2357 2778/1381/2359
f 2778/1381/2359 2762/1367/2346 2774/1377/2356
f 2779/1382/2360 2775/1378/2357 2777/1380/2358
f 2775/1378/2357 2779/1382/2360 2778/1381/2359
f 2780/1383/2361 2779/1382/2360 2777/1380/2358
f 2779/1382/2360 2780/1383/2361 2781/1384/2362
f 2779/1382/2360 2781/1384/2362 2778/1381/2359
f 2782/1385/2363 2781/1384/2362 2780/1383/2361
f 2778/1381/2359 2781/1384/2362 2782/1385/2363
f 2782/1385/2363 2780/1383/2361 2783/1386/2364
f 2783/1386/2364 2681/1326/2282 2782/1385/2363
f 2683/1328/2284 2782/1385/2363 2681/1326/2282
f 2782/1385/2363 2683/1328/2284 2778/1381/2359
f 2683/1328/2284 2680/1325/2281 2778/1381/2359
f 2680/1325/2281 2667/1311/2269 2778/1381/2359
f 2784/1387/2365 2778/1381/2359 2667/1311/2269
f 2667/1311/2269 2684/1329/2285 2784/1387/2365
f 2684/1329/2285 2785/1388/2366 2784/1387/2365
f 2778/1381/2359 2784/1387/2365 2786/1389/2367
f 2785/1388/2366 2786/1389/2367 2784/1387/2365
f 2787/1390/2368 2778/1381/2359 2786/1389/2367
f 2778/1381/2359 2787/1390/2368 2762/1367/2346
f 2788/1391/2369 2786/1389/2367 2785/1388/2366
f 2684/1329/2285 2788/1391/2369 2785/1388/2366
f 2786/1389/2367 2788/1391/2369 2787/1390/2368
f 2788/1391/2369 2762/1367/2346 2787/1390/2368
f 2684/1329/2285 2698/1343/2297 2788/1391/2369
f 2762/1367/2346 2788/1391/2369 2698/1343/2297
f 2789/1392/2370 2790/1393/2371 2791/1394/2372
f 2790/1393/2371 2792/1395/2373 2791/1394/2372
f 2793/1396/2374 2791/1394/2372 2792/1395/2373
f 2792/1395/2373 2790/1393/2371 2794/1397/2375
f 2791/1394/2372 2793/1396/2374 2795/1398/2376
f 2791/1394/2372 2795/1398/2376 2789/1392/2370
f 2796/1399/772 2795/1398/2376 2793/1396/2374
f 2797/1400/2377 2794/1397/2375 2790/1393/2371
f 2789/1392/2370 2797/1400/2377 2790/1393/2371
f 2794/1397/2375 2797/1400/2377 2798/1401/2378
f 2795/1398/2376 2796/1399/772 2799/1402/2379
f 2789/1392/2370 2795/1398/2376 2799/1402/2379
f 2800/1403/2380 2799/1402/2379 2796/1399/772
f 2789/1392/2370 2799/1402/2379 2800/1403/2380
f 2796/1399/772 2801/1404/2381 2800/1403/2380
f 2802/1405/775 2800/1403/2380 2801/1404/2381
f 2803/1406/2382 2789/1392/2370 2800/1403/2380
f 2800/1403/2380 2802/1405/775 2803/1406/2382
f 2789/1392/2370 2804/1407/2383 2797/1400/2377
f 2804/1407/2383 2789/1392/2370 2803/1406/2382
f 2804/1407/2383 2803/1406/2382 2802/1405/775
f 2804/1407/2383 2798/1401/2378 2797/1400/2377
f 2802/1405/775 2805/1408/773 2804/1407/2383
f 2798/1401/2378 2804/1407/2383 2805/1408/773
f 2806/1392/2384 2807/1394/2385 2808/1393/2386
f 2809/1395/778 2808/1393/2386 2807/1394/2385
f 2808/1393/2386 2809/1395/778 2810/1397/2387
f 2807/1394/2385 2811/1396/2388 2809/1395/778
f 2810/1397/2387 2812/1400/2389 2808/1393/2386
f 2806/1392/2384 2808/1393/2386 2812/1400/2389
f 2812/1400/2389 2810/1397/2387 2813/1401/2390
f 2811/1396/2388 2807/1394/2385 2814/1398/2391
f 2807/1394/2385 2806/1392/2384 2814/1398/2391
f 2814/1398/2391 2815/1399/783 2811/1396/2388
f 2815/1399/783 2814/1398/2391 2816/1402/2392
f 2806/1392/2384 2816/1402/2392 2814/1398/2391
f 2816/1402/2392 2817/1403/2393 2815/1399/783
f 2806/1392/2384 2817/1403/2393 2816/1402/2392
f 2815/1399/783 2817/1403/2393 2818/1404/2394
f 2817/1403/2393 2819/1405/2395 2818/1404/2394
f 2820/1406/2396 2817/1403/2393 2806/1392/2384
f 2819/1405/2395 2817/1403/2393 2820/1406/2396
f 2821/1407/2397 2820/1406/2396 2806/1392/2384
f 2820/1406/2396 2821/1407/2397 2819/1405/2395
f 2806/1392/2384 2812/1400/2389 2821/1407/2397
f 2813/1401/2390 2821/1407/2397 2812/1400/2389
f 2822/1408/782 2819/1405/2395 2821/1407/2397
f 2821/1407/2397 2813/1401/2390 2822/1408/782
f 2823/1409/901 2824/1410/2398 2825/1411/2399
f 2825/1411/2399 2826/1412/360 2823/1409/901
f 2826/1412/360 2825/1411/2399 2827/1413/2400
f 2824/1410/2398 2823/1409/901 2828/1414/903
f 2828/1414/903 2829/1415/2401 2824/1410/2398
f 2829/1415/2401 2828/1414/903 2830/1416/904
f 2830/1416/904 2831/1417/2402 2829/1415/2401
f 2831/1417/2402 2830/1416/904 2832/1418/906
f 2832/1418/906 2833/1419/2403 2831/1417/2402
f 2833/1419/2403 2832/1418/906 2834/1420/907
f 2834/1420/907 2835/1421/2404 2833/1419/2403
f 2835/1421/2404 2834/1420/907 2836/1422/2405
f 2836/1422/2405 2837/1423/2406 2835/1421/2404
f 2837/1423/2406 2836/1422/2405 2838/1424/2407
f 2839/1414/915 2840/1409/2408 2841/1410/2409
f 2841/1410/2409 2840/1409/2408 2842/1411/2410
f 2843/1412/911 2842/1411/2410 2840/1409/2408
f 2842/1411/2410 2843/1412/911 2844/1413/2411
f 2845/1415/2412 2839/1414/915 2841/1410/2409
f 2839/1414/915 2845/1415/2412 2846/1416/917
f 2847/1417/2413 2846/1416/917 2845/1415/2412
f 2846/1416/917 2847/1417/2413 2848/1418/919
f 2849/1419/2414 2848/1418/919 2847/1417/2413
f 2848/1418/919 2849/1419/2414 2850/1420/2415
f 2851/1421/2416 2850/1420/2415 2849/1419/2414
f 2852/1422/2417 2850/1420/2415 2851/1421/2416
f 2853/1423/2418 2852/1422/2417 2851/1421/2416
f 2852/1422/2417 2853/1423/2418 2854/1424/2419
f 2855/1425/2420 2856/1426/2421 2857/1427/2422
f 2857/1427/2422 2858/1428/2423 2855/1425/2420
f 2859/1429/744 2855/1425/2420 2858/1428/2423
f 2858/1428/2423 2857/1427/2422 2860/1430/746
f 2855/1425/2420 2859/1429/744 2861/1431/2424
f 2855/1425/2420 2861/1431/2424 2856/1426/2421
f 2862/1432/2425 2861/1431/2424 2859/1429/744
f 2863/1433/2426 2860/1430/746 2857/1427/2422
f 2856/1426/2421 2863/1433/2426 2857/1427/2422
f 2860/1430/746 2863/1433/2426 2864/1434/2427
f 2861/1431/2424 2862/1432/2425 2865/1435/2428
f 2856/1426/2421 2861/1431/2424 2865/1435/2428
f 2866/1436/747 2865/1435/2428 2862/1432/2425
f 2867/1437/2429 2864/1434/2427 2863/1433/2426
f 2856/1426/2421 2867/1437/2429 2863/1433/2426
f 2864/1434/2427 2867/1437/2429 2868/1438/2430
f 2867/1437/2429 2869/1439/2431 2868/1438/2430
f 2865/1435/2428 2866/1436/747 2870/1440/2432
f 2870/1440/2432 2856/1426/2421 2865/1435/2428
f 2871/1441/2433 2870/1440/2432 2866/1436/747
f 2867/1437/2429 2856/1426/2421 2872/1442/2434
f 2867/1437/2429 2872/1442/2434 2869/1439/2431
f 2873/1443/2435 2856/1426/2421 2870/1440/2432
f 2870/1440/2432 2871/1441/2433 2873/1443/2435
f 2872/1442/2434 2856/1426/2421 2874/1444/2436
f 2874/1444/2436 2869/1439/2431 2872/1442/2434
f 2874/1444/2436 2856/1426/2421 2873/1443/2435
f 2871/1441/2433 2874/1444/2436 2873/1443/2435
f 2869/1439/2431 2874/1444/2436 2875/1445/2437
f 2874/1444/2436 2871/1441/2433 2875/1445/2437
f 2876/1425/2438 2877/1427/2439 2878/1426/2440
f 2879/1428/2441 2877/1427/2439 2876/1425/2438
f 2877/1427/2439 2879/1428/2441 2880/1430/758
f 2876/1425/2438 2881/1429/755 2879/1428/2441
f 2880/1430/758 2882/1433/2442 2877/1427/2439
f 2878/1426/2440 2877/1427/2439 2882/1433/2442
f 2882/1433/2442 2880/1430/758 2883/1434/2443
f 2881/1429/755 2876/1425/2438 2884/1431/2444
f 2876/1425/2438 2878/1426/2440 2884/1431/2444
f 2884/1431/2444 2885/1432/2445 2881/1429/755
f 2885/1432/2445 2884/1431/2444 2886/1435/2446
f 2878/1426/2440 2886/1435/2446 2884/1431/2444
f 2886/1435/2446 2887/1436/2447 2885/1432/2445
f 2883/1434/2443 2888/1437/2448 2882/1433/2442
f 2878/1426/2440 2882/1433/2442 2888/1437/2448
f 2888/1437/2448 2883/1434/2443 2889/1438/2449
f 2890/1439/2450 2888/1437/2448 2889/1438/2449
f 2887/1436/2447 2886/1435/2446 2891/1440/2451
f 2891/1440/2451 2886/1435/2446 2878/1426/2440
f 2891/1440/2451 2892/1441/2452 2887/1436/2447
f 2888/1437/2448 2893/1442/2453 2878/1426/2440
f 2888/1437/2448 2890/1439/2450 2893/1442/2453
f 2894/1443/2454 2891/1440/2451 2878/1426/2440
f 2892/1441/2452 2891/1440/2451 2894/1443/2454
f 2893/1442/2453 2895/1444/2455 2878/1426/2440
f 2890/1439/2450 2895/1444/2455 2893/1442/2453
f 2895/1444/2455 2894/1443/2454 2878/1426/2440
f 2895/1444/2455 2892/1441/2452 2894/1443/2454
f 2895/1444/2455 2890/1439/2450 2896/1445/2456
f 2896/1445/2456 2892/1441/2452 2895/1444/2455
f 2897/1446/2457 2898/1447/2458 2899/1448/1790
f 2898/1447/2458 2897/1446/2457 2900/1449/2459
f 2901/1450/1759 2898/1447/2458 2900/1449/2459
f 2900/1449/2459 2902/1451/2460 2901/1450/1759
f 2903/1446/2461 2904/1448/2462 2905/1447/2463
f 2906/1449/2464 2903/1446/2461 2905/1447/2463
f 2905/1447/2463 2907/1450/1775 2906/1449/2464
f 2906/1449/2464 2907/1450/1775 2908/1451/2085
f 2909/1452/2465 2375/1211/2033 2377/1213/2035
f 2910/1453/952 2909/1452/2465 2377/1213/2035
f 2909/1452/2465 2910/1453/952 2911/1454/2466
f 2910/1453/952 2912/1455/954 2911/1454/2466
f 2911/1454/2466 2912/1455/954 2913/1456/2467
f 2912/1455/954 2914/1457/2468 2913/1456/2467
f 2914/1457/2468 2912/1455/954 2915/1458/2469
f 2915/1458/2469 2916/1459/2470 2914/1457/2468
f 2916/1459/2470 2915/1458/2469 2917/1460/958
f 2918/1461/2471 2916/1459/2470 2917/1460/958
f 2917/1460/958 2919/1462/960 2918/1461/2471
f 2919/1462/960 2920/1463/2472 2918/1461/2471
f 2920/1463/2472 2919/1462/960 2921/1464/961
f 2921/1464/961 2922/1465/2473 2920/1463/2472
f 2922/1465/2473 2921/1464/961 2923/1466/963
f 2923/1466/963 2924/1467/2474 2922/1465/2473
f 2924/1467/2474 2923/1466/963 2925/1468/964
f 2924/1467/2474 2925/1468/964 2926/1469/2475
f 2925/1468/964 2927/1470/2476 2926/1469/2475
f 2398/1213/2053 2396/1211/2051 2928/1452/2477
f 2928/1452/2477 2929/1453/2478 2398/1213/2053
f 2929/1453/2478 2928/1452/2477 2930/1454/2479
f 2931/1455/971 2929/1453/2478 2930/1454/2479
f 2931/1455/971 2930/1454/2479 2932/1456/2480
f 2933/1457/2481 2931/1455/971 2932/1456/2480
f 2931/1455/971 2933/1457/2481 2934/1458/2482
f 2935/1459/2483 2934/1458/2482 2933/1457/2481
f 2934/1458/2482 2935/1459/2483 2936/1460/975
f 2936/1460/975 2935/1459/2483 2937/1461/2484
f 2938/1462/2485 2936/1460/975 2937/1461/2484
f 2939/1463/2486 2938/1462/2485 2937/1461/2484
f 2938/1462/2485 2939/1463/2486 2940/1464/2487
f 2941/1465/2488 2940/1464/2487 2939/1463/2486
f 2940/1464/2487 2941/1465/2488 2942/1466/2489
f 2943/1467/2490 2942/1466/2489 2941/1465/2488
f 2942/1466/2489 2943/1467/2490 2944/1468/981
f 2944/1468/981 2943/1467/2490 2945/1469/2491
f 2944/1468/981 2945/1469/2491 2946/1470/983
f 2947/1471/2492 2948/1472/1860 2949/1473/2493
f 2948/1472/1860 2947/1471/2492 2950/1474/2494
f 2951/1475/2495 2950/1474/2494 2947/1471/2492
f 2950/1474/2494 2952/1476/2496 2948/1472/1860
f 2947/1471/2492 2953/1477/2497 2951/1475/2495
f 2947/1471/2492 2949/1473/2493 2953/1477/2497
f 2954/1478/653 2951/1475/2495 2953/1477/2497
f 2955/1479/2498 2948/1472/1860 2952/1476/2496
f 2948/1472/1860 2955/1479/2498 2949/1473/2493
f 2952/1476/2496 2956/1480/2499 2955/1479/2498
f 2957/1481/2500 2955/1479/2498 2956/1480/2499
f 2953/1477/2497 2958/1482/2501 2954/1478/653
f 2949/1473/2493 2958/1482/2501 2953/1477/2497
f 2959/1483/655 2954/1478/653 2958/1482/2501
f 2958/1482/2501 2960/1484/2502 2959/1483/655
f 2958/1482/2501 2949/1473/2493 2960/1484/2502
f 2961/1485/2503 2959/1483/655 2960/1484/2502
f 2960/1484/2502 2949/1473/2493 2961/1485/2503
f 2959/1483/655 2961/1485/2503 2962/1486/658
f 2955/1479/2498 2957/1481/2500 2963/1487/2504
f 2949/1473/2493 2955/1479/2498 2963/1487/2504
f 2964/1488/659 2963/1487/2504 2957/1481/2500
f 2949/1473/2493 2963/1487/2504 2965/1489/2505
f 2963/1487/2504 2964/1488/659 2965/1489/2505
f 2966/1490/2506 2961/1485/2503 2949/1473/2493
f 2966/1490/2506 2962/1486/658 2961/1485/2503
f 2965/1489/2505 2966/1490/2506 2949/1473/2493
f 2964/1488/659 2966/1490/2506 2965/1489/2505
f 2962/1486/658 2966/1490/2506 2967/1491/2507
f 2966/1490/2506 2964/1488/659 2967/1491/2507
f 2968/1471/2508 2969/1473/2509 2970/1472/1884
f 2968/1471/2508 2970/1472/1884 2971/1474/2510
f 2971/1474/2510 2970/1472/1884 2972/1476/661
f 2971/1474/2510 2973/1475/664 2968/1471/2508
f 2970/1472/1884 2974/1479/2511 2972/1476/661
f 2970/1472/1884 2969/1473/2509 2974/1479/2511
f 2975/1480/2512 2972/1476/661 2974/1479/2511
f 2974/1479/2511 2976/1481/669 2975/1480/2512
f 2977/1477/2513 2968/1471/2508 2973/1475/664
f 2968/1471/2508 2977/1477/2513 2969/1473/2509
f 2977/1477/2513 2973/1475/664 2978/1478/2514
f 2976/1481/669 2974/1479/2511 2979/1487/2515
f 2969/1473/2509 2979/1487/2515 2974/1479/2511
f 2979/1487/2515 2980/1488/671 2976/1481/669
f 2980/1488/671 2979/1487/2515 2981/1489/2516
f 2969/1473/2509 2981/1489/2516 2979/1487/2515
f 2982/1490/2517 2980/1488/671 2981/1489/2516
f 2981/1489/2516 2969/1473/2509 2982/1490/2517
f 2980/1488/671 2982/1490/2517 2983/1491/2518
f 2982/1490/2517 2984/1486/2519 2983/1491/2518
f 2984/1486/2519 2982/1490/2517 2985/1485/2520
f 2982/1490/2517 2969/1473/2509 2985/1485/2520
f 2985/1485/2520 2986/1483/667 2984/1486/2519
f 2987/1484/2521 2985/1485/2520 2969/1473/2509
f 2986/1483/667 2985/1485/2520 2987/1484/2521
f 2988/1482/2522 2987/1484/2521 2969/1473/2509
f 2987/1484/2521 2988/1482/2522 2986/1483/667
f 2969/1473/2509 2977/1477/2513 2988/1482/2522
f 2988/1482/2522 2978/1478/2514 2986/1483/667
f 2988/1482/2522 2977/1477/2513 2978/1478/2514
f 2989/1492/2523 2990/1493/2524 2991/1494/2525
f 2991/1494/2525 2992/1495/2526 2989/1492/2523
f 2992/1495/2526 2991/1494/2525 2993/1496/2527
f 2991/1494/2525 2994/1497/2528 2993/1496/2527
f 2995/1498/2529 2989/1492/2523 2992/1495/2526
f 2990/1493/2524 2989/1492/2523 2995/1498/2529
f 2992/1495/2526 2996/1499/2530 2995/1498/2529
f 2994/1497/2528 2991/1494/2525 2997/1500/2531
f 2991/1494/2525 2990/1493/2524 2997/1500/2531
f 2998/1501/2532 2994/1497/2528 2997/1500/2531
f 2990/1493/2524 2998/1501/2532 2997/1500/2531
f 2994/1497/2528 2998/1501/2532 2999/1502/635
f 2998/1501/2532 3000/1503/637 2999/1502/635
f 3001/1504/2533 2995/1498/2529 2996/1499/2530
f 3001/1504/2533 2990/1493/2524 2995/1498/2529
f 2996/1499/2530 3002/1505/2534 3001/1504/2533
f 3003/1506/2535 3001/1504/2533 3002/1505/2534
f 3001/1504/2533 3004/1507/2536 2990/1493/2524
f 3001/1504/2533 3003/1506/2535 3004/1507/2536
f 2990/1493/2524 3005/1508/2537 2998/1501/2532
f 3000/1503/637 2998/1501/2532 3005/1508/2537
f 3004/1507/2536 3005/1508/2537 2990/1493/2524
f 3005/1508/2537 3003/1506/2535 3000/1503/637
f 3003/1506/2535 3005/1508/2537 3004/1507/2536
f 3006/1492/2538 3007/1494/2539 3008/1493/2540
f 3009/1495/2541 3007/1494/2539 3006/1492/2538
f 3007/1494/2539 3009/1495/2541 3010/1496/2542
f 3011/1497/2543 3007/1494/2539 3010/1496/2542
f 3006/1492/2538 3012/1498/2544 3009/1495/2541
f 3008/1493/2540 3012/1498/2544 3006/1492/2538
f 3009/1495/2541 3012/1498/2544 3013/1499/2545
f 3007/1494/2539 3011/1497/2543 3014/1500/2546
f 3007/1494/2539 3014/1500/2546 3008/1493/2540
f 3011/1497/2543 3015/1501/2547 3014/1500/2546
f 3008/1493/2540 3014/1500/2546 3015/1501/2547
f 3015/1501/2547 3011/1497/2543 3016/1502/645
f 3017/1503/2548 3015/1501/2547 3016/1502/645
f 3012/1498/2544 3018/1504/2549 3013/1499/2545
f 3018/1504/2549 3012/1498/2544 3008/1493/2540
f 3013/1499/2545 3018/1504/2549 3019/1505/2550
f 3018/1504/2549 3020/1506/2551 3019/1505/2550
f 3015/1501/2547 3017/1503/2548 3021/1508/2552
f 3008/1493/2540 3015/1501/2547 3021/1508/2552
f 3017/1503/2548 3020/1506/2551 3021/1508/2552
f 3018/1504/2549 3008/1493/2540 3022/1507/2553
f 3020/1506/2551 3018/1504/2549 3022/1507/2553
f 3022/1507/2553 3008/1493/2540 3021/1508/2552
f 3021/1508/2552 3020/1506/2551 3022/1507/2553
f 3023/1509/1111 3024/1510/2554 3025/1511/2555
f 3026/1512/2556 3023/1509/1111 3025/1511/2555
f 3024/1510/2554 3023/1509/1111 3027/1513/2557
f 3024/1510/2554 3027/1513/2557 3028/1514/1108
f 3023/1509/1111 3026/1512/2556 3029/1515/2558
f 3026/1512/2556 3030/1516/734 3029/1515/2558
f 3031/1517/2559 3029/1515/2558 3030/1516/734
f 3032/1510/2560 3033/1509/1121 3034/1511/2561
f 3033/1509/1121 3035/1512/2562 3034/1511/2561
f 3033/1509/1121 3032/1510/2560 3036/1513/2563
f 3032/1510/2560 3037/1514/2564 3036/1513/2563
f 3035/1512/2562 3033/1509/1121 3038/1515/2565
f 3039/1516/740 3035/1512/2562 3038/1515/2565
f 3039/1516/740 3038/1515/2565 3040/1517/2566
f 3041/1518/2567 3042/1519/2568 3043/1520/2054
f 3044/1521/2569 3041/1518/2567 3043/1520/2054
f 3042/1519/2568 3041/1518/2567 3045/1522/2570
f 3041/1518/2567 3044/1521/2569 3046/1523/2571
f 3047/1524/2058 3042/1519/2568 3045/1522/2570
f 3046/1523/2571 3044/1521/2569 3048/1525/1852
f 3046/1523/2571 3048/1525/1852 3049/1526/2572
f 3050/1527/2018 3049/1526/2572 3048/1525/1852
f 3045/1522/2570 3051/1528/2027 3047/1524/2058
f 3051/1528/2027 3052/1529/2059 3047/1524/2058
f 3052/1529/2059 3051/1528/2027 3053/1530/2028
f 3053/1530/2028 3054/1531/2060 3052/1529/2059
f 3054/1531/2060 3053/1530/2028 3055/1532/2030
f 3055/1532/2030 3056/1533/2573 3054/1531/2060
f 3056/1533/2573 3055/1532/2030 3057/1534/2574
f 3058/1535/2575 3056/1533/2573 3057/1534/2574
f 3056/1533/2573 3058/1535/2575 3059/1536/2576
f 3060/1537/2577 3059/1536/2576 3058/1535/2575
f 3060/1537/2577 3058/1535/2575 3061/1538/2578
f 3062/1539/2579 3060/1537/2577 3061/1538/2578
f 3061/1538/2578 3063/1540/2466 3062/1539/2579
f 3063/1540/2466 3064/1541/1763 3062/1539/2579
f 3064/1541/1763 3063/1540/2466 3065/1542/2467
f 3065/1542/2467 3066/1543/2468 3064/1541/1763
f 3067/1544/1766 3064/1541/1763 3066/1543/2468
f 3067/1544/1766 3066/1543/2468 3068/1545/1649
f 3068/1545/1649 3066/1543/2468 3069/1546/2470
f 3070/1547/2471 3068/1545/1649 3069/1546/2470
f 3068/1545/1649 3070/1547/2471 3071/1548/2580
f 3070/1547/2471 3072/1549/2472 3071/1548/2580
f 3073/1550/1651 3071/1548/2580 3072/1549/2472
f 3073/1550/1651 3072/1549/2472 3074/1551/2581
f 3075/1552/1653 3073/1550/1651 3074/1551/2581
f 3076/1553/2474 3075/1552/1653 3074/1551/2581
f 3075/1552/1653 3076/1553/2474 3077/1554/1655
f 3076/1553/2474 3078/1555/789 3077/1554/1655
f 3078/1555/789 3076/1553/2474 3079/1556/790
f 3080/1518/2582 3081/1519/2583 3082/1522/2584
f 3082/1522/2584 3081/1519/2583 3083/1524/2585
f 3081/1519/2583 3080/1518/2582 3084/1520/1878
f 3085/1528/2045 3082/1522/2584 3083/1524/2585
f 3080/1518/2582 3086/1521/1877 3084/1520/1878
f 3087/1529/2081 3085/1528/2045 3083/1524/2585
f 3086/1521/1877 3080/1518/2582 3088/1523/2586
f 3085/1528/2045 3087/1529/2081 3089/1530/2587
f 3090/1525/2588 3086/1521/1877 3088/1523/2586
f 3090/1525/2588 3088/1523/2586 3091/1526/2589
f 3092/1527/2590 3090/1525/2588 3091/1526/2589
f 3093/1531/2082 3089/1530/2587 3087/1529/2081
f 3089/1530/2587 3093/1531/2082 3094/1532/2591
f 3095/1533/2592 3094/1532/2591 3093/1531/2082
f 3094/1532/2591 3095/1533/2592 3096/1534/2593
f 3095/1533/2592 3097/1535/2594 3096/1534/2593
f 3097/1535/2594 3095/1533/2592 3098/1536/1776
f 3097/1535/2594 3098/1536/1776 3099/1537/2595
f 3100/1538/2477 3097/1535/2594 3099/1537/2595
f 3100/1538/2477 3099/1537/2595 3101/1539/1773
f 3102/1540/2479 3100/1538/2477 3101/1539/1773
f 3103/1541/1777 3102/1540/2479 3101/1539/1773
f 3102/1540/2479 3103/1541/1777 3104/1542/2480
f 3103/1541/1777 3105/1543/2596 3104/1542/2480
f 3105/1543/2596 3103/1541/1777 3106/1544/2597
f 3107/1545/1659 3105/1543/2596 3106/1544/2597
f 3105/1543/2596 3107/1545/1659 3108/1546/2483
f 3107/1545/1659 3109/1547/2598 3108/1546/2483
f 3109/1547/2598 3107/1545/1659 3110/1548/2599
f 3111/1549/2600 3109/1547/2598 3110/1548/2599
f 3111/1549/2600 3110/1548/2599 3112/1550/2601
f 3113/1551/2488 3111/1549/2600 3112/1550/2601
f 3112/1550/2601 3114/1552/2602 3113/1551/2488
f 3113/1551/2488 3114/1552/2602 3115/1553/2490
f 3115/1553/2490 3114/1552/2602 3116/1554/1666
f 3117/1555/795 3115/1553/2490 3116/1554/1666
f 3115/1553/2490 3117/1555/795 3118/1556/796
f 3119/1557/2603 3120/1558/2604 3121/1559/2605
f 3119/1557/2603 3121/1559/2605 3122/1560/532
f 3123/1561/533 3122/1560/532 3121/1559/2605
f 3122/1560/532 3124/1562/531 3119/1557/2603
f 3121/1559/2605 3125/1563/2606 3123/1561/533
f 3121/1559/2605 3120/1558/2604 3125/1563/2606
f 3125/1563/2606 3126/1564/2607 3123/1561/533
f 3127/1565/2608 3119/1557/2603 3124/1562/531
f 3119/1557/2603 3127/1565/2608 3120/1558/2604
f 3124/1562/531 3128/1566/2609 3127/1565/2608
f 3125/1563/2606 3129/1567/2610 3126/1564/2607
f 3120/1558/2604 3129/1567/2610 3125/1563/2606
f 3129/1567/2610 3130/1568/2611 3126/1564/2607
f 3131/1569/2612 3127/1565/2608 3128/1566/2609
f 3127/1565/2608 3131/1569/2612 3120/1558/2604
f 3128/1566/2609 3132/1570/2613 3131/1569/2612
f 3133/1571/540 3131/1569/2612 3132/1570/2613
f 3130/1568/2611 3129/1567/2610 3134/1572/2614
f 3120/1558/2604 3134/1572/2614 3129/1567/2610
f 3135/1573/2615 3130/1568/2611 3134/1572/2614
f 3120/1558/2604 3135/1573/2615 3134/1572/2614
f 3130/1568/2611 3135/1573/2615 3136/1574/2616
f 3120/1558/2604 3131/1569/2612 3137/1575/2617
f 3131/1569/2612 3133/1571/540 3137/1575/2617
f 3135/1573/2615 3120/1558/2604 3138/1576/2618
f 3138/1576/2618 3136/1574/2616 3135/1573/2615
f 3137/1575/2617 3138/1576/2618 3120/1558/2604
f 3138/1576/2618 3137/1575/2617 3133/1571/540
f 3136/1574/2616 3138/1576/2618 3139/1577/2619
f 3133/1571/540 3139/1577/2619 3138/1576/2618
f 3140/1557/2620 3141/1559/2621 3142/1558/2622
f 3141/1559/2621 3140/1557/2620 3143/1560/2623
f 3143/1560/2623 3140/1557/2620 3144/1562/544
f 3145/1561/545 3141/1559/2621 3143/1560/2623
f 3140/1557/2620 3146/1565/2624 3144/1562/544
f 3140/1557/2620 3142/1558/2622 3146/1565/2624
f 3144/1562/544 3146/1565/2624 3147/1566/2625
f 3148/1563/2626 3141/1559/2621 3145/1561/545
f 3141/1559/2621 3148/1563/2626 3142/1558/2622
f 3149/1564/2627 3148/1563/2626 3145/1561/545
f 3146/1565/2624 3150/1569/2628 3147/1566/2625
f 3146/1565/2624 3142/1558/2622 3150/1569/2628
f 3147/1566/2625 3150/1569/2628 3151/1570/2629
f 3150/1569/2628 3152/1571/552 3151/1570/2629
f 3148/1563/2626 3149/1564/2627 3153/1567/2630
f 3142/1558/2622 3148/1563/2626 3153/1567/2630
f 3154/1568/2631 3153/1567/2630 3149/1564/2627
f 3152/1571/552 3150/1569/2628 3155/1575/2632
f 3142/1558/2622 3155/1575/2632 3150/1569/2628
f 3153/1567/2630 3154/1568/2631 3156/1572/2633
f 3142/1558/2622 3153/1567/2630 3156/1572/2633
f 3154/1568/2631 3157/1573/2634 3156/1572/2633
f 3142/1558/2622 3156/1572/2633 3157/1573/2634
f 3157/1573/2634 3154/1568/2631 3158/1574/2635
f 3155/1575/2632 3142/1558/2622 3159/1576/2636
f 3157/1573/2634 3159/1576/2636 3142/1558/2622
f 3155/1575/2632 3159/1576/2636 3152/1571/552
f 3158/1574/2635 3159/1576/2636 3157/1573/2634
f 3152/1571/552 3159/1576/2636 3160/1577/2637
f 3159/1576/2636 3158/1574/2635 3160/1577/2637
f 3161/1578/2638 3162/1579/2639 3163/1580/2640
f 3162/1579/2639 3164/1581/306 3163/1580/2640
f 3164/1581/306 3162/1579/2639 3165/1582/307
f 3166/1583/2641 3163/1580/2640 3164/1581/306
f 3162/1579/2639 3167/1584/2642 3165/1582/307
f 3163/1580/2640 3166/1583/2641 3168/1585/2643
f 3163/1580/2640 3168/1585/2643 3161/1578/2638
f 3167/1584/2642 3162/1579/2639 3169/1586/2644
f 3162/1579/2639 3161/1578/2638 3169/1586/2644
f 3170/1587/2645 3167/1584/2642 3169/1586/2644
f 3161/1578/2638 3170/1587/2645 3169/1586/2644
f 3167/1584/2642 3170/1587/2645 3171/1588/2646
f 3166/1583/2641 3172/1589/2647 3168/1585/2643
f 3168/1585/2643 3172/1589/2647 3161/1578/2638
f 3172/1589/2647 3166/1583/2641 3173/1590/2648
f 3173/1590/2648 3174/1591/2649 3172/1589/2647
f 3175/1592/2650 3172/1589/2647 3174/1591/2649
f 3172/1589/2647 3175/1592/2650 3161/1578/2638
f 3176/1593/2651 3175/1592/2650 3174/1591/2649
f 3175/1592/2650 3176/1593/2651 3177/1594/2652
f 3178/1595/2653 3177/1594/2652 3176/1593/2651
f 3179/1596/2654 3175/1592/2650 3177/1594/2652
f 3179/1596/2654 3161/1578/2638 3175/1592/2650
f 3180/1597/2655 3177/1594/2652 3178/1595/2653
f 3179/1596/2654 3177/1594/2652 3180/1597/2655
f 3181/1598/2656 3180/1597/2655 3178/1595/2653
f 3179/1596/2654 3180/1597/2655 3181/1598/2656
f 3178/1595/2653 3182/1599/2657 3181/1598/2656
f 3183/1600/350 3181/1598/2656 3182/1599/2657
f 3181/1598/2656 3183/1600/350 3184/1601/2658
f 3181/1598/2656 3184/1601/2658 3179/1596/2654
f 3185/1602/344 3184/1601/2658 3183/1600/350
f 3186/1603/2659 3184/1601/2658 3185/1602/344
f 3179/1596/2654 3184/1601/2658 3186/1603/2659
f 3185/1602/344 3187/1604/2660 3186/1603/2659
f 3179/1596/2654 3186/1603/2659 3187/1604/2660
f 3187/1604/2660 3185/1602/344 3188/1605/2661
f 3188/1605/2661 3189/1606/2662 3187/1604/2660
f 3189/1606/2662 3179/1596/2654 3187/1604/2660
f 3189/1606/2662 3188/1605/2661 3190/1607/340
f 3191/1608/2663 3189/1606/2662 3190/1607/340
f 3189/1606/2662 3191/1608/2663 3192/1609/2664
f 3193/1610/2665 3192/1609/2664 3191/1608/2663
f 3194/1611/2666 3179/1596/2654 3189/1606/2662
f 3194/1611/2666 3189/1606/2662 3192/1609/2664
f 3195/1612/2667 3192/1609/2664 3193/1610/2665
f 3194/1611/2666 3192/1609/2664 3195/1612/2667
f 3193/1610/2665 3196/1613/2668 3195/1612/2667
f 3196/1613/2668 3194/1611/2666 3195/1612/2667
f 3196/1613/2668 3193/1610/2665 3197/1614/346
f 3198/1615/2669 3196/1613/2668 3197/1614/346
f 3196/1613/2668 3198/1615/2669 3199/1616/2670
f 3194/1611/2666 3196/1613/2668 3199/1616/2670
f 3200/1617/2671 3199/1616/2670 3198/1615/2669
f 3199/1616/2670 3200/1617/2671 3201/1618/2672
f 3199/1616/2670 3201/1618/2672 3194/1611/2666
f 3202/1619/2673 3201/1618/2672 3200/1617/2671
f 3201/1618/2672 3202/1619/2673 3203/1620/2674
f 3194/1611/2666 3201/1618/2672 3203/1620/2674
f 3204/1618/2675 3205/1619/2676 3206/1617/2677
f 3206/1617/2677 3207/1616/2678 3204/1618/2675
f 3207/1616/2678 3208/1611/2679 3204/1618/2675
f 3207/1616/2678 3206/1617/2677 3209/1615/2680
f 3209/1615/2680 3210/1613/2681 3207/1616/2678
f 3208/1611/2679 3207/1616/2678 3210/1613/2681
f 3210/1613/2681 3209/1615/2680 3211/1614/2682
f 3212/1610/2683 3210/1613/2681 3211/1614/2682
f 3210/1613/2681 3212/1610/2683 3213/1612/2684
f 3210/1613/2681 3213/1612/2684 3208/1611/2679
f 3214/1609/2685 3213/1612/2684 3212/1610/2683
f 3208/1611/2679 3213/1612/2684 3214/1609/2685
f 3212/1610/2683 3215/1608/292 3214/1609/2685
f 3216/1606/2686 3214/1609/2685 3215/1608/292
f 3208/1611/2679 3214/1609/2685 3216/1606/2686
f 3216/1606/2686 3215/1608/292 3217/1607/2687
f 3218/1605/293 3216/1606/2686 3217/1607/2687
f 3216/1606/2686 3218/1605/293 3219/1604/2688
f 3220/1602/295 3219/1604/2688 3218/1605/293
f 3208/1611/2679 3216/1606/2686 3221/1596/2689
f 3216/1606/2686 3219/1604/2688 3221/1596/2689
f 3219/1604/2688 3220/1602/295 3222/1603/2690
f 3221/1596/2689 3219/1604/2688 3222/1603/2690
f 3223/1601/2691 3222/1603/2690 3220/1602/295
f 3221/1596/2689 3222/1603/2690 3223/1601/2691
f 3220/1602/295 3224/1600/2692 3223/1601/2691
f 3224/1600/2692 3225/1598/2693 3223/1601/2691
f 3225/1598/2693 3221/1596/2689 3223/1601/2691
f 3225/1598/2693 3224/1600/2692 3226/1599/2694
f 3226/1599/2694 3227/1595/2695 3225/1598/2693
f 3225/1598/2693 3227/1595/2695 3228/1597/2696
f 3221/1596/2689 3225/1598/2693 3228/1597/2696
f 3229/1594/2697 3228/1597/2696 3227/1595/2695
f 3221/1596/2689 3228/1597/2696 3229/1594/2697
f 3227/1595/2695 3230/1593/2698 3229/1594/2697
f 3230/1593/2698 3231/1592/2699 3229/1594/2697
f 3221/1596/2689 3229/1594/2697 3231/1592/2699
f 3221/1596/2689 3231/1592/2699 3232/1578/2700
f 3221/1596/2689 3232/1578/2700 3233/1621/2701
f 3208/1611/2679 3221/1596/2689 3233/1621/2701
f 3233/1621/2701 3232/1578/2700 3234/1622/2702
f 3232/1578/2700 3235/1623/2703 3234/1622/2702
f 3235/1623/2703 3233/1621/2701 3234/1622/2702
f 3235/1623/2703 3232/1578/2700 3236/1624/2704
f 3208/1611/2679 3233/1621/2701 3237/1625/2705
f 3235/1623/2703 3237/1625/2705 3233/1621/2701
f 3237/1625/2705 3238/1626/2706 3208/1611/2679
f 3236/1624/2704 3239/1627/2707 3235/1623/2703
f 3237/1625/2705 3235/1623/2703 3239/1627/2707
f 3239/1627/2707 3236/1624/2704 3238/1626/2706
f 3238/1626/2706 3237/1625/2705 3239/1627/2707
f 3240/1628/1132 3241/1629/2708 3242/1630/2709
f 3241/1629/2708 3240/1628/1132 3243/1631/1133
f 3244/1632/2710 3240/1628/1132 3242/1630/2709
f 3245/1633/2711 3241/1629/2708 3243/1631/1133
f 3242/1630/2709 3246/1634/2712 3244/1632/2710
f 3246/1634/2712 3247/1635/2713 3244/1632/2710
f 3247/1635/2713 3246/1634/2712 3248/1636/1934
f 3241/1629/2708 3245/1633/2711 3249/1637/2714
f 3245/1633/2711 3250/1638/2715 3249/1637/2714
f 3250/1638/2715 3245/1633/2711 3251/1639/1137
f 3252/1640/1669 3250/1638/2715 3251/1639/1137
f 3250/1638/2715 3252/1640/1669 3253/1641/1668
f 3254/1629/2716 3255/1628/1142 3256/1630/2717
f 3255/1628/1142 3257/1632/2718 3256/1630/2717
f 3255/1628/1142 3254/1629/2716 3258/1631/1143
f 3256/1630/2717 3257/1632/2718 3259/1634/2719
f 3260/1635/94 3259/1634/2719 3257/1632/2718
f 3259/1634/2719 3260/1635/94 3261/1636/729
f 3254/1629/2716 3262/1633/2720 3258/1631/1143
f 3262/1633/2720 3254/1629/2716 3263/1637/2721
f 3264/1638/2722 3262/1633/2720 3263/1637/2721
f 3262/1633/2720 3264/1638/2722 3265/1639/2723
f 3264/1638/2722 3266/1640/2724 3265/1639/2723
f 3266/1640/2724 3264/1638/2722 3267/1641/2725
f 3268/1642/2726 3269/1643/2727 3270/1644/2728
f 3269/1643/2727 3271/1645/2071 3270/1644/2728
f 3272/1646/2067 3268/1642/2726 3270/1644/2728
f 3269/1643/2727 3273/1647/2729 3271/1645/2071
f 3268/1642/2726 3272/1646/2067 3274/1648/2730
f 3269/1643/2727 3275/1649/1198 3273/1647/2729
f 3272/1646/2067 3276/1650/2065 3274/1648/2730
f 3277/1651/2731 3274/1648/2730 3276/1650/2065
f 3277/1651/2731 3276/1650/2065 3278/1652/2732
f 3275/1649/1198 3279/1653/2733 3273/1647/2729
f 3279/1653/2733 3275/1649/1198 3280/1654/2734
f 3281/1655/1200 3279/1653/2733 3280/1654/2734
f 3279/1653/2733 3281/1655/1200 3282/1656/2735
f 3281/1655/1200 3283/1657/1311 3282/1656/2735
f 3283/1657/1311 3281/1655/1200 3284/1658/2736
f 3285/1644/2737 3286/1645/2090 3287/1643/2738
f 3288/1647/2739 3287/1643/2738 3286/1645/2090
f 3287/1643/2738 3289/1642/2740 3285/1644/2737
f 3290/1649/1207 3287/1643/2738 3288/1647/2739
f 3289/1642/2740 3291/1646/2088 3285/1644/2737
f 3292/1653/2741 3290/1649/1207 3288/1647/2739
f 3291/1646/2088 3289/1642/2740 3293/1648/1206
f 3290/1649/1207 3292/1653/2741 3294/1654/1208
f 3293/1648/1206 3295/1650/2087 3291/1646/2088
f 3293/1648/1206 3296/1651/2742 3295/1650/2087
f 3296/1651/2742 3297/1652/2743 3295/1650/2087
f 3294/1654/1208 3292/1653/2741 3298/1655/1209
f 3292/1653/2741 3299/1656/2744 3298/1655/1209
f 3300/1657/1317 3298/1655/1209 3299/1656/2744
f 3298/1655/1209 3300/1657/1317 3301/1658/2745
f 3302/1659/1855 3303/1660/1046 3304/1661/2746
f 3305/1662/2747 3304/1661/2746 3303/1660/1046
f 3304/1661/2746 3305/1662/2747 3306/1663/2748
f 3307/1664/2749 3306/1663/2748 3305/1662/2747
f 3306/1663/2748 3307/1664/2749 3308/1665/2750
f 3307/1664/2749 3309/1666/1935 3308/1665/2750
f 3309/1666/1935 3307/1664/2749 3310/1667/2751
f 3310/1667/2751 3311/1668/1933 3309/1666/1935
f 3311/1668/1933 3310/1667/2751 3312/1669/2752
f 3312/1669/2752 3313/1670/1932 3311/1668/1933
f 3313/1670/1932 3312/1669/2752 3314/1671/2403
f 3314/1671/2403 3315/1672/2753 3313/1670/1932
f 3315/1672/2753 3314/1671/2403 3316/1673/2754
f 3316/1673/2754 3317/1674/2755 3315/1672/2753
f 3317/1674/2755 3316/1673/2754 3318/1675/1540
f 3319/1659/2756 3320/1661/2757 3321/1660/1071
f 3320/1661/2757 3322/1662/2410 3321/1660/1071
f 3322/1662/2410 3320/1661/2757 3323/1663/2758
f 3323/1663/2758 3324/1664/2759 3322/1662/2410
f 3324/1664/2759 3323/1663/2758 3325/1665/2760
f 3326/1666/1941 3324/1664/2759 3325/1665/2760
f 3324/1664/2759 3326/1666/1941 3327/1667/2761
f 3328/1668/2762 3327/1667/2761 3326/1666/1941
f 3327/1667/2761 3328/1668/2762 3329/1669/2413
f 3330/1670/2763 3329/1669/2413 3328/1668/2762
f 3329/1669/2413 3330/1670/2763 3331/1671/2414
f 3332/1672/2764 3331/1671/2414 3330/1670/2763
f 3331/1671/2414 3332/1672/2764 3333/1673/2765
f 3334/1674/1543 3333/1673/2765 3332/1672/2764
f 3333/1673/2765 3334/1674/1543 3335/1675/2766
f 3336/1676/1864 3337/1677/1972 3338/1678/2767
f 3337/1677/1972 3336/1676/1864 3339/1679/2768
f 3339/1679/2768 3340/1680/1973 3337/1677/1972
f 3340/1680/1973 3339/1679/2768 3341/1681/2769
f 3342/1682/422 3340/1680/1973 3341/1681/2769
f 3340/1680/1973 3342/1682/422 3343/1683/1975
f 3344/1677/1976 3345/1676/1890 3346/1678/2770
f 3345/1676/1890 3344/1677/1976 3347/1679/2771
f 3348/1680/2772 3347/1679/2771 3344/1677/1976
f 3347/1679/2771 3348/1680/2772 3349/1681/2773
f 3348/1680/2772 3350/1682/427 3349/1681/2773
f 3350/1682/427 3348/1680/2772 3351/1683/428
f 3232/1578/2700 3352/1580/2774 3353/1579/2775
f 3354/1581/2776 3353/1579/2775 3352/1580/2774
f 3353/1579/2775 3354/1581/2776 3355/1582/2777
f 3352/1580/2774 3356/1583/257 3354/1581/2776
f 3357/1584/259 3353/1579/2775 3355/1582/2777
f 3356/1583/257 3352/1580/2774 3358/1585/2778
f 3352/1580/2774 3232/1578/2700 3358/1585/2778
f 3353/1579/2775 3357/1584/259 3359/1586/2779
f 3353/1579/2775 3359/1586/2779 3232/1578/2700
f 3357/1584/259 3360/1587/2780 3359/1586/2779
f 3232/1578/2700 3359/1586/2779 3360/1587/2780
f 3360/1587/2780 3357/1584/259 3361/1588/2781
f 3362/1589/2782 3356/1583/257 3358/1585/2778
f 3358/1585/2778 3232/1578/2700 3362/1589/2782
f 3356/1583/257 3362/1589/2782 3363/1590/2783
f 3364/1591/2784 3363/1590/2783 3362/1589/2782
f 3362/1589/2782 3231/1592/2699 3364/1591/2784
f 3362/1589/2782 3232/1578/2700 3231/1592/2699
f 3231/1592/2699 3230/1593/2698 3364/1591/2784
f 3361/1588/2781 3365/1684/2785 3360/1587/2780
f 3361/1588/2781 3366/1685/268 3365/1684/2785
f 3367/1686/2786 3365/1684/2785 3366/1685/268
f 3360/1587/2780 3365/1684/2785 3236/1624/2704
f 3232/1578/2700 3360/1587/2780 3236/1624/2704
f 3365/1684/2785 3367/1686/2786 3368/1687/2787
f 3236/1624/2704 3365/1684/2785 3368/1687/2787
f 3367/1686/2786 3369/1688/274 3368/1687/2787
f 3370/1689/2788 3368/1687/2787 3369/1688/274
f 3370/1689/2788 3236/1624/2704 3368/1687/2787
f 3369/1688/274 3371/1690/2789 3370/1689/2788
f 3236/1624/2704 3370/1689/2788 3371/1690/2789
f 3371/1690/2789 3369/1688/274 3372/1691/2790
f 3372/1691/2790 3373/1692/2791 3371/1690/2789
f 3236/1624/2704 3371/1690/2789 3373/1692/2791
f 3372/1691/2790 3374/1693/2792 3373/1692/2791
f 3375/1694/2793 3373/1692/2791 3374/1693/2792
f 3236/1624/2704 3373/1692/2791 3375/1694/2793
f 3374/1693/2792 3376/1695/2794 3375/1694/2793
f 3377/1696/2795 3375/1694/2793 3376/1695/2794
f 3375/1694/2793 3377/1696/2795 3378/1697/2796
f 3379/1698/2797 3378/1697/2796 3377/1696/2795
f 3377/1696/2795 3380/1699/2798 3379/1698/2797
f 3378/1697/2796 3238/1626/2706 3375/1694/2793
f 3375/1694/2793 3238/1626/2706 3236/1624/2704
f 3379/1698/2797 3238/1626/2706 3378/1697/2796
f 3381/1700/2799 3379/1698/2797 3380/1699/2798
f 3382/1701/2800 3379/1698/2797 3381/1700/2799
f 3238/1626/2706 3379/1698/2797 3382/1701/2800
f 3381/1700/2799 3383/1702/2801 3382/1701/2800
f 3383/1702/2801 3238/1626/2706 3382/1701/2800
f 3383/1702/2801 3381/1700/2799 3384/1703/2802
f 3384/1703/2802 3385/1704/2803 3383/1702/2801
f 3238/1626/2706 3383/1702/2801 3385/1704/2803
f 3385/1704/2803 3384/1703/2802 3386/1705/2804
f 3387/1706/2805 3385/1704/2803 3386/1705/2804
f 3385/1704/2803 3387/1706/2805 3388/1707/2806
f 3238/1626/2706 3385/1704/2803 3388/1707/2806
f 3205/1619/2676 3388/1707/2806 3387/1706/2805
f 3388/1707/2806 3205/1619/2676 3389/1620/2807
f 3388/1707/2806 3208/1611/2679 3238/1626/2706
f 3388/1707/2806 3389/1620/2807 3208/1611/2679
f 3205/1619/2676 3204/1618/2675 3389/1620/2807
f 3208/1611/2679 3389/1620/2807 3204/1618/2675
f 3390/1708/2808 3391/1709/2809 3392/1710/2810
f 3391/1709/2809 3390/1708/2808 3393/1711/2811
f 3392/1710/2810 3394/1712/2812 3390/1708/2808
f 3394/1712/2812 3392/1710/2810 3395/1713/1767
f 3394/1712/2812 3395/1713/1767 3396/1714/2813
f 3393/1711/2811 3397/1715/2814 3391/1709/2809
f 3391/1709/2809 3397/1715/2814 3398/1716/1771
f 3398/1716/1771 3397/1715/2814 3399/1717/1772
f 3397/1715/2814 3400/1718/1814 3399/1717/1772
f 3400/1718/1814 3401/1719/2815 3399/1717/1772
f 3401/1719/2815 3400/1718/1814 3402/1720/2816
f 3403/1709/2817 3404/1708/1817 3405/1710/1780
f 3406/1712/2818 3405/1710/1780 3404/1708/1817
f 3405/1710/1780 3406/1712/2818 3407/1713/1778
f 3406/1712/2818 3408/1714/1661 3407/1713/1778
f 3404/1708/1817 3403/1709/2817 3409/1711/2819
f 3403/1709/2817 3410/1715/2820 3409/1711/2819
f 3410/1715/2820 3403/1709/2817 3411/1716/1783
f 3412/1717/2821 3410/1715/2820 3411/1716/1783
f 3412/1717/2821 3413/1718/2822 3410/1715/2820
f 3414/1719/1785 3413/1718/2822 3412/1717/2821
f 3413/1718/2822 3414/1719/1785 3415/1720/234
f 3202/1619/2673 3416/1707/2823 3203/1620/2674
f 3416/1707/2823 3194/1611/2666 3203/1620/2674
f 3416/1707/2823 3202/1619/2673 3417/1706/2824
f 3417/1706/2824 3418/1704/2825 3416/1707/2823
f 3418/1704/2825 3417/1706/2824 3419/1705/2826
f 3419/1705/2826 3420/1703/2827 3418/1704/2825
f 3421/1626/2828 3416/1707/2823 3418/1704/2825
f 3416/1707/2823 3421/1626/2828 3194/1611/2666
f 3418/1704/2825 3420/1703/2827 3422/1702/2829
f 3421/1626/2828 3418/1704/2825 3422/1702/2829
f 3423/1700/338 3422/1702/2829 3420/1703/2827
f 3422/1702/2829 3423/1700/338 3424/1701/2830
f 3422/1702/2829 3424/1701/2830 3421/1626/2828
f 3423/1700/338 3425/1698/2831 3424/1701/2830
f 3421/1626/2828 3424/1701/2830 3425/1698/2831
f 3425/1698/2831 3423/1700/338 3426/1699/2832
f 3427/1696/2833 3425/1698/2831 3426/1699/2832
f 3428/1697/2834 3425/1698/2831 3427/1696/2833
f 3425/1698/2831 3428/1697/2834 3421/1626/2828
f 3427/1696/2833 3429/1694/2835 3428/1697/2834
f 3428/1697/2834 3429/1694/2835 3421/1626/2828
f 3429/1694/2835 3427/1696/2833 3430/1695/2836
f 3429/1694/2835 3430/1695/2836 3431/1693/325
f 3432/1692/2837 3429/1694/2835 3431/1693/325
f 3431/1693/325 3433/1691/2838 3432/1692/2837
f 3429/1694/2835 3434/1624/2839 3421/1626/2828
f 3434/1624/2839 3429/1694/2835 3432/1692/2837
f 3435/1690/2840 3432/1692/2837 3433/1691/2838
f 3434/1624/2839 3432/1692/2837 3435/1690/2840
f 3436/1688/323 3435/1690/2840 3433/1691/2838
f 3435/1690/2840 3436/1688/323 3437/1689/2841
f 3434/1624/2839 3435/1690/2840 3437/1689/2841
f 3438/1687/2842 3437/1689/2841 3436/1688/323
f 3437/1689/2841 3438/1687/2842 3434/1624/2839
f 3438/1687/2842 3436/1688/323 3439/1686/2843
f 3439/1686/2843 3440/1684/2844 3438/1687/2842
f 3434/1624/2839 3438/1687/2842 3440/1684/2844
f 3440/1684/2844 3439/1686/2843 3441/1685/2845
f 3171/1588/2646 3440/1684/2844 3441/1685/2845
f 3440/1684/2844 3171/1588/2646 3170/1587/2645
f 3170/1587/2645 3434/1624/2839 3440/1684/2844
f 3161/1578/2638 3434/1624/2839 3170/1587/2645
f 3434/1624/2839 3442/1627/2846 3421/1626/2828
f 3161/1578/2638 3443/1623/2847 3434/1624/2839
f 3442/1627/2846 3434/1624/2839 3443/1623/2847
f 3444/1625/2848 3421/1626/2828 3442/1627/2846
f 3443/1623/2847 3444/1625/2848 3442/1627/2846
f 3421/1626/2828 3444/1625/2848 3194/1611/2666
f 3443/1623/2847 3161/1578/2638 3445/1622/2849
f 3444/1625/2848 3446/1621/2850 3194/1611/2666
f 3444/1625/2848 3443/1623/2847 3446/1621/2850
f 3443/1623/2847 3445/1622/2849 3446/1621/2850
f 3161/1578/2638 3446/1621/2850 3445/1622/2849
f 3446/1621/2850 3179/1596/2654 3194/1611/2666
f 3161/1578/2638 3179/1596/2654 3446/1621/2850
f 3447/1721/621 3448/1722/2851 3449/1723/2852
f 3448/1722/2851 3447/1721/621 3450/1724/2853
f 3449/1723/2852 3451/1725/1790 3447/1721/621
f 3450/1724/2853 3452/1726/2854 3448/1722/2851
f 3451/1725/1790 3449/1723/2852 3453/1727/2855
f 3448/1722/2851 3452/1726/2854 3454/1728/2555
f 3453/1727/2855 3455/1729/2457 3451/1725/1790
f 3455/1729/2457 3453/1727/2855 3456/1730/1197
f 3457/1731/2856 3455/1729/2457 3456/1730/1197
f 3454/1728/2555 3452/1726/2854 3458/1732/1795
f 3454/1728/2555 3458/1732/1795 3459/1733/2857
f 3458/1732/1795 3460/1734/734 3459/1733/2857
f 3460/1734/734 3458/1732/1795 3461/1735/1796
f 3462/1721/597 3463/1722/2858 3464/1724/2859
f 3463/1722/2858 3465/1726/2860 3464/1724/2859
f 3463/1722/2858 3462/1721/597 3466/1723/2861
f 3465/1726/2860 3463/1722/2858 3467/1728/2561
f 3468/1725/2862 3466/1723/2861 3462/1721/597
f 3469/1732/1806 3465/1726/2860 3467/1728/2561
f 3466/1723/2861 3468/1725/2862 3470/1727/2863
f 3471/1733/2864 3469/1732/1806 3467/1728/2561
f 3472/1734/740 3469/1732/1806 3471/1733/2864
f 3469/1732/1806 3472/1734/740 3473/1735/2865
f 3474/1729/2866 3470/1727/2863 3468/1725/2862
f 3470/1727/2863 3474/1729/2866 3475/1730/2867
f 3476/1731/2868 3475/1730/2867 3474/1729/2866
f 3477/1736/2709 3478/1737/2708 3479/1738/1982
f 3478/1737/2708 3480/1739/2869 3479/1738/1982
f 3481/1740/2870 3477/1736/2709 3479/1738/1982
f 3482/1741/2714 3480/1739/2869 3478/1737/2708
f 3477/1736/2709 3481/1740/2870 3483/1742/2871
f 3481/1740/2870 3484/1743/1934 3483/1742/2871
f 3484/1743/1934 3481/1740/2870 3485/1744/2872
f 3480/1739/2869 3482/1741/2714 3486/1745/2873
f 3487/1746/2715 3486/1745/2873 3482/1741/2714
f 3486/1745/2873 3487/1746/2715 3488/1747/1990
f 3487/1746/2715 3489/1748/1668 3488/1747/1990
f 3489/1748/1668 3490/1749/1992 3488/1747/1990
f 3491/1738/1995 3492/1739/2874 3493/1737/2716
f 3492/1739/2874 3494/1741/2721 3493/1737/2716
f 3491/1738/1995 3493/1737/2716 3495/1736/2875
f 3494/1741/2721 3492/1739/2874 3496/1745/2876
f 3495/1736/2875 3497/1740/2877 3491/1738/1995
f 3496/1745/2876 3498/1746/2722 3494/1741/2721
f 3497/1740/2877 3495/1736/2875 3499/1742/2719
f 3500/1743/729 3497/1740/2877 3499/1742/2719
f 3497/1740/2877 3500/1743/729 3501/1744/2878
f 3498/1746/2722 3496/1745/2876 3502/1747/2879
f 3502/1747/2879 3503/1748/2880 3498/1746/2722
f 3502/1747/2879 3504/1749/1676 3503/1748/2880
f 3505/1750/2881 3506/1751/2076 3507/1752/2075
f 3505/1750/2881 3507/1752/2075 3508/1753/2072
f 3506/1751/2076 3505/1750/2881 3509/1754/2735
f 3506/1751/2076 3509/1754/2735 3510/1755/2882
f 3510/1755/2882 3509/1754/2735 3511/1756/1311
f 3512/1750/2883 3513/1751/2095 3514/1754/2744
f 3515/1755/1316 3514/1754/2744 3513/1751/2095
f 3514/1754/2744 3515/1755/1316 3516/1756/1317
f 3513/1751/2095 3512/1750/2883 3517/1752/2094
f 3512/1750/2883 3518/1753/2884 3517/1752/2094
