# This file is brought to you by Roblox Corporation
# Generated by Roblox Studio

mtllib wow.mtl

g Handle1

v -9.87913 17.0518 12.3162 
v -9.82704 17.1274 12.2569 
v -9.82659 17.1372 12.2893 
v -9.77681 17.2459 12.2465 
v -9.78853 17.2361 12.2101 
v -9.77194 17.3584 12.1917 
v -9.76829 17.3644 12.2255 
v -9.77241 17.4632 12.189 
v -9.76721 17.464 12.22 
v -9.76077 17.5068 12.222 
v -9.76908 17.5069 12.1841 
v -9.77006 17.5525 12.1843 
v -9.76061 17.5522 12.2243 
v -9.78465 17.586 12.1962 
v -9.78194 17.5869 12.2194 
v -11.857 17.0518 12.3162 
v -11.9095 17.1372 12.2893 
v -11.9091 17.1274 12.2569 
v -11.9593 17.2459 12.2465 
v -11.9476 17.2361 12.2101 
v -11.9642 17.3583 12.1917 
v -11.9678 17.3643 12.2255 
v -11.9637 17.4631 12.189 
v -11.9689 17.464 12.22 
v -11.9754 17.5068 12.222 
v -11.9671 17.5069 12.1841 
v -11.9661 17.5525 12.1843 
v -11.9755 17.5522 12.2243 
v -11.9515 17.586 12.1962 
v -11.9542 17.5868 12.2194 
v -9.82636 17.2975 12.1535 
v -9.82019 17.2159 12.1913 
v -9.80148 17.2831 12.1246 
v -9.84084 17.3836 12.1246 
v -9.78882 17.1942 12.1726 
v -9.83025 17.375 12.0829 
v -9.82704 17.1274 12.2569 
v -9.81412 17.1011 12.2464 
v -9.87913 17.0518 12.3162 
v -9.84825 17.4415 12.0804 
v -9.85131 17.4399 12.129 
v -9.87666 17.4864 12.0884 
v -9.8724 17.4838 12.1299 
v -9.91295 17.5102 12.1109 
v -9.91145 17.508 12.1286 
v -11.9159 17.2159 12.1913 
v -11.9098 17.2975 12.1535 
v -11.9347 17.2831 12.1246 
v -11.8953 17.3836 12.1246 
v -11.9473 17.1941 12.1726 
v -11.9059 17.375 12.0829 
v -11.9091 17.1274 12.2569 
v -11.922 17.1011 12.2464 
v -11.857 17.0518 12.3162 
v -11.8879 17.4415 12.0804 
v -11.8848 17.4399 12.129 
v -11.8595 17.4864 12.0884 
v -11.8637 17.4838 12.1299 
v -11.8232 17.5102 12.1109 
v -11.8247 17.508 12.1286 
v -9.98104 16.2966 11.8815 
v -9.96458 16.3504 11.8739 
v -9.97832 16.3287 11.9091 
v -9.97222 16.319 11.8497 
v -9.97992 16.2683 11.849 
v -9.9727 16.2898 11.8242 
v -9.98939 16.255 11.8234 
v -9.98229 16.2702 11.8101 
v -11.7639 16.319 11.8497 
v -11.7551 16.2966 11.8815 
v -11.7715 16.3504 11.8739 
v -11.7578 16.3287 11.9091 
v -11.7562 16.2682 11.849 
v -11.7634 16.2897 11.8242 
v -11.7467 16.2549 11.8234 
v -11.7538 16.2702 11.8101 
v -9.9592 16.6198 12.0537 
v -9.9647 16.6507 12.0881 
v -9.96122 16.6175 12.0958 
v -9.96305 16.6521 12.0649 
v -9.97036 16.5817 12.0911 
v -9.96854 16.5874 12.0475 
v -10.0029 16.5161 12.0751 
v -10.0009 16.5243 12.0392 
v -10.0189 16.4638 12.0244 
v -10.0222 16.4553 12.0642 
v -10.0328 16.3907 12.057 
v -11.7769 16.6198 12.0537 
v -11.7714 16.6507 12.0881 
v -11.7731 16.652 12.0649 
v -11.7749 16.6175 12.0958 
v -11.7657 16.5816 12.0911 
v -11.7676 16.5874 12.0475 
v -11.7332 16.516 12.0751 
v -11.7352 16.5243 12.0392 
v -11.7172 16.4638 12.0244 
v -11.7139 16.4552 12.0642 
v -11.7033 16.3907 12.057 
v -10.1522 16.2769 12.1134 
v -10.0795 16.3218 12.0594 
v -10.0748 16.3402 12.0805 
v -10.0328 16.3907 12.057 
v -10.0269 16.377 11.9833 
v -10.0084 16.4172 12.0146 
v -9.98459 16.4257 11.9422 
v -9.96955 16.4587 11.9678 
v -9.95017 16.499 11.9039 
v -9.94773 16.5208 11.9417 
v -9.93775 16.564 11.8794 
v -9.93952 16.5786 11.9136 
v -9.92542 16.6012 11.8613 
v -9.92857 16.616 11.9024 
v -9.92647 16.6612 11.8845 
v -9.91936 16.6432 11.8438 
v -9.9378 16.6813 11.8629 
v -9.93301 16.6724 11.8378 
v -11.5839 16.2769 12.1134 
v -11.6613 16.3402 12.0805 
v -11.6566 16.3218 12.0594 
v -11.7033 16.3907 12.057 
v -11.7092 16.377 11.9833 
v -11.7278 16.4172 12.0146 
v -11.7515 16.4256 11.9422 
v -11.7666 16.4586 11.9678 
v -11.7859 16.499 11.9039 
v -11.7884 16.5208 11.9417 
v -11.7984 16.5639 11.8794 
v -11.7966 16.5786 11.9136 
v -11.8107 16.6012 11.8613 
v -11.8075 16.6159 11.9024 
v -11.8096 16.6612 11.8845 
v -11.8168 16.6432 11.8438 
v -11.7983 16.6813 11.8629 
v -11.8031 16.6724 11.8378 
v -9.96189 17.2963 12.5153 
v -9.96299 17.4064 12.5364 
v -10.0043 17.4082 12.5607 
v -9.99702 17.4388 12.539 
v -10.0344 17.4637 12.578 
v -10.0225 17.4743 12.5561 
v -10.0514 17.5096 12.6005 
v -10.0394 17.523 12.5762 
v -10.0484 17.5535 12.5928 
v -10.0629 17.5372 12.6205 
v -10.078 17.5646 12.6278 
v -10.0653 17.5778 12.6036 
v -10.0973 17.5933 12.6101 
v -10.1048 17.5878 12.6218 
v -11.7742 17.2962 12.5153 
v -11.7318 17.4081 12.5607 
v -11.7731 17.4064 12.5364 
v -11.7391 17.4388 12.539 
v -11.7017 17.4637 12.578 
v -11.7137 17.4743 12.5561 
v -11.6847 17.5096 12.6005 
v -11.6967 17.523 12.5762 
v -11.6877 17.5535 12.5928 
v -11.6733 17.5372 12.6205 
v -11.6582 17.5646 12.6278 
v -11.6708 17.5777 12.6036 
v -11.6388 17.5933 12.6101 
v -11.6314 17.5878 12.6218 
v -9.98197 17.0568 12.4259 
v -9.96517 16.9662 12.3836 
v -9.95066 17.0783 12.369 
v -9.9639 17.1598 12.4181 
v -9.9783 17.1493 12.4586 
v -9.95131 17.2481 12.4511 
v -9.97104 17.2415 12.4955 
v -9.96189 17.2963 12.5153 
v -9.9292 17.321 12.4658 
v -9.92349 17.4112 12.5069 
v -9.90621 17.4098 12.4687 
v -9.89196 17.5213 12.4919 
v -9.8914 17.519 12.4642 
v -9.87992 17.6362 12.4893 
v -9.87977 17.6379 12.4627 
v -9.87807 17.6778 12.4631 
v -9.88092 17.6771 12.4964 
v -9.89162 17.709 12.4964 
v -9.88662 17.7094 12.4636 
v -9.91008 17.7306 12.4897 
v -9.90466 17.731 12.4677 
v -11.7542 17.0567 12.4259 
v -11.7855 17.0783 12.369 
v -11.771 16.9661 12.3836 
v -11.7722 17.1598 12.4181 
v -11.7578 17.1493 12.4586 
v -11.7848 17.2481 12.4511 
v -11.7651 17.2415 12.4955 
v -11.7742 17.2962 12.5153 
v -11.8069 17.3209 12.4658 
v -11.8126 17.4112 12.5069 
v -11.8299 17.4098 12.4687 
v -11.8442 17.5212 12.4919 
v -11.8447 17.519 12.4642 
v -11.8562 17.6362 12.4893 
v -11.8564 17.6378 12.4627 
v -11.8581 17.6777 12.4631 
v -11.8552 17.6771 12.4964 
v -11.8445 17.7089 12.4964 
v -11.8495 17.7093 12.4636 
v -11.8261 17.7306 12.4897 
v -11.8315 17.7309 12.4677 
v -10.3114 16.1991 12.2106 
v -10.3901 16.123 12.1913 
v -10.3186 16.1721 12.1514 
v -10.2348 16.2396 12.1565 
v -10.2483 16.2112 12.1176 
v -10.1522 16.2769 12.1134 
v -10.1666 16.2531 12.0698 
v -10.0777 16.3035 12.0451 
v -10.0931 16.289 12.0157 
v -10.0136 16.3248 11.9559 
v -10.0211 16.3179 11.9407 
v -9.97832 16.3287 11.9091 
v -11.4247 16.1991 12.2106 
v -11.4175 16.1721 12.1514 
v -11.346 16.123 12.1913 
v -11.5013 16.2396 12.1565 
v -11.4878 16.2112 12.1176 
v -11.5839 16.2769 12.1134 
v -11.5695 16.253 12.0698 
v -11.6584 16.3034 12.0451 
v -11.6431 16.289 12.0157 
v -11.7225 16.3248 11.9559 
v -11.715 16.3178 11.9407 
v -11.7578 16.3287 11.9091 
v -9.90466 17.731 12.4677 
v -9.91921 17.7317 12.4567 
v -9.92455 17.7393 12.4779 
v -9.94092 17.732 12.4612 
v -9.91008 17.7306 12.4897 
v -9.95012 17.7319 12.4815 
v -9.92817 17.7313 12.4977 
v -11.8315 17.7309 12.4677 
v -11.8116 17.7393 12.4779 
v -11.8169 17.7317 12.4567 
v -11.7952 17.732 12.4612 
v -11.8261 17.7306 12.4897 
v -11.786 17.7319 12.4815 
v -11.808 17.7312 12.4977 
v -9.99702 17.4388 12.539 
v -9.96299 17.4064 12.5364 
v -9.95735 17.446 12.5166 
v -11.7391 17.4388 12.539 
v -11.7788 17.4459 12.5166 
v -11.7731 17.4064 12.5364 
v -10.0225 17.4743 12.5561 
v -10.0175 17.4396 12.5182 
v -10.0372 17.4737 12.5351 
v -9.99702 17.4388 12.539 
v -10.055 17.5264 12.5502 
v -10.0394 17.523 12.5762 
v -10.0681 17.5581 12.5594 
v -10.0484 17.5535 12.5928 
v -10.0823 17.5813 12.5728 
v -10.0653 17.5778 12.6036 
v -10.1045 17.595 12.5969 
v -10.0973 17.5933 12.6101 
v -11.7137 17.4743 12.5561 
v -11.7187 17.4396 12.5182 
v -11.7391 17.4388 12.539 
v -11.699 17.4736 12.5351 
v -11.6812 17.5264 12.5502 
v -11.6967 17.523 12.5762 
v -11.668 17.5581 12.5594 
v -11.6877 17.5535 12.5928 
v -11.6538 17.5813 12.5728 
v -11.6708 17.5777 12.6036 
v -11.6316 17.595 12.5969 
v -11.6388 17.5933 12.6101 
v -10.1243 16.4974 12.0855 
v -10.1322 16.5075 12.0863 
v -10.1371 16.4886 12.0929 
v -10.1188 16.5081 12.0735 
v -10.1074 16.5003 12.0625 
v -10.1098 16.4736 12.0797 
v -10.1376 16.4703 12.0918 
v -10.0971 16.4861 12.0549 
v -10.1296 16.4527 12.084 
v -10.1033 16.455 12.0658 
v -10.0868 16.459 12.0379 
v -10.1187 16.426 12.0629 
v -10.0812 16.4811 12.0305 
v -10.0937 16.5027 12.0455 
v -10.1046 16.4343 12.0426 
v -10.1368 16.4225 12.0782 
v -10.1459 16.4533 12.0929 
v -10.0841 16.4987 12.0215 
v -10.091 16.5124 12.0302 
v -10.0898 16.5148 12.013 
v -10.0879 16.498 12.0019 
v -10.0883 16.4799 11.9997 
v -10.0905 16.4632 12.0062 
v -10.0937 16.4472 12.0201 
v -10.1032 16.4373 11.9937 
v -10.1024 16.4701 11.9862 
v -10.1011 16.4324 12.0174 
v -10.1173 16.4178 12.0339 
v -10.1246 16.4194 12.0002 
v -10.1288 16.4252 11.9821 
v -10.1133 16.4467 11.9735 
v -10.1121 16.465 11.9704 
v -10.1272 16.438 11.9684 
v -10.1232 16.4546 11.961 
v -10.1344 16.4062 12.0234 
v -10.143 16.4168 11.992 
v -10.1319 16.4143 12.0515 
v -10.1496 16.4111 12.0477 
v -10.1489 16.4094 12.0593 
v -10.1662 16.4074 12.0381 
v -10.1636 16.4111 12.0669 
v -10.1592 16.404 12.0098 
v -10.159 16.4123 11.9919 
v -10.1757 16.4056 12.0224 
v -10.1773 16.4075 12.0012 
v -10.1603 16.427 12.0879 
v -10.1737 16.4182 12.0781 
v -10.1792 16.434 12.0922 
v -10.1629 16.4474 12.0963 
v -11.6118 16.4974 12.0855 
v -11.599 16.4886 12.0929 
v -11.6039 16.5075 12.0863 
v -11.6173 16.508 12.0735 
v -11.6287 16.5003 12.0625 
v -11.6263 16.4736 12.0797 
v -11.5985 16.4703 12.0918 
v -11.6391 16.4861 12.0549 
v -11.6065 16.4527 12.084 
v -11.6328 16.455 12.0658 
v -11.6493 16.4589 12.0379 
v -11.6174 16.426 12.0629 
v -11.6549 16.4811 12.0305 
v -11.6424 16.5027 12.0455 
v -11.6315 16.4342 12.0426 
v -11.5993 16.4224 12.0782 
v -11.5903 16.4532 12.0929 
v -11.652 16.4986 12.0215 
v -11.6451 16.5124 12.0302 
v -11.6463 16.5148 12.013 
v -11.6482 16.498 12.0019 
v -11.6478 16.4799 11.9997 
v -11.6456 16.4632 12.0062 
v -11.6424 16.4472 12.0201 
v -11.6329 16.4373 11.9937 
v -11.6337 16.4701 11.9862 
v -11.635 16.4324 12.0174 
v -11.6188 16.4178 12.0339 
v -11.6115 16.4194 12.0002 
v -11.6074 16.4252 11.9821 
v -11.6017 16.4062 12.0234 
v -11.6229 16.4467 11.9735 
v -11.6089 16.438 11.9684 
v -11.624 16.4649 11.9704 
v -11.6129 16.4546 11.961 
v -11.5931 16.4168 11.992 
v -11.6042 16.4143 12.0515 
v -11.5865 16.4111 12.0477 
v -11.5872 16.4094 12.0593 
v -11.5699 16.4074 12.0381 
v -11.5726 16.411 12.0669 
v -11.5769 16.404 12.0098 
v -11.5604 16.4056 12.0224 
v -11.5771 16.4123 11.9919 
v -11.5588 16.4075 12.0012 
v -11.5758 16.427 12.0879 
v -11.5624 16.4182 12.0781 
v -11.5569 16.434 12.0922 
v -11.5732 16.4474 12.0963 
v -10.4485 16.0276 12.1803 
v -10.4691 16.0475 12.2951 
v -10.5391 15.9418 12.2948 
v -10.5101 15.9266 12.1693 
v -10.3901 16.123 12.1913 
v -10.4035 16.1544 12.2952 
v -10.3105 16.2405 12.2797 
v -10.3114 16.1991 12.2106 
v -10.2578 16.3091 12.188 
v -10.2701 16.3232 12.2907 
v -10.2188 16.4739 12.2605 
v -10.2279 16.4641 12.3264 
v -10.1759 16.6139 12.31 
v -10.183 16.6069 12.3588 
v -10.1157 16.7527 12.3375 
v -10.1195 16.7479 12.3867 
v -10.0477 16.8515 12.3372 
v -10.0393 16.8753 12.3997 
v -9.94522 16.9332 12.2962 
v -9.96517 16.9662 12.3836 
v -9.87913 17.0518 12.3162 
v -9.86916 17.0147 12.2422 
v -9.81412 17.1011 12.2464 
v -9.82044 17.0761 12.1967 
v -9.78882 17.1942 12.1726 
v -9.79675 17.1737 12.1322 
v -9.80433 17.273 12.1022 
v -9.80148 17.2831 12.1246 
v -9.83025 17.375 12.0829 
v -11.226 15.9266 12.1693 
v -11.197 15.9418 12.2948 
v -11.2876 16.0276 12.1803 
v -11.267 16.0474 12.2951 
v -11.346 16.123 12.1913 
v -11.3326 16.1544 12.2952 
v -11.4256 16.2404 12.2797 
v -11.4247 16.1991 12.2106 
v -11.4783 16.3091 12.188 
v -11.466 16.3232 12.2907 
v -11.5173 16.4738 12.2605 
v -11.5082 16.4641 12.3264 
v -11.5602 16.6138 12.31 
v -11.5532 16.6069 12.3588 
v -11.6204 16.7526 12.3375 
v -11.6166 16.7479 12.3867 
v -11.6884 16.8515 12.3372 
v -11.6968 16.8753 12.3997 
v -11.7909 16.9331 12.2962 
v -11.771 16.9661 12.3836 
v -11.857 17.0518 12.3162 
v -11.867 17.0146 12.2422 
v -11.922 17.1011 12.2464 
v -11.9157 17.076 12.1967 
v -11.9473 17.1941 12.1726 
v -11.9394 17.1737 12.1322 
v -11.9318 17.273 12.1022 
v -11.9347 17.2831 12.1246 
v -11.9059 17.375 12.0829 
v -9.96189 17.2963 12.5153 
v -9.92349 17.4112 12.5069 
v -9.96299 17.4064 12.5364 
v -9.95735 17.446 12.5166 
v -9.89196 17.5213 12.4919 
v -9.9187 17.5252 12.5091 
v -9.87992 17.6362 12.4893 
v -9.91619 17.6369 12.5185 
v -9.88092 17.6771 12.4964 
v -9.92222 17.6765 12.5214 
v -9.89162 17.709 12.4964 
v -9.92609 17.7078 12.5141 
v -9.91008 17.7306 12.4897 
v -9.92817 17.7313 12.4977 
v -11.7742 17.2962 12.5153 
v -11.7731 17.4064 12.5364 
v -11.8126 17.4112 12.5069 
v -11.7788 17.4459 12.5166 
v -11.8442 17.5212 12.4919 
v -11.8174 17.5252 12.5091 
v -11.8562 17.6362 12.4893 
v -11.82 17.6369 12.5185 
v -11.8552 17.6771 12.4964 
v -11.8139 17.6764 12.5214 
v -11.8445 17.7089 12.4964 
v -11.8101 17.7078 12.5141 
v -11.8261 17.7306 12.4897 
v -11.808 17.7312 12.4977 
v -10.0032 16.2597 11.8093 
v -10.021 16.2628 11.8162 
v -10.0175 16.2755 11.8058 
v -10.009 16.2525 11.8268 
v -10.0005 16.2786 11.8011 
v -9.98939 16.255 11.8234 
v -9.98229 16.2702 11.8101 
v -11.7329 16.2596 11.8093 
v -11.7186 16.2755 11.8058 
v -11.7151 16.2628 11.8162 
v -11.7356 16.2786 11.8011 
v -11.7271 16.2525 11.8268 
v -11.7538 16.2702 11.8101 
v -11.7467 16.2549 11.8234 
v -9.9589 16.3818 11.8225 
v -9.96269 16.399 11.8246 
v -9.94621 16.3949 11.8248 
v -9.95433 16.4086 11.8343 
v -9.94392 16.3782 11.833 
v -9.94096 16.4026 11.8433 
v -9.93789 16.3894 11.8406 
v -11.7772 16.3818 11.8225 
v -11.7899 16.3949 11.8248 
v -11.7734 16.3989 11.8246 
v -11.7818 16.4086 11.8343 
v -11.7922 16.3781 11.833 
v -11.7951 16.4026 11.8433 
v -11.7982 16.3894 11.8406 
v -9.95066 17.0783 12.369 
v -9.96517 16.9662 12.3836 
v -9.87913 17.0518 12.3162 
v -9.8522 17.1619 12.3117 
v -9.82659 17.1372 12.2893 
v -9.77681 17.2459 12.2465 
v -9.80194 17.2628 12.2702 
v -9.76829 17.3644 12.2255 
v -9.78437 17.3686 12.2425 
v -9.76721 17.464 12.22 
v -9.78578 17.4628 12.2392 
v -9.76077 17.5068 12.222 
v -9.78757 17.5045 12.2493 
v -9.79308 17.5496 12.2502 
v -9.76061 17.5522 12.2243 
v -9.78194 17.5869 12.2194 
v -9.80054 17.5833 12.2303 
v -11.7855 17.0783 12.369 
v -11.857 17.0518 12.3162 
v -11.771 16.9661 12.3836 
v -11.8839 17.1619 12.3117 
v -11.9095 17.1372 12.2893 
v -11.9593 17.2459 12.2465 
v -11.9342 17.2628 12.2702 
v -11.9678 17.3643 12.2255 
v -11.9518 17.3686 12.2425 
v -11.9689 17.464 12.22 
v -11.9504 17.4628 12.2392 
v -11.9754 17.5068 12.222 
v -11.9486 17.5045 12.2493 
v -11.9431 17.5495 12.2502 
v -11.9755 17.5522 12.2243 
v -11.9542 17.5868 12.2194 
v -11.9356 17.5832 12.2303 
v -9.95017 16.499 11.9039 
v -9.9673 16.5633 11.8688 
v -9.93775 16.564 11.8794 
v -9.96525 16.5985 11.8435 
v -9.98605 16.5044 11.8959 
v -9.92542 16.6012 11.8613 
v -9.98459 16.4257 11.9422 
v -9.96237 16.6344 11.8225 
v -10.0178 16.4369 11.929 
v -10.0269 16.377 11.9833 
v -10.0514 16.3937 11.9646 
v -9.91936 16.6432 11.8438 
v -9.93301 16.6724 11.8378 
v -9.95859 16.6699 11.8224 
v -11.7688 16.5633 11.8688 
v -11.7501 16.5043 11.8959 
v -11.7859 16.499 11.9039 
v -11.7515 16.4256 11.9422 
v -11.7984 16.5639 11.8794 
v -11.7183 16.4369 11.929 
v -11.7092 16.377 11.9833 
v -11.6847 16.3936 11.9646 
v -11.7709 16.5985 11.8435 
v -11.8107 16.6012 11.8613 
v -11.7737 16.6344 11.8225 
v -11.8168 16.6432 11.8438 
v -11.8031 16.6724 11.8378 
v -11.7775 16.6699 11.8224 
v -10.1522 16.2769 12.1134 
v -10.0777 16.3035 12.0451 
v -10.0795 16.3218 12.0594 
v -10.0269 16.377 11.9833 
v -10.0136 16.3248 11.9559 
v -9.98518 16.3473 11.9227 
v -9.99165 16.3909 11.9399 
v -9.97832 16.3287 11.9091 
v -9.95703 16.3695 11.8897 
v -9.96113 16.3992 11.898 
v -9.96458 16.3504 11.8739 
v -9.9425 16.3803 11.8637 
v -9.9469 16.4061 11.8685 
v -9.94096 16.4026 11.8433 
v -9.95376 16.3654 11.8498 
v -9.93789 16.3894 11.8406 
v -9.94392 16.3782 11.833 
v -11.5839 16.2769 12.1134 
v -11.6566 16.3218 12.0594 
v -11.6584 16.3034 12.0451 
v -11.7092 16.377 11.9833 
v -11.7225 16.3248 11.9559 
v -11.7509 16.3472 11.9227 
v -11.7578 16.3287 11.9091 
v -11.7445 16.3909 11.9399 
v -11.7791 16.3695 11.8897 
v -11.7715 16.3504 11.8739 
v -11.775 16.3992 11.898 
v -11.7936 16.3802 11.8637 
v -11.7892 16.406 11.8685 
v -11.7951 16.4026 11.8433 
v -11.7823 16.3653 11.8498 
v -11.7982 16.3894 11.8406 
v -11.7922 16.3781 11.833 
v -9.97509 16.371 11.8373 
v -9.96458 16.3504 11.8739 
v -9.9938 16.3652 11.8548 
v -9.95376 16.3654 11.8498 
v -9.9589 16.3818 11.8225 
v -9.94392 16.3782 11.833 
v -11.761 16.371 11.8373 
v -11.7715 16.3504 11.8739 
v -11.7823 16.3653 11.8498 
v -11.7423 16.3652 11.8548 
v -11.7772 16.3818 11.8225 
v -11.7922 16.3781 11.833 
v -10.0397 16.4951 11.9934 
v -10.0259 16.5014 11.9794 
v -10.0088 16.5184 11.9918 
v -10.0358 16.514 12.0024 
v -10.0564 16.5048 12.013 
v -10.0409 16.4824 11.9727 
v -10.0718 16.4929 12.0214 
v -10.0668 16.4695 12.0002 
v -10.0535 16.4642 11.9712 
v -10.0885 16.4672 12.0197 
v -10.0708 16.4498 11.9814 
v -10.0862 16.4447 12.0077 
v -11.6964 16.4951 11.9934 
v -11.7273 16.5184 11.9918 
v -11.7102 16.5014 11.9794 
v -11.7003 16.5139 12.0024 
v -11.6797 16.5048 12.013 
v -11.6952 16.4823 11.9727 
v -11.6643 16.4929 12.0214 
v -11.6693 16.4695 12.0002 
v -11.6826 16.4642 11.9712 
v -11.6476 16.4672 12.0197 
v -11.6653 16.4498 11.9814 
v -11.6499 16.4447 12.0077 
v -9.9639 17.1598 12.4181 
v -9.96476 17.0977 12.3502 
v -9.97634 17.1687 12.402 
v -9.95066 17.0783 12.369 
v -9.95131 17.2481 12.4511 
v -9.96725 17.2554 12.4261 
v -9.9292 17.321 12.4658 
v -9.94589 17.3303 12.4402 
v -9.90621 17.4098 12.4687 
v -9.92075 17.4133 12.4502 
v -9.8914 17.519 12.4642 
v -9.9002 17.5206 12.4531 
v -9.87977 17.6379 12.4627 
v -9.89766 17.6396 12.4455 
v -9.87807 17.6778 12.4631 
v -9.90265 17.6789 12.4397 
v -9.88662 17.7094 12.4636 
v -9.90969 17.7095 12.4428 
v -9.90466 17.731 12.4677 
v -9.91921 17.7317 12.4567 
v -11.7714 17.0977 12.3502 
v -11.7722 17.1598 12.4181 
v -11.7598 17.1687 12.402 
v -11.7855 17.0783 12.369 
v -11.7848 17.2481 12.4511 
v -11.7689 17.2554 12.4261 
v -11.8069 17.3209 12.4658 
v -11.7902 17.3303 12.4402 
v -11.8299 17.4098 12.4687 
v -11.8154 17.4133 12.4502 
v -11.8447 17.519 12.4642 
v -11.8359 17.5206 12.4531 
v -11.8564 17.6378 12.4627 
v -11.8385 17.6396 12.4455 
v -11.8581 17.6777 12.4631 
v -11.8335 17.6789 12.4397 
v -11.8495 17.7093 12.4636 
v -11.8265 17.7095 12.4428 
v -11.8315 17.7309 12.4677 
v -11.8169 17.7317 12.4567 
v -9.97972 17.4752 12.5124 
v -9.98429 17.4789 12.5199 
v -9.9827 17.4707 12.5199 
v -9.98977 17.4726 12.5254 
v -9.97787 17.469 12.5076 
v -9.99355 17.465 12.527 
v -9.98217 17.4606 12.5192 
v -9.97715 17.4596 12.5053 
v -9.99498 17.4557 12.5249 
v -9.98571 17.4487 12.5152 
v -9.98058 17.4447 12.5004 
v -9.99918 17.4413 12.5206 
v -10.0059 17.4452 12.5277 
v -9.99357 17.4388 12.5081 
v -10.0007 17.4602 12.5302 
v -9.9746 17.4517 12.4937 
v -9.97381 17.465 12.4995 
v -9.97305 17.4596 12.4871 
v -9.97225 17.4673 12.4918 
v -9.97295 17.4666 12.4823 
v -9.97688 17.4588 12.4787 
v -9.98076 17.4513 12.4798 
v -9.98561 17.4442 12.4854 
v -9.98824 17.4397 12.4941 
v -11.7564 17.4752 12.5124 
v -11.7534 17.4707 12.5199 
v -11.7518 17.4789 12.5199 
v -11.7464 17.4726 12.5254 
v -11.7583 17.469 12.5076 
v -11.7426 17.465 12.527 
v -11.754 17.4606 12.5192 
v -11.759 17.4596 12.5053 
v -11.7412 17.4557 12.5249 
v -11.7504 17.4486 12.5152 
v -11.737 17.4412 12.5206 
v -11.7302 17.4452 12.5277 
v -11.7354 17.4601 12.5302 
v -11.7426 17.4387 12.5081 
v -11.7556 17.4446 12.5004 
v -11.7615 17.4517 12.4937 
v -11.7623 17.465 12.4995 
v -11.7631 17.4595 12.4871 
v -11.7639 17.4672 12.4918 
v -11.7632 17.4665 12.4823 
v -11.7593 17.4588 12.4787 
v -11.7554 17.4513 12.4798 
v -11.7505 17.4441 12.4854 
v -11.7479 17.4397 12.4941 
v -10.0389 16.4361 11.9504 
v -10.0398 16.4216 11.9519 
v -10.0232 16.4202 11.9383 
v -10.0426 16.4108 11.9461 
v -10.056 16.4043 11.9594 
v -10.054 16.4235 11.9686 
v -10.0464 16.4431 11.9614 
v -10.0665 16.4097 11.9765 
v -10.058 16.4405 11.9773 
v -10.0646 16.423 11.9868 
v -11.6973 16.4361 11.9504 
v -11.7129 16.4202 11.9383 
v -11.6964 16.4215 11.9519 
v -11.6935 16.4108 11.9461 
v -11.6801 16.4042 11.9594 
v -11.6821 16.4235 11.9686 
v -11.6897 16.443 11.9614 
v -11.6696 16.4097 11.9765 
v -11.6781 16.4404 11.9773 
v -11.6715 16.423 11.9868 
v -10.0909 16.9654 12.2769 
v -10.0774 16.9501 12.2538 
v -10.0753 16.9816 12.2778 
v -10.0711 16.9776 12.2557 
v -10.063 16.9979 12.2618 
v -10.0951 16.9762 12.2963 
v -10.0545 17.0147 12.2724 
v -10.0672 17.0079 12.3037 
v -10.0935 16.9886 12.3151 
v -10.0535 17.0252 12.2926 
v -10.0817 17.0067 12.3247 
v -10.0597 17.0221 12.3216 
v -11.6452 16.9654 12.2769 
v -11.6608 16.9816 12.2778 
v -11.6587 16.95 12.2538 
v -11.665 16.9776 12.2557 
v -11.6731 16.9979 12.2618 
v -11.641 16.9761 12.2963 
v -11.6816 17.0147 12.2724 
v -11.6689 17.0079 12.3037 
v -11.6426 16.9885 12.3151 
v -11.6826 17.0252 12.2926 
v -11.6545 17.0066 12.3247 
v -11.6764 17.022 12.3216 
v -10.5391 15.9418 12.2948 
v -10.6918 16.0639 12.1918 
v -10.5873 15.9903 12.118 
v -10.6413 16.0159 12.3235 
v -10.5101 15.9266 12.1693 
v -11.197 15.9418 12.2948 
v -11.0443 16.0639 12.1918 
v -11.0948 16.0159 12.3235 
v -11.1488 15.9903 12.118 
v -11.226 15.9266 12.1693 
v -10.0211 16.3179 11.9407 
v -9.98104 16.2966 11.8815 
v -9.97832 16.3287 11.9091 
v -10.0166 16.2944 11.8871 
v -10.0138 16.2604 11.8518 
v -9.97992 16.2683 11.849 
v -10.009 16.2525 11.8268 
v -9.98939 16.255 11.8234 
v -9.99953 16.3315 11.8368 
v -9.96458 16.3504 11.8739 
v -9.97222 16.319 11.8497 
v -9.9938 16.3652 11.8548 
v -9.99876 16.3031 11.8088 
v -9.9727 16.2898 11.8242 
v -10.0005 16.2786 11.8011 
v -9.98229 16.2702 11.8101 
v -11.715 16.3178 11.9407 
v -11.7578 16.3287 11.9091 
v -11.7551 16.2966 11.8815 
v -11.7196 16.2944 11.8871 
v -11.7223 16.2604 11.8518 
v -11.7562 16.2682 11.849 
v -11.7271 16.2525 11.8268 
v -11.7467 16.2549 11.8234 
v -11.7366 16.3314 11.8368 
v -11.7715 16.3504 11.8739 
v -11.7423 16.3652 11.8548 
v -11.7639 16.319 11.8497 
v -11.7373 16.3031 11.8088 
v -11.7634 16.2897 11.8242 
v -11.7356 16.2786 11.8011 
v -11.7538 16.2702 11.8101 
v -10.3623 16.2135 12.1166 
v -10.3901 16.123 12.1913 
v -10.4518 16.1708 12.1366 
v -10.3186 16.1721 12.1514 
v -10.2864 16.247 12.087 
v -10.2483 16.2112 12.1176 
v -10.201 16.2822 12.0492 
v -10.1666 16.2531 12.0698 
v -10.1244 16.3146 11.9961 
v -10.0931 16.289 12.0157 
v -10.0457 16.3369 11.9242 
v -10.0211 16.3179 11.9407 
v -11.3738 16.2135 12.1166 
v -11.346 16.123 12.1913 
v -11.4175 16.1721 12.1514 
v -11.2843 16.1708 12.1366 
v -11.4497 16.247 12.087 
v -11.4878 16.2112 12.1176 
v -11.5351 16.2822 12.0492 
v -11.5695 16.253 12.0698 
v -11.6117 16.3146 11.9961 
v -11.6431 16.289 12.0157 
v -11.6904 16.3368 11.9242 
v -11.715 16.3178 11.9407 
v -9.9592 16.6198 12.0537 
v -9.99758 16.6302 12.0368 
v -9.96305 16.6521 12.0649 
v -9.98695 16.6587 12.0551 
v -9.96854 16.5874 12.0475 
v -10.0059 16.5973 12.0315 
v -10.0009 16.5243 12.0392 
v -10.0216 16.5312 12.0285 
v -10.0383 16.4741 12.0114 
v -10.0189 16.4638 12.0244 
v -11.7385 16.6302 12.0368 
v -11.7731 16.652 12.0649 
v -11.7492 16.6587 12.0551 
v -11.7769 16.6198 12.0537 
v -11.7676 16.5874 12.0475 
v -11.7302 16.5973 12.0315 
v -11.7352 16.5243 12.0392 
v -11.7145 16.5311 12.0285 
v -11.6978 16.4741 12.0114 
v -11.7172 16.4638 12.0244 
v -9.78194 17.5869 12.2194 
v -9.78465 17.586 12.1962 
v -9.80291 17.5907 12.2105 
v -9.80501 17.5842 12.1898 
v -9.80054 17.5833 12.2303 
v -9.82175 17.5816 12.201 
v -9.81812 17.5816 12.2215 
v -11.9542 17.5868 12.2194 
v -11.9332 17.5907 12.2105 
v -11.9515 17.586 12.1962 
v -11.9311 17.5842 12.1898 
v -11.9356 17.5832 12.2303 
v -11.9144 17.5816 12.201 
v -11.918 17.5815 12.2215 
v -10.077 17.1722 12.4147 
v -10.0714 17.1474 12.3945 
v -10.066 17.1648 12.3927 
v -10.0535 17.1536 12.376 
v -10.0863 17.1543 12.4058 
v -10.0421 17.1388 12.3638 
v -10.0917 17.1314 12.3963 
v -10.0621 17.1181 12.3772 
v -10.0408 17.1169 12.3584 
v -10.0907 17.1105 12.3896 
v -10.0497 17.0932 12.3661 
v -10.0757 17.0938 12.3764 
v -11.6591 17.1722 12.4147 
v -11.6701 17.1648 12.3927 
v -11.6648 17.1473 12.3945 
v -11.6826 17.1536 12.376 
v -11.6499 17.1543 12.4058 
v -11.694 17.1387 12.3638 
v -11.6445 17.1313 12.3963 
v -11.674 17.118 12.3772 
v -11.6953 17.1169 12.3584 
v -11.6455 17.1105 12.3896 
v -11.6864 17.0932 12.3661 
v -11.6605 17.0938 12.3764 
v -10.133 16.3779 12.0027 
v -10.147 16.3787 12.0092 
v -10.1492 16.3527 12.0013 
v -10.1403 16.3954 12.0172 
v -10.1298 16.3704 11.9899 
v -10.117 16.3971 12.0076 
v -10.1253 16.4083 12.019 
v -10.1132 16.3829 11.9875 
v -10.1044 16.4091 12.0121 
v -10.1037 16.3986 11.9964 
v -11.6031 16.3778 12.0027 
v -11.5869 16.3527 12.0013 
v -11.5891 16.3787 12.0092 
v -11.6063 16.3704 11.9899 
v -11.5958 16.3954 12.0172 
v -11.6191 16.397 12.0076 
v -11.6229 16.3829 11.9875 
v -11.6108 16.4083 12.019 
v -11.6324 16.3986 11.9964 
v -11.6317 16.4091 12.0121 
v -10.1048 17.5878 12.6218 
v -10.0973 17.5933 12.6101 
v -10.1149 17.5924 12.6098 
v -10.1045 17.595 12.5969 
v -10.119 17.5806 12.6232 
v -10.1215 17.5907 12.5945 
v -10.1299 17.5827 12.6079 
v -11.6314 17.5878 12.6218 
v -11.6212 17.5924 12.6098 
v -11.6388 17.5933 12.6101 
v -11.6316 17.595 12.5969 
v -11.6172 17.5806 12.6232 
v -11.6146 17.5906 12.5945 
v -11.6063 17.5827 12.6079 
v -10.1082 17.0177 12.2817 
v -10.1001 17.0232 12.264 
v -10.0892 17.0186 12.2784 
v -10.083 17.0309 12.2638 
v -10.1076 17.0162 12.2989 
v -10.0669 17.0361 12.2725 
v -10.073 17.0181 12.2986 
v -10.099 17.0172 12.3147 
v -10.0532 17.0367 12.2892 
v -10.0823 17.0202 12.33 
v -10.0629 17.0272 12.3203 
v -10.0435 17.0464 12.3206 
v -10.0782 17.033 12.351 
v -10.0331 17.0597 12.2938 
v -10.0501 17.0454 12.274 
v -10.0592 17.0424 12.3399 
v -10.0982 17.0253 12.3542 
v -10.0952 17.0148 12.3271 
v -10.1151 17.0132 12.3259 
v -10.0348 17.0702 12.2779 
v -10.0458 17.0593 12.2642 
v -10.0395 17.0805 12.2628 
v -10.0349 17.0894 12.2823 
v -10.0346 17.0884 12.3013 
v -10.0322 17.0783 12.3168 
v -10.0444 17.0646 12.3462 
v -10.0357 17.0897 12.3441 
v -10.0291 17.0924 12.3169 
v -10.0697 17.0584 12.3634 
v -10.0597 17.0851 12.3616 
v -10.0568 17.105 12.3588 
v -10.0369 17.1105 12.3391 
v -10.0316 17.1122 12.3192 
v -10.0506 17.12 12.3494 
v -10.0408 17.1282 12.3333 
v -10.0839 17.0762 12.3754 
v -10.0763 17.1034 12.3653 
v -10.1004 17.0509 12.3661 
v -10.1131 17.0683 12.3725 
v -10.1211 17.0487 12.3657 
v -10.0999 17.0928 12.3775 
v -10.0928 17.1079 12.3715 
v -10.1156 17.0868 12.3763 
v -10.1097 17.104 12.3764 
v -10.1269 17.0247 12.3505 
v -10.1362 17.0411 12.3587 
v -10.1327 17.0177 12.3327 
v -10.1453 17.0293 12.3463 
v -11.628 17.0176 12.2817 
v -11.6469 17.0186 12.2784 
v -11.6361 17.0232 12.264 
v -11.6531 17.0309 12.2638 
v -11.6285 17.0162 12.2989 
v -11.6692 17.0361 12.2725 
v -11.6631 17.0181 12.2986 
v -11.6371 17.0172 12.3147 
v -11.683 17.0367 12.2892 
v -11.6538 17.0202 12.33 
v -11.6732 17.0272 12.3203 
v -11.6926 17.0464 12.3206 
v -11.6579 17.0329 12.351 
v -11.703 17.0597 12.2938 
v -11.686 17.0454 12.274 
v -11.6769 17.0424 12.3399 
v -11.638 17.0252 12.3542 
v -11.6409 17.0147 12.3271 
v -11.621 17.0132 12.3259 
v -11.7013 17.0702 12.2779 
v -11.6903 17.0593 12.2642 
v -11.6967 17.0805 12.2628 
v -11.7012 17.0894 12.2823 
v -11.7016 17.0884 12.3013 
v -11.7039 17.0782 12.3168 
v -11.6918 17.0646 12.3462 
v -11.7004 17.0897 12.3441 
v -11.7071 17.0924 12.3169 
v -11.6664 17.0584 12.3634 
v -11.6764 17.0851 12.3616 
v -11.6793 17.105 12.3588 
v -11.6992 17.1105 12.3391 
v -11.7045 17.1122 12.3192 
v -11.6856 17.12 12.3494 
v -11.6954 17.1282 12.3333 
v -11.6522 17.0761 12.3754 
v -11.6598 17.1033 12.3653 
v -11.6357 17.0508 12.3661 
v -11.623 17.0683 12.3725 
v -11.6151 17.0487 12.3657 
v -11.6362 17.0927 12.3775 
v -11.6205 17.0868 12.3763 
v -11.6433 17.1078 12.3715 
v -11.6264 17.104 12.3764 
v -11.6092 17.0246 12.3505 
v -11.5999 17.0411 12.3587 
v -11.5908 17.0292 12.3463 
v -11.6034 17.0177 12.3327 
v -10.5873 15.9903 12.118 
v -10.4485 16.0276 12.1803 
v -10.5101 15.9266 12.1693 
v -10.5233 16.0852 12.1214 
v -10.3901 16.123 12.1913 
v -10.4518 16.1708 12.1366 
v -11.2876 16.0276 12.1803 
v -11.1488 15.9903 12.118 
v -11.226 15.9266 12.1693 
v -11.2128 16.0852 12.1214 
v -11.346 16.123 12.1913 
v -11.2843 16.1708 12.1366 
v -10.2578 16.3091 12.188 
v -10.3114 16.1991 12.2106 
v -10.2348 16.2396 12.1565 
v -10.1758 16.3327 12.1371 
v -10.1522 16.2769 12.1134 
v -10.0748 16.3402 12.0805 
v -10.1009 16.3853 12.1025 
v -10.0328 16.3907 12.057 
v -10.0557 16.451 12.0921 
v -10.0222 16.4553 12.0642 
v -10.0327 16.5187 12.0979 
v -10.0029 16.5161 12.0751 
v -10.0079 16.5895 12.112 
v -9.97036 16.5817 12.0911 
v -9.99598 16.6246 12.1118 
v -9.96122 16.6175 12.0958 
v -9.9647 16.6507 12.0881 
v -9.98488 16.6567 12.0969 
v -11.4783 16.3091 12.188 
v -11.5013 16.2396 12.1565 
v -11.4247 16.1991 12.2106 
v -11.5603 16.3327 12.1371 
v -11.5839 16.2769 12.1134 
v -11.6613 16.3402 12.0805 
v -11.6352 16.3853 12.1025 
v -11.7033 16.3907 12.057 
v -11.6804 16.4509 12.0921 
v -11.7139 16.4552 12.0642 
v -11.7034 16.5187 12.0979 
v -11.7332 16.516 12.0751 
v -11.7282 16.5894 12.112 
v -11.7657 16.5816 12.0911 
v -11.7401 16.6246 12.1118 
v -11.7749 16.6175 12.0958 
v -11.7714 16.6507 12.0881 
v -11.7512 16.6567 12.0969 
v -9.98673 16.9997 12.2281 
v -10.009 17.0185 12.2574 
v -10.0096 17.0025 12.2371 
v -9.99 17.0229 12.2407 
v -10.0319 17.0055 12.2531 
v -9.99388 17.0438 12.261 
v -10.0277 17.0336 12.2937 
v -10.05 17.0084 12.275 
v -10.0001 17.0576 12.2854 
v -10.0526 17.02 12.2957 
v -10.0173 17.057 12.3061 
v -10.0377 17.0398 12.3193 
v -11.7494 16.9996 12.2281 
v -11.7266 17.0024 12.2371 
v -11.7271 17.0185 12.2574 
v -11.7461 17.0228 12.2407 
v -11.7042 17.0054 12.2531 
v -11.7423 17.0438 12.261 
v -11.7084 17.0335 12.2937 
v -11.6862 17.0084 12.275 
v -11.736 17.0576 12.2854 
v -11.6835 17.02 12.2957 
v -11.7188 17.057 12.3061 
v -11.6984 17.0398 12.3193 
v -10.0367 16.9825 12.4209 
v -9.98197 17.0568 12.4259 
v -10.0299 17.0594 12.4483 
v -10.0222 17.1489 12.4771 
v -9.9783 17.1493 12.4586 
v -10.0105 17.2409 12.5112 
v -9.97104 17.2415 12.4955 
v -9.96189 17.2963 12.5153 
v -10.011 17.323 12.539 
v -10.0043 17.4082 12.5607 
v -10.0311 17.4034 12.5636 
v -10.0344 17.4637 12.578 
v -10.0536 17.4555 12.5815 
v -10.0514 17.5096 12.6005 
v -10.0786 17.4961 12.602 
v -10.0629 17.5372 12.6205 
v -10.0975 17.5225 12.6218 
v -10.078 17.5646 12.6278 
v -10.1123 17.5514 12.6301 
v -10.1048 17.5878 12.6218 
v -10.119 17.5806 12.6232 
v -11.7542 17.0567 12.4259 
v -11.6994 16.9824 12.4209 
v -11.7063 17.0594 12.4483 
v -11.7139 17.1488 12.4771 
v -11.7578 17.1493 12.4586 
v -11.7256 17.2409 12.5112 
v -11.7651 17.2415 12.4955 
v -11.7742 17.2962 12.5153 
v -11.7252 17.323 12.539 
v -11.7318 17.4081 12.5607 
v -11.7051 17.4034 12.5636 
v -11.7017 17.4637 12.578 
v -11.6826 17.4555 12.5815 
v -11.6847 17.5096 12.6005 
v -11.6575 17.4961 12.602 
v -11.6733 17.5372 12.6205 
v -11.6386 17.5224 12.6218 
v -11.6582 17.5646 12.6278 
v -11.6239 17.5513 12.6301 
v -11.6314 17.5878 12.6218 
v -11.6172 17.5806 12.6232 
v -9.97545 17.1785 12.3997 
v -9.99845 17.1594 12.3829 
v -9.98278 17.1704 12.3775 
v -9.99946 17.1714 12.3988 
v -9.98964 17.1577 12.3596 
v -10.0206 17.1578 12.3976 
v -10.0175 17.1345 12.3683 
v -9.99857 17.1402 12.3455 
v -10.036 17.1409 12.393 
v -10.0142 17.124 12.3456 
v -10.0399 17.1237 12.3776 
v -10.0305 17.1115 12.3614 
v -9.99702 17.4388 12.539 
v -9.98249 17.4363 12.4904 
v -10.0175 17.4396 12.5182 
v -9.95735 17.446 12.5166 
v -11.7607 17.1784 12.3997 
v -11.7534 17.1704 12.3775 
v -11.7377 17.1594 12.3829 
v -11.7367 17.1713 12.3988 
v -11.7465 17.1577 12.3596 
v -11.7155 17.1577 12.3976 
v -11.7186 17.1345 12.3683 
v -11.7376 17.1401 12.3455 
v -11.7002 17.1409 12.393 
v -11.7219 17.1239 12.3456 
v -11.6962 17.1237 12.3776 
v -11.7056 17.1115 12.3614 
v -11.7391 17.4388 12.539 
v -11.7536 17.4363 12.4904 
v -11.7788 17.4459 12.5166 
v -11.7187 17.4396 12.5182 
v -10.4035 16.1544 12.2952 
v -10.3105 16.2405 12.2797 
v -10.3845 16.2684 12.3136 
v -10.4683 16.2088 12.306 
v -10.338 16.3528 12.3288 
v -10.4691 16.0475 12.2951 
v -10.2701 16.3232 12.2907 
v -10.561 16.1094 12.3153 
v -10.5391 15.9418 12.2948 
v -10.6413 16.0159 12.3235 
v -10.2279 16.4641 12.3264 
v -10.2862 16.486 12.3581 
v -10.2283 16.6227 12.3861 
v -10.183 16.6069 12.3588 
v -10.1747 16.7615 12.4164 
v -10.1195 16.7479 12.3867 
v -10.1017 16.8994 12.4292 
v -10.0393 16.8753 12.3997 
v -9.96517 16.9662 12.3836 
v -11.3326 16.1544 12.2952 
v -11.3516 16.2684 12.3136 
v -11.4256 16.2404 12.2797 
v -11.2678 16.2088 12.306 
v -11.3981 16.3527 12.3288 
v -11.267 16.0474 12.2951 
v -11.466 16.3232 12.2907 
v -11.1751 16.1094 12.3153 
v -11.197 15.9418 12.2948 
v -11.0948 16.0159 12.3235 
v -11.5082 16.4641 12.3264 
v -11.4499 16.486 12.3581 
v -11.5079 16.6227 12.3861 
v -11.5532 16.6069 12.3588 
v -11.5614 16.7614 12.4164 
v -11.6166 16.7479 12.3867 
v -11.6344 16.8993 12.4292 
v -11.6968 16.8753 12.3997 
v -11.771 16.9661 12.3836 
v -10.2194 16.643 12.2746 
v -10.1157 16.7527 12.3375 
v -10.1759 16.6139 12.31 
v -10.1572 16.7737 12.3021 
v -10.2633 16.5055 12.2282 
v -10.0986 16.882 12.2912 
v -10.2188 16.4739 12.2605 
v -10.3035 16.3415 12.1591 
v -10.2578 16.3091 12.188 
v -10.0477 16.8515 12.3372 
v -10.007 16.9672 12.2528 
v -9.94522 16.9332 12.2962 
v -9.92368 17.0383 12.2071 
v -9.86916 17.0147 12.2422 
v -9.87223 17.0995 12.1638 
v -9.82044 17.0761 12.1967 
v -9.79675 17.1737 12.1322 
v -9.8433 17.183 12.1191 
v -9.80433 17.273 12.1022 
v -9.83719 17.2806 12.0907 
v -9.83025 17.375 12.0829 
v -9.86455 17.3679 12.0691 
v -9.84825 17.4415 12.0804 
v -9.89032 17.4255 12.0556 
v -9.87666 17.4864 12.0884 
v -9.9125 17.4742 12.0702 
v -9.91295 17.5102 12.1109 
v -9.92507 17.5049 12.1031 
v -11.5167 16.643 12.2746 
v -11.6204 16.7526 12.3375 
v -11.579 16.7737 12.3021 
v -11.6375 16.882 12.2912 
v -11.5602 16.6138 12.31 
v -11.6884 16.8515 12.3372 
v -11.4728 16.5055 12.2282 
v -11.7291 16.9672 12.2528 
v -11.5173 16.4738 12.2605 
v -11.4326 16.3415 12.1591 
v -11.4783 16.3091 12.188 
v -11.7909 16.9331 12.2962 
v -11.8124 17.0383 12.2071 
v -11.867 17.0146 12.2422 
v -11.8639 17.0994 12.1638 
v -11.9157 17.076 12.1967 
v -11.9394 17.1737 12.1322 
v -11.8928 17.183 12.1191 
v -11.9318 17.273 12.1022 
v -11.8989 17.2805 12.0907 
v -11.9059 17.375 12.0829 
v -11.8716 17.3679 12.0691 
v -11.8879 17.4415 12.0804 
v -11.8458 17.4255 12.0556 
v -11.8595 17.4864 12.0884 
v -11.8236 17.4742 12.0702 
v -11.8232 17.5102 12.1109 
v -11.8111 17.5048 12.1031 
v -9.97575 17.4349 12.4688 
v -9.96631 17.4336 12.4574 
v -9.97145 17.4438 12.4699 
v -9.98293 17.4294 12.464 
v -9.99244 17.4253 12.474 
v -9.98517 17.4341 12.4835 
v -9.976 17.4473 12.4843 
v -9.99589 17.4271 12.4852 
v -9.98338 17.4426 12.4927 
v -9.99058 17.4324 12.4954 
v -11.7604 17.4349 12.4688 
v -11.7647 17.4437 12.4699 
v -11.7698 17.4336 12.4574 
v -11.7532 17.4294 12.464 
v -11.7437 17.4252 12.474 
v -11.751 17.4341 12.4835 
v -11.7601 17.4473 12.4843 
v -11.7402 17.4271 12.4852 
v -11.7528 17.4426 12.4927 
v -11.7456 17.4324 12.4954 
v -9.77241 17.4632 12.189 
v -9.77194 17.3584 12.1917 
v -9.80699 17.3648 12.1767 
v -9.80344 17.4633 12.1754 
v -9.83022 17.2482 12.1941 
v -9.8039 17.5065 12.1671 
v -9.78853 17.2361 12.2101 
v -9.82704 17.1274 12.2569 
v -9.87453 17.149 12.2274 
v -9.76908 17.5069 12.1841 
v -9.77006 17.5525 12.1843 
v -9.80487 17.5524 12.1685 
v -9.78465 17.586 12.1962 
v -9.80501 17.5842 12.1898 
v -11.9291 17.3648 12.1767 
v -11.9637 17.4631 12.189 
v -11.9327 17.4633 12.1754 
v -11.9322 17.5065 12.1671 
v -11.9642 17.3583 12.1917 
v -11.9671 17.5069 12.1841 
v -11.9059 17.2481 12.1941 
v -11.9661 17.5525 12.1843 
v -11.9476 17.2361 12.2101 
v -11.9091 17.1274 12.2569 
v -11.8616 17.1489 12.2274 
v -11.9313 17.5524 12.1685 
v -11.9515 17.586 12.1962 
v -11.9311 17.5842 12.1898 
v -10.0189 16.4638 12.0244 
v -10.0084 16.4172 12.0146 
v -9.96955 16.4587 11.9678 
v -10.0328 16.3907 12.057 
v -10.0057 16.4876 11.9888 
v -9.94773 16.5208 11.9417 
v -9.98197 16.5364 11.957 
v -9.93952 16.5786 11.9136 
v -9.96539 16.5859 11.9275 
v -9.92857 16.616 11.9024 
v -9.96229 16.6281 11.9178 
v -9.92647 16.6612 11.8845 
v -9.95938 16.6667 11.899 
v -9.95944 16.685 11.8715 
v -9.9378 16.6813 11.8629 
v -11.7304 16.4876 11.9888 
v -11.7666 16.4586 11.9678 
v -11.7172 16.4638 12.0244 
v -11.7278 16.4172 12.0146 
v -11.7033 16.3907 12.057 
v -11.7884 16.5208 11.9417 
v -11.7541 16.5364 11.957 
v -11.7966 16.5786 11.9136 
v -11.7707 16.5858 11.9275 
v -11.8075 16.6159 11.9024 
v -11.7738 16.6281 11.9178 
v -11.8096 16.6612 11.8845 
v -11.7767 16.6667 11.899 
v -11.7767 16.685 11.8715 
v -11.7983 16.6813 11.8629 
v -10.1272 16.4265 11.9621 
v -10.1079 16.4103 11.9798 
v -10.1292 16.4167 11.9662 
v -10.1307 16.4183 11.9698 
v -10.1284 16.4281 11.965 
v -10.1177 16.4322 11.9673 
v -10.1266 16.4069 11.9716 
v -10.1281 16.4084 11.9751 
v -10.1167 16.4299 11.9646 
v -10.1073 16.4291 11.9682 
v -10.1082 16.4313 11.9709 
v -10.1196 16.4013 11.9776 
v -10.12 16.402 11.9813 
v -10.1308 16.3967 11.9746 
v -10.1002 16.4243 11.9749 
v -10.1008 16.4256 11.9778 
v -10.0981 16.4343 11.9732 
v -10.1289 16.3971 11.9717 
v -10.1354 16.3874 11.97 
v -10.1095 16.3898 11.9806 
v -10.1338 16.3881 11.9669 
v -10.1351 16.3774 11.966 
v -10.1338 16.3784 11.9635 
v -10.1253 16.3709 11.9685 
v -10.1241 16.3725 11.966 
v -10.1162 16.37 11.9727 
v -10.1148 16.3712 11.9695 
v -10.1056 16.3749 11.9752 
v -10.1064 16.374 11.9783 
v -10.1011 16.383 11.9774 
v -10.1005 16.3805 11.9821 
v -10.1025 16.3736 11.9742 
v -10.1037 16.3763 11.9716 
v -10.1014 16.3664 11.9655 
v -10.0894 16.3821 11.9738 
v -10.1028 16.3691 11.9629 
v -10.0954 16.3618 11.9564 
v -10.0958 16.3647 11.9545 
v -10.087 16.364 11.9486 
v -10.0859 16.3614 11.9505 
v -10.0782 16.3671 11.9537 
v -10.0792 16.3695 11.9515 
v -10.0734 16.3748 11.9598 
v -10.0744 16.3772 11.9571 
v -10.0757 16.3852 11.9666 
v -9.85174 17.2951 12.1544 
v -9.84764 17.216 12.1821 
v -9.82636 17.2975 12.1535 
v -9.82019 17.2159 12.1913 
v -9.82704 17.1274 12.2569 
v -9.87453 17.149 12.2274 
v -9.84084 17.3836 12.1246 
v -9.86842 17.378 12.1346 
v -9.88834 17.424 12.1483 
v -9.85131 17.4399 12.129 
v -9.8724 17.4838 12.1299 
v -9.90878 17.4692 12.1532 
v -9.91145 17.508 12.1286 
v -9.92377 17.501 12.1365 
v -11.8885 17.216 12.1821 
v -11.8844 17.295 12.1544 
v -11.9098 17.2975 12.1535 
v -11.9159 17.2159 12.1913 
v -11.9091 17.1274 12.2569 
v -11.8616 17.1489 12.2274 
v -11.8953 17.3836 12.1246 
v -11.8677 17.378 12.1346 
v -11.8478 17.4239 12.1483 
v -11.8848 17.4399 12.129 
v -11.8637 17.4838 12.1299 
v -11.8274 17.4692 12.1532 
v -11.8247 17.508 12.1286 
v -11.8124 17.501 12.1365 
v -9.97679 17.1318 12.3665 
v -9.97858 17.143 12.3671 
v -9.98847 17.1336 12.3699 
v -9.96768 17.1379 12.3582 
v -9.994 17.1231 12.3683 
v -9.96338 17.1302 12.3522 
v -9.9748 17.1186 12.3634 
v -9.9951 17.1102 12.3636 
v -9.96133 17.1194 12.3472 
v -9.97671 17.102 12.3529 
v -9.99432 17.0921 12.3508 
v -9.96407 17.0985 12.3365 
v -10.0091 17.0966 12.3589 
v -10.0043 17.1154 12.3675 
v -9.98097 17.091 12.3369 
v -9.9515 17.1104 12.3322 
v -9.95442 17.1265 12.3439 
v -9.97634 17.0889 12.3183 
v -9.96053 17.1032 12.314 
v -9.95286 17.1125 12.3115 
v -9.94587 17.124 12.3267 
v -9.94821 17.1323 12.335 
v -9.94647 17.1246 12.3147 
v -9.94389 17.1332 12.3224 
v -9.97365 17.0931 12.3031 
v -9.96327 17.1089 12.3017 
v -9.99224 17.0857 12.3295 
v -9.99372 17.0882 12.3058 
v -9.99272 17.0928 12.2945 
v -9.97458 17.1007 12.2916 
v -9.96764 17.1109 12.2912 
v -9.98668 17.1009 12.2851 
v -9.97741 17.109 12.2818 
v -10.0096 17.085 12.3191 
v -10.0054 17.0933 12.2985 
v -10.0044 17.0882 12.3391 
v -10.017 17.0925 12.3347 
v -10.0159 17.0912 12.3418 
v -10.0263 17.0961 12.327 
v -10.0246 17.0966 12.3456 
v -10.0198 17.0905 12.3107 
v -10.0191 17.0968 12.2976 
v -10.0315 17.0975 12.3153 
v -10.0292 17.0991 12.3025 
v -10.0221 17.107 12.3624 
v -10.0299 17.1036 12.3512 
v -10.0297 17.1145 12.3612 
v -10.0157 17.1178 12.3681 
v -11.7593 17.1318 12.3665 
v -11.7477 17.1336 12.3699 
v -11.7575 17.143 12.3671 
v -11.7685 17.1378 12.3582 
v -11.7421 17.123 12.3683 
v -11.7728 17.1302 12.3522 
v -11.7613 17.1186 12.3634 
v -11.741 17.1102 12.3636 
v -11.7748 17.1194 12.3472 
v -11.7594 17.102 12.3529 
v -11.7418 17.092 12.3508 
v -11.7721 17.0985 12.3365 
v -11.7271 17.0965 12.3589 
v -11.7318 17.1154 12.3675 
v -11.7552 17.091 12.3369 
v -11.7846 17.1104 12.3322 
v -11.7817 17.1264 12.3439 
v -11.7598 17.0889 12.3183 
v -11.7756 17.1032 12.314 
v -11.7833 17.1125 12.3115 
v -11.7903 17.124 12.3267 
v -11.7879 17.1323 12.335 
v -11.7897 17.1246 12.3147 
v -11.7922 17.1331 12.3224 
v -11.7625 17.0931 12.3031 
v -11.7729 17.1089 12.3017 
v -11.7439 17.0857 12.3295 
v -11.7424 17.0882 12.3058 
v -11.7434 17.0928 12.2945 
v -11.7615 17.1007 12.2916 
v -11.7685 17.1109 12.2912 
v -11.7494 17.1009 12.2851 
v -11.7587 17.1089 12.2818 
v -11.7265 17.085 12.3191 
v -11.7308 17.0933 12.2985 
v -11.7318 17.0882 12.3391 
v -11.7191 17.0925 12.3347 
v -11.7203 17.0912 12.3418 
v -11.7098 17.096 12.327 
v -11.7115 17.0966 12.3456 
v -11.7164 17.0905 12.3107 
v -11.7046 17.0975 12.3153 
v -11.7171 17.0968 12.2976 
v -11.7069 17.099 12.3025 
v -11.714 17.107 12.3624 
v -11.7063 17.1035 12.3512 
v -11.7064 17.1145 12.3612 
v -11.7204 17.1178 12.3681 
v -9.92739 17.5072 12.1216 
v -9.91145 17.508 12.1286 
v -9.91295 17.5102 12.1109 
v -9.92377 17.501 12.1365 
v -9.92507 17.5049 12.1031 
v -9.93926 17.4951 12.1277 
v -9.93852 17.4984 12.1093 
v -11.8088 17.5072 12.1216 
v -11.8232 17.5102 12.1109 
v -11.8247 17.508 12.1286 
v -11.8111 17.5048 12.1031 
v -11.8124 17.501 12.1365 
v -11.7976 17.4984 12.1093 
v -11.7969 17.4951 12.1277 
v -11.7254 17.4431 12.4737 
v -11.7311 17.4455 12.4673 
v -11.7299 17.4479 12.4685 
v -11.7399 17.4404 12.492 
v -11.726 17.4405 12.4724 
v -11.724 17.4392 12.4818 
v -11.724 17.4361 12.4808 
v -11.7265 17.4381 12.4899 
v -11.7271 17.4336 12.4897 
v -11.7171 17.4365 12.4874 
v -11.7178 17.4397 12.4873 
v -11.7279 17.4382 12.5034 
v -11.71 17.4416 12.4897 
v -11.7091 17.4383 12.4898 
v -11.7025 17.441 12.4958 
v -11.7034 17.4441 12.4954 
v -11.7068 17.4447 12.5049 
v -11.7055 17.4418 12.5059 
v -11.7119 17.4416 12.5121 
v -11.7128 17.4445 12.5112 
v -11.7202 17.4397 12.5145 
v -11.7207 17.4429 12.5139 
v -11.7284 17.4411 12.513 
v -11.7298 17.437 12.514 
v -11.7215 17.4394 12.5192 
v -11.7211 17.442 12.5169 
v -11.7344 17.4458 12.5184 
v -11.7157 17.4468 12.5216 
v -11.7161 17.4447 12.5243 
v -11.7145 17.4532 12.5267 
v -11.7144 17.4516 12.5294 
v -11.7176 17.4595 12.5341 
v -11.7169 17.4613 12.5316 
v -11.7264 17.4631 12.5307 
v -11.7271 17.4616 12.5335 
v -11.7354 17.4601 12.5302 
v -11.7344 17.4617 12.5273 
v -11.7412 17.4557 12.5249 
v -11.7395 17.457 12.5228 
v -11.7475 17.453 12.5128 
v -11.7426 17.4567 12.5094 
v -11.7519 17.4485 12.4984 
v -11.7321 17.4511 12.5133 
v -11.7461 17.4527 12.4981 
v -11.7283 17.4428 12.5028 
v -11.7376 17.445 12.4931 
v -10.0122 17.4362 12.4808 
v -10.009 17.4336 12.4897 
v -10.0097 17.4381 12.4899 
v -10.019 17.4365 12.4874 
v -10.0183 17.4397 12.4873 
v -10.0261 17.4416 12.4897 
v -10.0271 17.4383 12.4898 
v -10.0083 17.4383 12.5034 
v -9.99625 17.4404 12.492 
v -10.0337 17.4411 12.4958 
v -10.0327 17.4442 12.4954 
v -10.0293 17.4447 12.5049 
v -10.0306 17.4418 12.5059 
v -10.0243 17.4416 12.5121 
v -10.0233 17.4445 12.5112 
v -10.0159 17.4398 12.5145 
v -10.0154 17.4429 12.5139 
v -10.0077 17.4411 12.513 
v -10.0063 17.4371 12.514 
v -10.0146 17.4394 12.5192 
v -10.0151 17.442 12.5169 
v -10.0205 17.4468 12.5216 
v -10.02 17.4447 12.5243 
v -10.0017 17.4458 12.5184 
v -10.0217 17.4533 12.5267 
v -10.0217 17.4517 12.5294 
v -10.0186 17.4596 12.5341 
v -10.0193 17.4613 12.5316 
v -10.0098 17.4631 12.5307 
v -10.009 17.4616 12.5335 
v -10.0007 17.4602 12.5302 
v -10.0018 17.4617 12.5273 
v -9.99662 17.457 12.5228 
v -9.98861 17.453 12.5128 
v -9.99349 17.4568 12.5094 
v -9.9842 17.4485 12.4984 
v -10.004 17.4512 12.5133 
v -9.99002 17.4528 12.4981 
v -10.0078 17.4428 12.5028 
v -9.99849 17.445 12.4931 
v -11.6579 16.367 11.9537 
v -11.6492 16.364 11.9486 
v -11.6502 16.3614 11.9505 
v -11.6407 16.3618 11.9564 
v -11.6403 16.3647 11.9545 
v -11.6467 16.3821 11.9738 
v -11.6333 16.3691 11.9629 
v -11.6347 16.3664 11.9655 
v -11.6324 16.3763 11.9716 
v -11.6336 16.3735 11.9742 
v -11.6351 16.3829 11.9774 
v -11.6356 16.3805 11.9821 
v -11.6297 16.374 11.9783 
v -11.6305 16.3749 11.9752 
v -11.6199 16.37 11.9727 
v -11.6266 16.3897 11.9806 
v -11.6213 16.3711 11.9695 
v -11.612 16.3724 11.966 
v -11.6108 16.3709 11.9685 
v -11.6024 16.3783 11.9635 
v -11.601 16.3774 11.966 
v -11.6023 16.3881 11.9669 
v -11.6007 16.3873 11.97 
v -11.6072 16.397 11.9717 
v -11.6053 16.3967 11.9746 
v -11.6165 16.4013 11.9776 
v -11.6283 16.4103 11.9798 
v -11.6287 16.3926 11.9725 
v -11.6445 16.3865 11.9689 
v -11.6578 16.3985 11.9749 
v -11.6293 16.4086 11.9727 
v -11.6483 16.4144 11.9792 
v -11.6459 16.412 11.9708 
v -11.6528 16.4002 11.9684 
v -11.6089 16.4265 11.9621 
v -11.6069 16.4167 11.9662 
v -11.6054 16.4183 11.9698 
v -11.6077 16.4281 11.965 
v -11.6184 16.4322 11.9673 
v -11.6095 16.4069 11.9716 
v -11.608 16.4084 11.9751 
v -11.6161 16.402 11.9813 
v -11.6194 16.4299 11.9646 
v -11.6288 16.429 11.9682 
v -11.6279 16.4313 11.9709 
v -11.6359 16.4243 11.9749 
v -11.6354 16.4256 11.9778 
v -11.638 16.4342 11.9732 
v -11.6377 16.4322 11.97 
v -11.646 16.4405 11.9662 
v -11.6453 16.4386 11.9638 
v -11.6552 16.4414 11.9616 
v -11.6538 16.4395 11.9593 
v -11.6628 16.4341 11.9632 
v -11.661 16.4324 11.9611 
v -11.6665 16.4241 11.9678 
v -11.6644 16.4227 11.9651 
v -11.6605 16.414 11.9696 
v -11.6643 16.4143 11.9747 
v -11.6696 16.4146 11.9631 
v -11.6668 16.4145 11.9612 
v -11.6736 16.4088 11.9533 
v -11.6762 16.4091 11.9548 
v -11.6772 16.3992 11.9482 
v -11.68 16.3991 11.95 
v -11.6767 16.3897 11.9543 
v -11.674 16.3904 11.9526 
v -11.6708 16.3838 11.9619 
v -11.6681 16.3843 11.9593 
v -11.6604 16.3851 11.9666 
v -11.6629 16.383 11.9707 
v -11.6627 16.3748 11.9598 
v -11.6617 16.3771 11.9571 
v -11.657 16.3695 11.9515 
v -10.0203 17.3932 12.4695 
v -10.0138 17.4124 12.4805 
v -10.026 17.4113 12.4805 
v -10.0053 17.4095 12.471 
v -10.0236 17.425 12.4941 
v -9.99422 17.4213 12.4791 
v -10.0075 17.4238 12.4903 
v -10.0144 17.4315 12.4989 
v -9.99474 17.4294 12.4894 
v -10.001 17.4317 12.499 
v -11.7158 17.3931 12.4695 
v -11.7101 17.4113 12.4805 
v -11.7224 17.4124 12.4805 
v -11.7309 17.4095 12.471 
v -11.7125 17.425 12.4941 
v -11.7419 17.4212 12.4791 
v -11.7287 17.4238 12.4903 
v -11.7217 17.4315 12.4989 
v -11.7414 17.4294 12.4894 
v -11.7352 17.4317 12.499 
v -11.7652 17.1382 12.3555 
v -11.7555 17.1438 12.3638 
v -11.7572 17.1095 12.3525 
v -11.7575 17.143 12.3671 
v -11.7685 17.1378 12.3582 
v -11.7477 17.1336 12.3699 
v -11.7728 17.1302 12.3522 
v -11.7459 17.1348 12.3669 
v -11.7405 17.1242 12.3651 
v -11.7421 17.123 12.3683 
v -11.7706 17.1312 12.3489 
v -11.7748 17.1194 12.3472 
v -11.7406 17.1124 12.3604 
v -11.741 17.1102 12.3636 
v -11.7709 17.1209 12.3445 
v -11.7781 17.1276 12.3426 
v -11.7817 17.1264 12.3439 
v -11.7321 17.118 12.3642 
v -11.7318 17.1154 12.3675 
v -11.7357 17.0976 12.3506 
v -11.7208 17.1199 12.3648 
v -11.7204 17.1178 12.3681 
v -11.7081 17.1156 12.3594 
v -11.7064 17.1145 12.3612 
v -11.7063 17.1035 12.3512 
v -11.707 17.1053 12.3497 
v -11.7122 17.0989 12.3439 
v -11.7115 17.0966 12.3456 
v -11.7206 17.0934 12.3404 
v -11.7203 17.0912 12.3418 
v -11.731 17.0932 12.3378 
v -11.7318 17.0882 12.3391 
v -11.7191 17.0925 12.3347 
v -11.7203 17.0963 12.3346 
v -11.7361 17.0901 12.3251 
v -11.7115 17.0996 12.3268 
v -11.7098 17.096 12.327 
v -11.7046 17.0975 12.3153 
v -11.7069 17.1013 12.3156 
v -11.7085 17.1027 12.3033 
v -11.7069 17.099 12.3025 
v -11.7171 17.0968 12.2976 
v -11.7179 17.1004 12.2989 
v -11.7315 17.0973 12.3 
v -9.96305 16.6521 12.0649 
v -9.98695 16.6587 12.0551 
v -9.98072 16.6688 12.0753 
v -10.0018 16.6613 12.0684 
v -9.9647 16.6507 12.0881 
v -10.0002 16.6601 12.0892 
v -9.98488 16.6567 12.0969 
v -11.7731 16.652 12.0649 
v -11.7554 16.6688 12.0753 
v -11.7492 16.6587 12.0551 
v -11.7344 16.6613 12.0684 
v -11.7714 16.6507 12.0881 
v -11.7359 16.6601 12.0892 
v -11.7512 16.6567 12.0969 
v -10.0732 16.3831 11.9707 
v -10.0653 16.3839 11.9619 
v -10.068 16.3844 11.9593 
v -10.0621 16.3904 11.9526 
v -10.0594 16.3898 11.9543 
v -10.0783 16.3985 11.9749 
v -10.0589 16.3992 11.9482 
v -10.0561 16.3991 11.95 
v -10.0599 16.4091 11.9548 
v -10.0626 16.4088 11.9533 
v -10.0665 16.4147 11.9631 
v -10.0693 16.4146 11.9612 
v -10.0756 16.414 11.9696 
v -10.0718 16.4143 11.9747 
v -10.0696 16.4241 11.9678 
v -10.0717 16.4227 11.9651 
v -10.0751 16.4325 11.9611 
v -10.0733 16.4341 11.9632 
v -10.0878 16.4144 11.9792 
v -10.0823 16.4395 11.9593 
v -10.0809 16.4414 11.9616 
v -10.0908 16.4386 11.9638 
v -10.0901 16.4405 11.9662 
v -10.0984 16.4323 11.97 
v -10.0902 16.4121 11.9708 
v -10.1068 16.4086 11.9727 
v -10.0833 16.4002 11.9684 
v -10.0917 16.3865 11.9689 
v -10.1074 16.3926 11.9725 
v -9.97091 17.1382 12.3555 
v -9.97891 17.1095 12.3525 
v -9.9806 17.1438 12.3638 
v -9.97858 17.143 12.3671 
v -9.96768 17.1379 12.3582 
v -9.98847 17.1336 12.3699 
v -9.96338 17.1302 12.3522 
v -9.99023 17.1349 12.3669 
v -9.9956 17.1243 12.3651 
v -9.994 17.1231 12.3683 
v -9.96557 17.1313 12.3489 
v -9.96133 17.1194 12.3472 
v -9.99549 17.1124 12.3604 
v -9.9951 17.1102 12.3636 
v -9.96521 17.1209 12.3445 
v -9.95802 17.1277 12.3426 
v -9.95442 17.1265 12.3439 
v -10.004 17.118 12.3642 
v -10.0043 17.1154 12.3675 
v -10.0004 17.0977 12.3506 
v -10.0153 17.12 12.3648 
v -10.0157 17.1178 12.3681 
v -10.028 17.1156 12.3594 
v -10.0297 17.1145 12.3612 
v -10.0299 17.1036 12.3512 
v -10.0291 17.1053 12.3497 
v -10.0239 17.0989 12.3439 
v -10.0246 17.0966 12.3456 
v -10.0156 17.0934 12.3404 
v -10.0159 17.0912 12.3418 
v -10.0051 17.0933 12.3378 
v -10.017 17.0925 12.3347 
v -10.0044 17.0882 12.3391 
v -10.0158 17.0963 12.3346 
v -10.0247 17.0996 12.3268 
v -10.0263 17.0961 12.327 
v -10 17.0901 12.3251 
v -10.0315 17.0975 12.3153 
v -10.0292 17.1013 12.3156 
v -10.0276 17.1027 12.3033 
v -10.0292 17.0991 12.3025 
v -10.0191 17.0968 12.2976 
v -10.0182 17.1004 12.2989 
v -10.0046 17.0974 12.3 
v -10.0054 17.0933 12.2985 
v -9.99421 17.0932 12.3069 
v -9.99372 17.0882 12.3058 
v -9.99272 17.0928 12.2945 
v -9.9946 17.0962 12.2958 
v -9.98668 17.1009 12.2851 
v -9.97874 17.0942 12.3167 
v -9.98811 17.104 12.287 
v -9.97741 17.109 12.2818 
v -9.97955 17.1118 12.2837 
v -10.0131 17.4187 12.4806 
v -9.99498 17.4238 12.4771 
v -10.006 17.4113 12.4684 
v -9.99422 17.4213 12.4791 
v -10.0053 17.4095 12.471 
v -9.99474 17.4294 12.4894 
v -10.0213 17.3954 12.4666 
v -10.0203 17.3932 12.4695 
v -10.026 17.4113 12.4805 
v -9.99553 17.4324 12.4876 
v -10.027 17.4134 12.4779 
v -10.0246 17.4277 12.4917 
v -10.0236 17.425 12.4941 
v -10.0144 17.4315 12.4989 
v -10.0155 17.4344 12.4973 
v -10.0027 17.4349 12.498 
v -10.001 17.4317 12.499 
v -11.7231 17.4187 12.4806 
v -11.7301 17.4113 12.4684 
v -11.7412 17.4237 12.4771 
v -11.7419 17.4212 12.4791 
v -11.7309 17.4095 12.471 
v -11.7414 17.4294 12.4894 
v -11.7148 17.3954 12.4666 
v -11.7158 17.3931 12.4695 
v -11.7101 17.4113 12.4805 
v -11.7406 17.4324 12.4876 
v -11.7091 17.4133 12.4779 
v -11.7116 17.4277 12.4917 
v -11.7125 17.425 12.4941 
v -11.7217 17.4315 12.4989 
v -11.7207 17.4344 12.4973 
v -11.7334 17.4349 12.498 
v -11.7352 17.4317 12.499 
v -10.0175 17.4396 12.5182 
v -10.0551 17.4682 12.5306 
v -10.0372 17.4737 12.5351 
v -10.055 17.5264 12.5502 
v -10.0361 17.4253 12.5102 
v -9.98249 17.4363 12.4904 
v -10.0126 17.3619 12.4553 
v -10.0831 17.5171 12.5463 
v -10.0681 17.5581 12.5594 
v -10.1025 17.5483 12.5508 
v -10.0823 17.5813 12.5728 
v -10.117 17.5718 12.5645 
v -10.1045 17.595 12.5969 
v -10.1215 17.5907 12.5945 
v -11.7187 17.4396 12.5182 
v -11.681 17.4682 12.5306 
v -11.7 17.4253 12.5102 
v -11.7536 17.4363 12.4904 
v -11.7235 17.3619 12.4553 
v -11.699 17.4736 12.5351 
v -11.6812 17.5264 12.5502 
v -11.653 17.5171 12.5463 
v -11.668 17.5581 12.5594 
v -11.6336 17.5483 12.5508 
v -11.6538 17.5813 12.5728 
v -11.6191 17.5717 12.5645 
v -11.6316 17.595 12.5969 
v -11.6146 17.5906 12.5945 
v -9.9567 16.6894 11.8453 
v -9.98115 16.6815 11.8617 
v -9.95944 16.685 11.8715 
v -9.98155 16.6785 11.8398 
v -9.9378 16.6813 11.8629 
v -9.95859 16.6699 11.8224 
v -9.93301 16.6724 11.8378 
v -11.7794 16.6893 11.8453 
v -11.7767 16.685 11.8715 
v -11.755 16.6815 11.8617 
v -11.7983 16.6813 11.8629 
v -11.7546 16.6784 11.8398 
v -11.8031 16.6724 11.8378 
v -11.7775 16.6699 11.8224 
v -10.0846 16.3665 11.9637 
v -10.0859 16.3614 11.9505 
v -10.0782 16.3671 11.9537 
v -10.0954 16.3618 11.9564 
v -10.0734 16.3748 11.9598 
v -10.1014 16.3664 11.9655 
v -10.0859 16.3751 11.9759 
v -10.1025 16.3736 11.9742 
v -10.0732 16.3831 11.9707 
v -10.1005 16.3805 11.9821 
v -10.0876 16.3853 11.9819 
v -10.0778 16.3967 11.9812 
v -10.1016 16.393 11.9875 
v -10.0667 16.3973 11.9729 
v -10.0653 16.3839 11.9619 
v -10.0913 16.3975 11.9857 
v -10.1163 16.3848 11.9847 
v -10.1064 16.374 11.9783 
v -10.1162 16.37 11.9727 
v -10.06 16.3985 11.9616 
v -10.0594 16.3898 11.9543 
v -10.0561 16.3991 11.95 
v -10.0599 16.4091 11.9548 
v -10.0665 16.4147 11.9631 
v -10.0718 16.4143 11.9747 
v -10.0866 16.4111 11.9856 
v -10.0836 16.4268 11.98 
v -10.0696 16.4241 11.9678 
v -10.1045 16.4081 11.987 
v -10.1008 16.4256 11.9778 
v -10.0981 16.4343 11.9732 
v -10.0901 16.4405 11.9662 
v -10.0813 16.4358 11.9701 
v -10.0733 16.4341 11.9632 
v -10.0809 16.4414 11.9616 
v -10.116 16.4183 11.9821 
v -10.1082 16.4313 11.9709 
v -10.12 16.402 11.9813 
v -10.1177 16.4322 11.9673 
v -10.1281 16.4084 11.9751 
v -10.1308 16.3967 11.9746 
v -10.1307 16.4183 11.9698 
v -10.1227 16.425 11.9729 
v -10.1284 16.4281 11.965 
v -10.1269 16.3804 11.9765 
v -10.1354 16.3874 11.97 
v -10.1253 16.3709 11.9685 
v -10.1351 16.3774 11.966 
v -11.6515 16.3665 11.9637 
v -11.6579 16.367 11.9537 
v -11.6502 16.3614 11.9505 
v -11.6407 16.3618 11.9564 
v -11.6627 16.3748 11.9598 
v -11.6347 16.3664 11.9655 
v -11.6502 16.3751 11.9759 
v -11.6336 16.3735 11.9742 
v -11.6629 16.383 11.9707 
v -11.6356 16.3805 11.9821 
v -11.6485 16.3853 11.9819 
v -11.6583 16.3967 11.9812 
v -11.6345 16.3929 11.9875 
v -11.6694 16.3973 11.9729 
v -11.6708 16.3838 11.9619 
v -11.6448 16.3974 11.9857 
v -11.6198 16.3848 11.9847 
v -11.6297 16.374 11.9783 
v -11.6199 16.37 11.9727 
v -11.6762 16.3984 11.9616 
v -11.6767 16.3897 11.9543 
v -11.68 16.3991 11.95 
v -11.6762 16.4091 11.9548 
v -11.6696 16.4146 11.9631 
v -11.6643 16.4143 11.9747 
v -11.6495 16.4111 11.9856 
v -11.6525 16.4268 11.98 
v -11.6665 16.4241 11.9678 
v -11.6317 16.4081 11.987 
v -11.6354 16.4256 11.9778 
v -11.638 16.4342 11.9732 
v -11.646 16.4405 11.9662 
v -11.6548 16.4358 11.9701 
v -11.6628 16.4341 11.9632 
v -11.6552 16.4414 11.9616 
v -11.6201 16.4182 11.9821 
v -11.6279 16.4313 11.9709 
v -11.6161 16.402 11.9813 
v -11.6184 16.4322 11.9673 
v -11.608 16.4084 11.9751 
v -11.6053 16.3967 11.9746 
v -11.6054 16.4183 11.9698 
v -11.6134 16.425 11.9729 
v -11.6077 16.4281 11.965 
v -11.6092 16.3804 11.9765 
v -11.6007 16.3873 11.97 
v -11.601 16.3774 11.966 
v -11.6108 16.3709 11.9685 
v -9.97634 17.1687 12.402 
v -9.96476 17.0977 12.3502 
v -10.0488 17.102 12.3671 
v -10.0413 17.0288 12.3043 
v -10.0367 17.1751 12.4068 
v -10.0261 17.2607 12.4327 
v -9.96725 17.2554 12.4261 
v -9.94589 17.3303 12.4402 
v -10.0126 17.3619 12.4553 
v -9.96629 17.4275 12.4537 
v -9.92075 17.4133 12.4502 
v -9.9002 17.5206 12.4531 
v -9.93315 17.5276 12.4493 
v -9.89766 17.6396 12.4455 
v -9.93314 17.6394 12.4481 
v -9.90265 17.6789 12.4397 
v -9.94009 17.6781 12.444 
v -9.90969 17.7095 12.4428 
v -9.94426 17.7081 12.4482 
v -9.91921 17.7317 12.4567 
v -9.94092 17.732 12.4612 
v -11.6994 17.1751 12.4068 
v -11.6874 17.102 12.3671 
v -11.7598 17.1687 12.402 
v -11.7714 17.0977 12.3502 
v -11.6948 17.0288 12.3043 
v -11.7101 17.2607 12.4327 
v -11.7689 17.2554 12.4261 
v -11.7902 17.3303 12.4402 
v -11.7235 17.3619 12.4553 
v -11.7698 17.4275 12.4537 
v -11.8154 17.4133 12.4502 
v -11.8359 17.5206 12.4531 
v -11.803 17.5276 12.4493 
v -11.8385 17.6396 12.4455 
v -11.803 17.6393 12.4481 
v -11.8335 17.6789 12.4397 
v -11.7961 17.6781 12.444 
v -11.8265 17.7095 12.4428 
v -11.7919 17.708 12.4482 
v -11.8169 17.7317 12.4567 
v -11.7952 17.732 12.4612 
v -9.78437 17.3686 12.2425 
v -9.82161 17.4591 12.2272 
v -9.81651 17.3695 12.2268 
v -9.78578 17.4628 12.2392 
v -9.80194 17.2628 12.2702 
v -9.78757 17.5045 12.2493 
v -9.84195 17.2699 12.2434 
v -9.8311 17.5019 12.2314 
v -9.8522 17.1619 12.3117 
v -9.79308 17.5496 12.2502 
v -9.88047 17.1787 12.3051 
v -9.95066 17.0783 12.369 
v -9.96476 17.0977 12.3502 
v -9.83235 17.547 12.2307 
v -9.81812 17.5816 12.2215 
v -9.80054 17.5833 12.2303 
v -11.9145 17.459 12.2272 
v -11.9518 17.3686 12.2425 
v -11.9196 17.3695 12.2268 
v -11.9342 17.2628 12.2702 
v -11.9504 17.4628 12.2392 
v -11.8942 17.2698 12.2434 
v -11.9486 17.5045 12.2493 
v -11.8839 17.1619 12.3117 
v -11.905 17.5018 12.2314 
v -11.8557 17.1787 12.3051 
v -11.7855 17.0783 12.369 
v -11.7714 17.0977 12.3502 
v -11.9431 17.5495 12.2502 
v -11.9038 17.547 12.2307 
v -11.918 17.5815 12.2215 
v -11.9356 17.5832 12.2303 
v -9.95503 17.6385 12.4891 
v -9.95263 17.5332 12.4854 
v -9.91619 17.6369 12.5185 
v -9.9187 17.5252 12.5091 
v -9.95735 17.446 12.5166 
v -9.98249 17.4363 12.4904 
v -9.92222 17.6765 12.5214 
v -9.96258 17.6769 12.4889 
v -9.92609 17.7078 12.5141 
v -9.96268 17.7076 12.4864 
v -9.95012 17.7319 12.4815 
v -9.92817 17.7313 12.4977 
v -11.7835 17.5332 12.4854 
v -11.7811 17.6384 12.4891 
v -11.82 17.6369 12.5185 
v -11.8139 17.6764 12.5214 
v -11.8174 17.5252 12.5091 
v -11.7788 17.4459 12.5166 
v -11.7536 17.4363 12.4904 
v -11.7736 17.6769 12.4889 
v -11.8101 17.7078 12.5141 
v -11.7735 17.7076 12.4864 
v -11.786 17.7319 12.4815 
v -11.808 17.7312 12.4977 
v -9.98236 17.4755 12.511 
v -9.98693 17.4793 12.5179 
v -9.97972 17.4752 12.5124 
v -9.98429 17.4789 12.5199 
v -9.97787 17.469 12.5076 
v -9.98977 17.4726 12.5254 
v -9.98059 17.4696 12.5059 
v -9.98096 17.4612 12.5037 
v -9.97715 17.4596 12.5053 
v -9.99212 17.4735 12.5231 
v -9.99355 17.465 12.527 
v -9.99589 17.4655 12.5244 
v -9.99498 17.4557 12.5249 
v -9.97681 17.466 12.499 
v -9.97381 17.465 12.4995 
v -9.97527 17.4684 12.4917 
v -9.97225 17.4673 12.4918 
v -9.97295 17.4666 12.4823 
v -9.97583 17.468 12.4824 
v -9.9795 17.4603 12.4791 
v -9.97688 17.4588 12.4787 
v -9.98351 17.4535 12.4797 
v -9.98076 17.4513 12.4798 
v -9.98848 17.4488 12.4861 
v -9.98561 17.4442 12.4854 
v -9.98994 17.4488 12.4767 
v -9.99163 17.4511 12.4782 
v -9.99671 17.448 12.4702 
v -9.99833 17.4503 12.4718 
v -10.005 17.4455 12.4673 
v -10.0062 17.4479 12.4685 
v -10.0107 17.4432 12.4737 
v -10.0101 17.4405 12.4724 
v -10.0122 17.4392 12.4818 
v -10.5917 16.1462 12.1692 
v -10.5873 15.9903 12.118 
v -10.6918 16.0639 12.1918 
v -10.5233 16.0852 12.1214 
v -10.4518 16.1708 12.1366 
v -10.5031 16.2273 12.1705 
v -10.4385 16.2839 12.1625 
v -10.3623 16.2135 12.1166 
v -10.3019 16.2955 12.1024 
v -10.2864 16.247 12.087 
v -10.201 16.2822 12.0492 
v -10.2148 16.3282 12.0672 
v -10.1244 16.3146 11.9961 
v -10.142 16.377 12.0175 
v -10.0546 16.3746 11.9407 
v -10.0514 16.3937 11.9646 
v -10.0457 16.3369 11.9242 
v -10.0105 16.4023 11.9258 
v -10.0225 16.3828 11.8982 
v -10.0216 16.3573 11.879 
v -9.98479 16.4168 11.8795 
v -10.0008 16.3973 11.86 
v -9.9938 16.3652 11.8548 
v -9.97007 16.4153 11.8534 
v -9.98184 16.3985 11.8392 
v -9.97509 16.371 11.8373 
v -9.95433 16.4086 11.8343 
v -9.9589 16.3818 11.8225 
v -9.96269 16.399 11.8246 
v -11.1444 16.1462 12.1692 
v -11.1488 15.9903 12.118 
v -11.2128 16.0852 12.1214 
v -11.0443 16.0639 12.1918 
v -11.2843 16.1708 12.1366 
v -11.233 16.2273 12.1705 
v -11.2976 16.2839 12.1625 
v -11.3738 16.2135 12.1166 
v -11.4343 16.2955 12.1024 
v -11.4497 16.247 12.087 
v -11.5351 16.2822 12.0492 
v -11.5213 16.3282 12.0672 
v -11.6117 16.3146 11.9961 
v -11.5941 16.377 12.0175 
v -11.6815 16.3746 11.9407 
v -11.6847 16.3936 11.9646 
v -11.6904 16.3368 11.9242 
v -11.7256 16.4023 11.9258 
v -11.7136 16.3828 11.8982 
v -11.7145 16.3573 11.879 
v -11.7513 16.4167 11.8795 
v -11.7353 16.3973 11.86 
v -11.7423 16.3652 11.8548 
v -11.766 16.4152 11.8534 
v -11.7543 16.3985 11.8392 
v -11.761 16.371 11.8373 
v -11.7818 16.4086 11.8343 
v -11.7772 16.3818 11.8225 
v -11.7734 16.3989 11.8246 
v -10.0105 16.4023 11.9258 
v -9.96113 16.3992 11.898 
v -9.98479 16.4168 11.8795 
v -9.9469 16.4061 11.8685 
v -9.99165 16.3909 11.9399 
v -10.0269 16.377 11.9833 
v -10.0514 16.3937 11.9646 
v -9.97007 16.4153 11.8534 
v -9.94096 16.4026 11.8433 
v -9.95433 16.4086 11.8343 
v -11.775 16.3992 11.898 
v -11.7256 16.4023 11.9258 
v -11.7513 16.4167 11.8795 
v -11.7445 16.3909 11.9399 
v -11.7092 16.377 11.9833 
v -11.6847 16.3936 11.9646 
v -11.7892 16.406 11.8685 
v -11.766 16.4152 11.8534 
v -11.7951 16.4026 11.8433 
v -11.7818 16.4086 11.8343 
v -11.7308 17.0933 12.2985 
v -11.7419 17.0932 12.3069 
v -11.7424 17.0882 12.3058 
v -11.7434 17.0928 12.2945 
v -11.7415 17.0962 12.2958 
v -11.7494 17.1009 12.2851 
v -11.7574 17.0942 12.3167 
v -11.748 17.104 12.287 
v -11.7587 17.1089 12.2818 
v -11.7566 17.1118 12.2837 
v -11.7666 17.1141 12.2933 
v -11.7685 17.1109 12.2912 
v -11.7729 17.1089 12.3017 
v -11.7712 17.1133 12.3036 
v -11.7711 17.1086 12.3144 
v -11.7756 17.1032 12.314 
v -11.78 17.1154 12.3112 
v -11.7833 17.1125 12.3115 
v -11.7897 17.1246 12.3147 
v -11.7705 17.1044 12.3343 
v -11.7861 17.1259 12.3143 
v -11.7922 17.1331 12.3224 
v -11.7887 17.1347 12.3217 
v -11.7879 17.1323 12.335 
v -11.7844 17.1329 12.3339 
v -11.7529 17.1155 12.347 
v -11.7361 17.105 12.3454 
v -11.7623 17.1133 12.3309 
v -11.7528 17.1034 12.3183 
v -11.7367 17.0976 12.3252 
v -9.99758 16.6302 12.0368 
v -10.0018 16.6613 12.0684 
v -9.98695 16.6587 12.0551 
v -10.0257 16.6368 12.0604 
v -10.0059 16.5973 12.0315 
v -10.0383 16.6019 12.0548 
v -10.0216 16.5312 12.0285 
v -10.0544 16.5309 12.0438 
v -10.0383 16.4741 12.0114 
v -10.095 16.4473 12.011 
v -11.7344 16.6613 12.0684 
v -11.7385 16.6302 12.0368 
v -11.7492 16.6587 12.0551 
v -11.7105 16.6367 12.0604 
v -11.7302 16.5973 12.0315 
v -11.6978 16.6018 12.0548 
v -11.7145 16.5311 12.0285 
v -11.6817 16.5309 12.0438 
v -11.6978 16.4741 12.0114 
v -11.6412 16.4472 12.011 
v -9.98271 17.4378 12.4745 
v -9.99422 17.4279 12.4732 
v -9.99718 17.4301 12.4851 
v -9.99244 17.4253 12.474 
v -9.99589 17.4271 12.4852 
v -9.99058 17.4324 12.4954 
v -9.98439 17.4318 12.4628 
v -9.98293 17.4294 12.464 
v -9.96824 17.4359 12.4555 
v -9.96631 17.4336 12.4574 
v -9.99252 17.4346 12.494 
v -9.98338 17.4426 12.4927 
v -9.97324 17.4453 12.4684 
v -9.97145 17.4438 12.4699 
v -9.98627 17.4447 12.4919 
v -9.97814 17.4489 12.4831 
v -9.976 17.4473 12.4843 
v -11.7534 17.4377 12.4745 
v -11.739 17.43 12.4851 
v -11.7419 17.4279 12.4732 
v -11.7437 17.4252 12.474 
v -11.7402 17.4271 12.4852 
v -11.7456 17.4324 12.4954 
v -11.7517 17.4318 12.4628 
v -11.7532 17.4294 12.464 
v -11.7436 17.4345 12.494 
v -11.7528 17.4426 12.4927 
v -11.7499 17.4447 12.4919 
v -11.7679 17.4359 12.4555 
v -11.7698 17.4336 12.4574 
v -11.7629 17.4453 12.4684 
v -11.7647 17.4437 12.4699 
v -11.758 17.4489 12.4831 
v -11.7601 17.4473 12.4843 
v -10.0457 16.3369 11.9242 
v -10.0166 16.2944 11.8871 
v -10.0211 16.3179 11.9407 
v -10.0326 16.3084 11.8731 
v -10.0332 16.2784 11.8378 
v -10.0138 16.2604 11.8518 
v -10.009 16.2525 11.8268 
v -10.021 16.2628 11.8162 
v -11.7035 16.3083 11.8731 
v -11.6904 16.3368 11.9242 
v -11.7196 16.2944 11.8871 
v -11.715 16.3178 11.9407 
v -11.7029 16.2783 11.8378 
v -11.7223 16.2604 11.8518 
v -11.7271 16.2525 11.8268 
v -11.7151 16.2628 11.8162 
v -9.98605 16.5044 11.8959 
v -10.0387 16.4669 11.9525 
v -10.0087 16.5234 11.916 
v -10.0178 16.4369 11.929 
v -9.9673 16.5633 11.8688 
v -10.0514 16.3937 11.9646 
v -10.095 16.4473 12.011 
v -10.142 16.377 12.0175 
v -9.99118 16.5765 11.8876 
v -9.99618 16.6115 11.8685 
v -9.96525 16.5985 11.8435 
v -9.96237 16.6344 11.8225 
v -9.99695 16.6456 11.8495 
v -9.95859 16.6699 11.8224 
v -9.98155 16.6785 11.8398 
v -11.7501 16.5043 11.8959 
v -11.6974 16.4669 11.9525 
v -11.7183 16.4369 11.929 
v -11.6847 16.3936 11.9646 
v -11.6412 16.4472 12.011 
v -11.5941 16.377 12.0175 
v -11.7274 16.5234 11.916 
v -11.7688 16.5633 11.8688 
v -11.7449 16.5765 11.8876 
v -11.7399 16.6115 11.8685 
v -11.7709 16.5985 11.8435 
v -11.7737 16.6344 11.8225 
v -11.7392 16.6455 11.8495 
v -11.7775 16.6699 11.8224 
v -11.7546 16.6784 11.8398 
v -9.96957 17.1141 12.2933 
v -9.96764 17.1109 12.2912 
v -9.96327 17.1089 12.3017 
v -9.96497 17.1133 12.3036 
v -9.96501 17.1086 12.3144 
v -9.96053 17.1032 12.314 
v -9.95612 17.1154 12.3112 
v -9.95286 17.1125 12.3115 
v -9.94647 17.1246 12.3147 
v -9.96565 17.1045 12.3343 
v -9.95006 17.126 12.3143 
v -9.94389 17.1332 12.3224 
v -9.9474 17.1347 12.3217 
v -9.94821 17.1323 12.335 
v -9.95178 17.1329 12.3339 
v -9.98327 17.1155 12.347 
v -10.0001 17.105 12.3454 
v -9.97386 17.1134 12.3309 
v -9.98338 17.1034 12.3183 
v -9.99938 17.0977 12.3252 
v -10.6082 16.1519 12.2312 
v -10.6918 16.0639 12.1918 
v -10.561 16.1094 12.3153 
v -10.6413 16.0159 12.3235 
v -10.5167 16.2372 12.2478 
v -10.4683 16.2088 12.306 
v -10.4396 16.3206 12.258 
v -10.3845 16.2684 12.3136 
v -10.338 16.3528 12.3288 
v -10.3972 16.3964 12.2799 
v -10.2862 16.486 12.3581 
v -10.3354 16.5189 12.3178 
v -10.2283 16.6227 12.3861 
v -10.2689 16.6502 12.3625 
v -10.1747 16.7615 12.4164 
v -10.217 16.7948 12.3613 
v -10.1017 16.8994 12.4292 
v -10.1478 16.9309 12.3802 
v -10.0882 17.0145 12.3748 
v -10.0367 16.9825 12.4209 
v -10.0299 17.0594 12.4483 
v -11.0443 16.0639 12.1918 
v -11.1751 16.1094 12.3153 
v -11.0948 16.0159 12.3235 
v -11.1279 16.1519 12.2312 
v -11.2194 16.2372 12.2478 
v -11.2678 16.2088 12.306 
v -11.2966 16.3205 12.258 
v -11.3516 16.2684 12.3136 
v -11.3981 16.3527 12.3288 
v -11.3389 16.3964 12.2799 
v -11.4499 16.486 12.3581 
v -11.4007 16.5189 12.3178 
v -11.5079 16.6227 12.3861 
v -11.4673 16.6502 12.3625 
v -11.5614 16.7614 12.4164 
v -11.5191 16.7947 12.3613 
v -11.6344 16.8993 12.4292 
v -11.5883 16.9308 12.3802 
v -11.6479 17.0145 12.3748 
v -11.6994 16.9824 12.4209 
v -11.7063 17.0594 12.4483 
v -10.4385 16.2839 12.1625 
v -10.3807 16.399 12.2 
v -10.3035 16.3415 12.1591 
v -10.2633 16.5055 12.2282 
v -10.3231 16.5277 12.2501 
v -10.2666 16.6563 12.2976 
v -10.2194 16.643 12.2746 
v -10.1996 16.7916 12.3161 
v -10.1572 16.7737 12.3021 
v -10.0986 16.882 12.2912 
v -10.1338 16.9199 12.3228 
v -10.007 16.9672 12.2528 
v -10.0413 17.0288 12.3043 
v -9.92368 17.0383 12.2071 
v -9.95446 17.0867 12.2454 
v -9.87223 17.0995 12.1638 
v -9.89646 17.1372 12.1952 
v -9.8433 17.183 12.1191 
v -9.86877 17.2066 12.1495 
v -9.83719 17.2806 12.0907 
v -9.86695 17.2866 12.1244 
v -9.891 17.3623 12.0999 
v -9.86455 17.3679 12.0691 
v -9.89032 17.4255 12.0556 
v -9.92652 17.41 12.0833 
v -9.94125 17.4609 12.0869 
v -9.9125 17.4742 12.0702 
v -9.93852 17.4984 12.1093 
v -9.92507 17.5049 12.1031 
v -11.2976 16.2839 12.1625 
v -11.4326 16.3415 12.1591 
v -11.3554 16.399 12.2 
v -11.4728 16.5055 12.2282 
v -11.4131 16.5277 12.2501 
v -11.4695 16.6563 12.2976 
v -11.5167 16.643 12.2746 
v -11.5365 16.7916 12.3161 
v -11.579 16.7737 12.3021 
v -11.6375 16.882 12.2912 
v -11.6023 16.9199 12.3228 
v -11.7291 16.9672 12.2528 
v -11.6948 17.0288 12.3043 
v -11.8124 17.0383 12.2071 
v -11.7817 17.0867 12.2454 
v -11.8639 17.0994 12.1638 
v -11.8397 17.1372 12.1952 
v -11.8928 17.183 12.1191 
v -11.8674 17.2065 12.1495 
v -11.8989 17.2805 12.0907 
v -11.8692 17.2866 12.1244 
v -11.8451 17.3622 12.0999 
v -11.8716 17.3679 12.0691 
v -11.8458 17.4255 12.0556 
v -11.8096 17.41 12.0833 
v -11.7949 17.4609 12.0869 
v -11.8236 17.4742 12.0702 
v -11.7976 17.4984 12.1093 
v -11.8111 17.5048 12.1031 
v -11.7538 17.4755 12.511 
v -11.7492 17.4793 12.5179 
v -11.7564 17.4752 12.5124 
v -11.7518 17.4789 12.5199 
v -11.7583 17.469 12.5076 
v -11.7464 17.4726 12.5254 
v -11.7555 17.4695 12.5059 
v -11.7552 17.4612 12.5037 
v -11.759 17.4596 12.5053 
v -11.744 17.4735 12.5231 
v -11.7426 17.465 12.527 
v -11.7403 17.4655 12.5244 
v -11.7593 17.466 12.499 
v -11.7623 17.465 12.4995 
v -11.7609 17.4683 12.4917 
v -11.7639 17.4672 12.4918 
v -11.7632 17.4665 12.4823 
v -11.7603 17.4679 12.4824 
v -11.7566 17.4603 12.4791 
v -11.7593 17.4588 12.4787 
v -11.7526 17.4535 12.4797 
v -11.7554 17.4513 12.4798 
v -11.7477 17.4488 12.4861 
v -11.7505 17.4441 12.4854 
v -11.7462 17.4488 12.4767 
v -11.7445 17.4511 12.4782 
v -11.7394 17.448 12.4702 
v -11.7378 17.4503 12.4718 
v -9.99615 17.4362 12.4829 
v -9.98994 17.4488 12.4767 
v -9.99465 17.4351 12.4951 
v -10.0064 17.4331 12.5048 
v -10.0009 17.4408 12.4734 
v -9.99671 17.448 12.4702 
v -10.005 17.4455 12.4673 
v -10.0101 17.4405 12.4724 
v -10.0122 17.4362 12.4808 
v -10.009 17.4336 12.4897 
v -10.0063 17.4371 12.514 
v -10.0164 17.4329 12.5027 
v -10.0159 17.4398 12.5145 
v -10.0146 17.4394 12.5192 
v -10.0243 17.4416 12.5121 
v -10.02 17.4447 12.5243 
v -10.019 17.4365 12.4874 
v -10.026 17.4363 12.4989 
v -10.0306 17.4418 12.5059 
v -10.0271 17.4383 12.4898 
v -10.0337 17.4411 12.4958 
v -10.0131 17.4526 12.532 
v -10.0217 17.4517 12.5294 
v -10.0186 17.4596 12.5341 
v -10.009 17.4616 12.5335 
v -11.74 17.4362 12.4829 
v -11.7462 17.4488 12.4767 
v -11.7415 17.4351 12.4951 
v -11.7353 17.4408 12.4734 
v -11.7394 17.448 12.4702 
v -11.7311 17.4455 12.4673 
v -11.726 17.4405 12.4724 
v -11.724 17.4361 12.4808 
v -11.7271 17.4336 12.4897 
v -11.7297 17.4331 12.5048 
v -11.7197 17.4329 12.5027 
v -11.7171 17.4365 12.4874 
v -11.7298 17.437 12.514 
v -11.7202 17.4397 12.5145 
v -11.7119 17.4416 12.5121 
v -11.7215 17.4394 12.5192 
v -11.7161 17.4447 12.5243 
v -11.7231 17.4525 12.532 
v -11.7144 17.4516 12.5294 
v -11.7271 17.4616 12.5335 
v -11.7176 17.4595 12.5341 
v -11.7101 17.4363 12.4989 
v -11.7055 17.4418 12.5059 
v -11.7091 17.4383 12.4898 
v -11.7025 17.441 12.4958 
v -10.0113 17.1466 12.3733 
v -9.97772 17.1827 12.3976 
v -9.98497 17.1738 12.3758 
v -9.98278 17.1704 12.3775 
v -9.97545 17.1785 12.3997 
v -9.99946 17.1714 12.3988 
v -9.99256 17.1611 12.3576 
v -9.98964 17.1577 12.3596 
v -10.0009 17.1747 12.3968 
v -10.023 17.161 12.3954 
v -10.0206 17.1578 12.3976 
v -10.0016 17.1433 12.344 
v -9.99857 17.1402 12.3455 
v -10.0142 17.124 12.3456 
v -10.0381 17.1439 12.3905 
v -10.036 17.1409 12.393 
v -10.0182 17.1272 12.3434 
v -10.0324 17.1138 12.3573 
v -10.0305 17.1115 12.3614 
v -10.0423 17.1273 12.3738 
v -10.0399 17.1237 12.3776 
v -11.7249 17.1466 12.3733 
v -11.7512 17.1738 12.3758 
v -11.7584 17.1827 12.3976 
v -11.7534 17.1704 12.3775 
v -11.7607 17.1784 12.3997 
v -11.7367 17.1713 12.3988 
v -11.7436 17.1611 12.3576 
v -11.7465 17.1577 12.3596 
v -11.7352 17.1747 12.3968 
v -11.7131 17.1609 12.3954 
v -11.7155 17.1577 12.3976 
v -11.7346 17.1432 12.344 
v -11.7376 17.1401 12.3455 
v -11.7219 17.1239 12.3456 
v -11.698 17.1439 12.3905 
v -11.7002 17.1409 12.393 
v -11.7179 17.1272 12.3434 
v -11.6938 17.1273 12.3738 
v -11.6962 17.1237 12.3776 
v -11.7056 17.1115 12.3614 
v -11.7037 17.1138 12.3573 
v -10.0159 17.0912 12.3418 
v -10.0051 17.0933 12.3378 
v -10.0044 17.0882 12.3391 
v -11.731 17.0932 12.3378 
v -11.7203 17.0912 12.3418 
v -11.7318 17.0882 12.3391 
v -10.0406 17.0437 12.3174 
v -10.0214 17.0613 12.3036 
v -10.0208 17.0302 12.2696 
v -10.0173 17.057 12.3061 
v -10.0377 17.0398 12.3193 
v -10.0024 17.0613 12.2829 
v -10.0001 17.0576 12.2854 
v -9.99388 17.0438 12.261 
v -10.0566 17.025 12.2931 
v -10.0526 17.02 12.2957 
v -10.05 17.0084 12.275 
v -9.99637 17.0473 12.2579 
v -9.99 17.0229 12.2407 
v -9.99322 17.0251 12.237 
v -10.0522 17.0119 12.2723 
v -10.0319 17.0055 12.2531 
v -9.98917 17.0029 12.2238 
v -9.98673 16.9997 12.2281 
v -10.0096 17.0025 12.2371 
v -10.0109 17.0064 12.2336 
v -10.0345 17.0092 12.2501 
v -11.6955 17.0437 12.3174 
v -11.7153 17.0301 12.2696 
v -11.7147 17.0613 12.3036 
v -11.7188 17.057 12.3061 
v -11.6984 17.0398 12.3193 
v -11.7337 17.0612 12.2829 
v -11.736 17.0576 12.2854 
v -11.7423 17.0438 12.261 
v -11.6795 17.0249 12.2931 
v -11.6835 17.02 12.2957 
v -11.6862 17.0084 12.275 
v -11.7398 17.0473 12.2579 
v -11.7461 17.0228 12.2407 
v -11.7429 17.025 12.237 
v -11.6839 17.0119 12.2723 
v -11.7042 17.0054 12.2531 
v -11.747 17.0029 12.2238 
v -11.7494 16.9996 12.2281 
v -11.7266 17.0024 12.2371 
v -11.7252 17.0064 12.2336 
v -11.7016 17.0092 12.2501 
v -10.0363 17.1116 12.3176 
v -10.0494 17.0703 12.3403 
v -10.0451 17.1276 12.3304 
v -10.0408 17.1282 12.3333 
v -10.0316 17.1122 12.3192 
v -10.0551 17.119 12.3458 
v -10.0506 17.12 12.3494 
v -10.0621 17.1048 12.3549 
v -10.0568 17.105 12.3588 
v -10.0347 17.0931 12.3135 
v -10.0291 17.0924 12.3169 
v -10.0322 17.0783 12.3168 
v -10.0657 17.0907 12.3545 
v -10.0597 17.0851 12.3616 
v -10.0763 17.1034 12.3653 
v -10.0405 17.0806 12.3169 
v -10.0346 17.0884 12.3013 
v -10.0783 17.1032 12.3599 
v -10.0402 17.0889 12.3017 
v -10.074 17.0637 12.3569 
v -10.0943 17.1068 12.3663 
v -10.0928 17.1079 12.3715 
v -10.1097 17.104 12.3764 
v -10.1114 17.1042 12.3713 
v -10.1162 17.0876 12.3713 
v -10.1156 17.0868 12.3763 
v -10.1131 17.0683 12.3725 
v -10.1143 17.0692 12.3678 
v -10.1013 17.0538 12.3617 
v -10.1004 17.0509 12.3661 
v -10.1211 17.0487 12.3657 
v -10.1211 17.0518 12.3616 
v -10.1362 17.0411 12.3587 
v -10.0905 17.0341 12.346 
v -10.1357 17.0438 12.3548 
v -10.1453 17.0293 12.3463 
v -10.145 17.0328 12.3431 
v -10.1322 17.0217 12.3307 
v -10.1327 17.0177 12.3327 
v -10.115 17.0178 12.3242 
v -11.6999 17.1115 12.3176 
v -11.691 17.1276 12.3304 
v -11.6867 17.0702 12.3403 
v -11.6954 17.1282 12.3333 
v -11.7045 17.1122 12.3192 
v -11.6811 17.119 12.3458 
v -11.6856 17.12 12.3494 
v -11.674 17.1048 12.3549 
v -11.6793 17.105 12.3588 
v -11.7015 17.0931 12.3135 
v -11.7071 17.0924 12.3169 
v -11.7039 17.0782 12.3168 
v -11.6704 17.0907 12.3545 
v -11.6764 17.0851 12.3616 
v -11.6598 17.1033 12.3653 
v -11.6956 17.0806 12.3169 
v -11.7016 17.0884 12.3013 
v -11.6579 17.1031 12.3599 
v -11.696 17.0889 12.3017 
v -11.6622 17.0637 12.3569 
v -11.6418 17.1068 12.3663 
v -11.6433 17.1078 12.3715 
v -11.6264 17.104 12.3764 
v -11.6248 17.1042 12.3713 
v -11.6199 17.0876 12.3713 
v -11.6205 17.0868 12.3763 
v -11.623 17.0683 12.3725 
v -11.6219 17.0692 12.3678 
v -11.6349 17.0538 12.3617 
v -11.6357 17.0508 12.3661 
v -11.6151 17.0487 12.3657 
v -11.615 17.0518 12.3616 
v -11.5999 17.0411 12.3587 
v -11.6457 17.0341 12.346 
v -11.6004 17.0437 12.3548 
v -11.5908 17.0292 12.3463 
v -11.5912 17.0328 12.3431 
v -11.6039 17.0216 12.3307 
v -11.6034 17.0177 12.3327 
v -11.6211 17.0178 12.3242 
v -9.99953 16.3315 11.8368 
v -10.0216 16.3573 11.879 
v -9.9938 16.3652 11.8548 
v -10.0261 16.3258 11.8498 
v -10.0266 16.2956 11.8191 
v -9.99876 16.3031 11.8088 
v -10.0005 16.2786 11.8011 
v -10.0175 16.2755 11.8058 
v -11.71 16.3258 11.8498 
v -11.7366 16.3314 11.8368 
v -11.7145 16.3573 11.879 
v -11.7423 16.3652 11.8548 
v -11.7095 16.2956 11.8191 
v -11.7373 16.3031 11.8088 
v -11.7356 16.2786 11.8011 
v -11.7186 16.2755 11.8058 
v -10.1151 17.0132 12.3259 
v -10.0964 17.0188 12.3246 
v -10.0952 17.0148 12.3271 
v -10.0823 17.0202 12.33 
v -10.087 17.0263 12.3261 
v -10.099 17.0172 12.3147 
v -10.1004 17.0221 12.3148 
v -10.1084 17.021 12.299 
v -10.1076 17.0162 12.2989 
v -10.0718 17.0306 12.3109 
v -10.1086 17.0223 12.2823 
v -10.1082 17.0177 12.2817 
v -10.1001 17.0232 12.264 
v -10.1016 17.0274 12.2646 
v -10.0848 17.034 12.2657 
v -10.083 17.0309 12.2638 
v -10.0688 17.04 12.2737 
v -10.0669 17.0361 12.2725 
v -10.0532 17.0367 12.2892 
v -10.0572 17.0414 12.2908 
v -10.0552 17.0483 12.274 
v -10.0501 17.0454 12.274 
v -10.0458 17.0593 12.2642 
v -10.0478 17.0535 12.3134 
v -10.0508 17.0615 12.2655 
v -10.0395 17.0805 12.2628 
v -10.0446 17.082 12.2635 
v -10.0401 17.0904 12.2827 
v -10.0349 17.0894 12.2823 
v -10.0629 17.0762 12.3311 
v -10.0797 17.0705 12.3448 
v -10.0602 17.062 12.3121 
v -10.0774 17.0416 12.3107 
v -10.0919 17.0451 12.3381 
v -11.621 17.0132 12.3259 
v -11.6397 17.0187 12.3246 
v -11.6409 17.0147 12.3271 
v -11.6538 17.0202 12.33 
v -11.6491 17.0263 12.3261 
v -11.6371 17.0172 12.3147 
v -11.6357 17.022 12.3148 
v -11.6644 17.0306 12.3109 
v -11.6277 17.021 12.299 
v -11.6285 17.0162 12.2989 
v -11.6276 17.0223 12.2823 
v -11.628 17.0176 12.2817 
v -11.6361 17.0232 12.264 
v -11.6345 17.0273 12.2646 
v -11.6513 17.034 12.2657 
v -11.6531 17.0309 12.2638 
v -11.6673 17.04 12.2737 
v -11.6692 17.0361 12.2725 
v -11.683 17.0367 12.2892 
v -11.6789 17.0414 12.2908 
v -11.6809 17.0483 12.274 
v -11.686 17.0454 12.274 
v -11.6903 17.0593 12.2642 
v -11.6883 17.0535 12.3134 
v -11.6854 17.0615 12.2655 
v -11.6967 17.0805 12.2628 
v -11.6916 17.082 12.2635 
v -11.6961 17.0904 12.2827 
v -11.7012 17.0894 12.2823 
v -11.6733 17.0762 12.3311 
v -11.6564 17.0704 12.3448 
v -11.6759 17.062 12.3121 
v -11.6588 17.0415 12.3107 
v -11.6442 17.0451 12.3381 
v -10.1285 16.389 12.0018 
v -10.1517 16.3547 11.9983 
v -10.1492 16.3804 12.0065 
v -10.147 16.3787 12.0092 
v -10.1403 16.3954 12.0172 
v -10.1492 16.3527 12.0013 
v -10.1418 16.3974 12.0143 
v -10.1253 16.4083 12.019 
v -10.1322 16.3724 11.9873 
v -10.1298 16.3704 11.9899 
v -10.1269 16.4104 12.0152 
v -10.1062 16.4114 12.0096 
v -10.1044 16.4091 12.0121 
v -10.1037 16.3986 11.9964 
v -10.1065 16.4017 11.9939 
v -10.1146 16.3857 11.9857 
v -10.1132 16.3829 11.9875 
v -11.6076 16.389 12.0018 
v -11.587 16.3803 12.0065 
v -11.5844 16.3546 11.9983 
v -11.5891 16.3787 12.0092 
v -11.5869 16.3527 12.0013 
v -11.5958 16.3954 12.0172 
v -11.6039 16.3724 11.9873 
v -11.6063 16.3704 11.9899 
v -11.5943 16.3973 12.0143 
v -11.6108 16.4083 12.019 
v -11.6092 16.4104 12.0152 
v -11.6299 16.4113 12.0096 
v -11.6317 16.4091 12.0121 
v -11.6324 16.3986 11.9964 
v -11.6296 16.4016 11.9939 
v -11.6215 16.3857 11.9857 
v -11.6229 16.3829 11.9875 
v -10.1758 16.3327 12.1371 
v -10.1395 16.4041 12.0753 
v -10.2079 16.3488 12.1113 
v -10.2578 16.3091 12.188 
v -10.3035 16.3415 12.1591 
v -10.1009 16.3853 12.1025 
v -10.0933 16.465 12.0752 
v -10.0557 16.451 12.0921 
v -10.0625 16.5283 12.0819 
v -10.0327 16.5187 12.0979 
v -10.0417 16.5996 12.0931 
v -10.0079 16.5895 12.112 
v -10.0263 16.634 12.093 
v -9.99598 16.6246 12.1118 
v -10.0002 16.6601 12.0892 
v -9.98488 16.6567 12.0969 
v -11.6352 16.3853 12.1025 
v -11.5603 16.3327 12.1371 
v -11.5966 16.404 12.0753 
v -11.5282 16.3488 12.1113 
v -11.4783 16.3091 12.188 
v -11.4326 16.3415 12.1591 
v -11.6428 16.465 12.0752 
v -11.6804 16.4509 12.0921 
v -11.6736 16.5283 12.0819 
v -11.7034 16.5187 12.0979 
v -11.6945 16.5996 12.0931 
v -11.7282 16.5894 12.112 
v -11.7098 16.634 12.093 
v -11.7401 16.6246 12.1118 
v -11.7359 16.6601 12.0892 
v -11.7512 16.6567 12.0969 
v -10.0803 17.1748 12.4117 
v -10.0686 17.1316 12.3788 
v -10.0889 17.1567 12.4023 
v -10.077 17.1722 12.4147 
v -10.066 17.1648 12.3927 
v -10.0863 17.1543 12.4058 
v -10.0704 17.1657 12.3895 
v -10.0535 17.1536 12.376 
v -10.0939 17.1327 12.3915 
v -10.0917 17.1314 12.3963 
v -10.0573 17.1546 12.3722 
v -10.0421 17.1388 12.3638 
v -10.0925 17.1126 12.3846 
v -10.0907 17.1105 12.3896 
v -10.0757 17.0938 12.3764 
v -10.0455 17.1399 12.3604 
v -10.0408 17.1169 12.3584 
v -10.0791 17.0947 12.3721 
v -10.0442 17.1176 12.3541 
v -10.0526 17.0942 12.3619 
v -10.0497 17.0932 12.3661 
v -11.6558 17.1748 12.4117 
v -11.6472 17.1566 12.4023 
v -11.6675 17.1316 12.3788 
v -11.6591 17.1722 12.4147 
v -11.6499 17.1543 12.4058 
v -11.6701 17.1648 12.3927 
v -11.6422 17.1326 12.3915 
v -11.6445 17.1313 12.3963 
v -11.6657 17.1657 12.3895 
v -11.6826 17.1536 12.376 
v -11.6788 17.1546 12.3722 
v -11.694 17.1387 12.3638 
v -11.6437 17.1126 12.3846 
v -11.6455 17.1105 12.3896 
v -11.6605 17.0938 12.3764 
v -11.6906 17.1399 12.3604 
v -11.6953 17.1169 12.3584 
v -11.657 17.0946 12.3721 
v -11.6919 17.1176 12.3541 
v -11.6835 17.0942 12.3619 
v -11.6864 17.0932 12.3661 
v -9.89559 17.1671 12.2525 
v -9.88047 17.1787 12.3051 
v -9.84195 17.2699 12.2434 
v -9.95951 17.0955 12.2842 
v -9.96476 17.0977 12.3502 
v -10.0413 17.0288 12.3043 
v -11.8405 17.1671 12.2525 
v -11.8942 17.2698 12.2434 
v -11.8557 17.1787 12.3051 
v -11.7766 17.0955 12.2842 
v -11.7714 17.0977 12.3502 
v -11.6948 17.0288 12.3043 
v -10.0696 17.0828 12.411 
v -10.0222 17.1489 12.4771 
v -10.0492 17.1647 12.443 
v -10.0105 17.2409 12.5112 
v -10.0409 17.2521 12.4751 
v -10.0409 17.3325 12.5058 
v -10.011 17.323 12.539 
v -10.0529 17.4097 12.5369 
v -10.0311 17.4034 12.5636 
v -10.0722 17.4555 12.5563 
v -10.0536 17.4555 12.5815 
v -10.097 17.4996 12.5721 
v -10.0786 17.4961 12.602 
v -10.1221 17.5253 12.5826 
v -10.0975 17.5225 12.6218 
v -10.1369 17.5531 12.5947 
v -10.1123 17.5514 12.6301 
v -10.1299 17.5827 12.6079 
v -10.119 17.5806 12.6232 
v -11.6665 17.0828 12.411 
v -11.7139 17.1488 12.4771 
v -11.6869 17.1647 12.443 
v -11.7256 17.2409 12.5112 
v -11.6953 17.2521 12.4751 
v -11.6953 17.3325 12.5058 
v -11.7252 17.323 12.539 
v -11.6832 17.4096 12.5369 
v -11.7051 17.4034 12.5636 
v -11.6639 17.4555 12.5563 
v -11.6826 17.4555 12.5815 
v -11.6392 17.4996 12.5721 
v -11.6575 17.4961 12.602 
v -11.614 17.5253 12.5826 
v -11.6386 17.5224 12.6218 
v -11.5993 17.5531 12.5947 
v -11.6239 17.5513 12.6301 
v -11.6063 17.5827 12.6079 
v -11.6172 17.5806 12.6232 
v -10.0814 16.9514 12.2509 
v -10.0943 16.9677 12.2741 
v -10.0771 16.9967 12.2878 
v -10.0774 16.9501 12.2538 
v -10.0711 16.9776 12.2557 
v -10.0909 16.9654 12.2769 
v -10.0756 16.9793 12.254 
v -10.063 16.9979 12.2618 
v -10.0989 16.9793 12.2942 
v -10.0951 16.9762 12.2963 
v -10.0935 16.9886 12.3151 
v -10.067 17.0005 12.2602 
v -10.0545 17.0147 12.2724 
v -10.0586 17.0175 12.271 
v -10.0579 17.0296 12.2919 
v -10.0535 17.0252 12.2926 
v -10.0971 16.9917 12.3133 
v -10.0817 17.0067 12.3247 
v -10.0857 17.0106 12.3237 
v -10.0628 17.0257 12.3213 
v -10.0597 17.0221 12.3216 
v -11.6547 16.9514 12.2509 
v -11.6591 16.9967 12.2878 
v -11.6418 16.9677 12.2741 
v -11.6587 16.95 12.2538 
v -11.6452 16.9654 12.2769 
v -11.665 16.9776 12.2557 
v -11.6372 16.9793 12.2942 
v -11.641 16.9761 12.2963 
v -11.6426 16.9885 12.3151 
v -11.6605 16.9793 12.254 
v -11.6731 16.9979 12.2618 
v -11.6391 16.9917 12.3133 
v -11.6545 17.0066 12.3247 
v -11.6504 17.0105 12.3237 
v -11.6733 17.0257 12.3213 
v -11.6764 17.022 12.3216 
v -11.6826 17.0252 12.2926 
v -11.6782 17.0296 12.2919 
v -11.6816 17.0147 12.2724 
v -11.6775 17.0175 12.271 
v -11.6691 17.0005 12.2602 
v -10.045 16.4117 11.9433 
v -10.0495 16.4236 11.9563 
v -10.0259 16.4212 11.9351 
v -10.0426 16.4108 11.9461 
v -10.0232 16.4202 11.9383 
v -10.0389 16.4361 11.9504 
v -10.0591 16.4051 11.9564 
v -10.056 16.4043 11.9594 
v -10.0413 16.4369 11.9477 
v -10.0493 16.4438 11.9593 
v -10.0464 16.4431 11.9614 
v -10.058 16.4405 11.9773 
v -10.0698 16.411 11.9742 
v -10.0665 16.4097 11.9765 
v -10.0646 16.423 11.9868 
v -10.068 16.424 11.9847 
v -10.0613 16.4419 11.9751 
v -11.6911 16.4117 11.9433 
v -11.7102 16.4212 11.9351 
v -11.6867 16.4236 11.9563 
v -11.6935 16.4108 11.9461 
v -11.7129 16.4202 11.9383 
v -11.6973 16.4361 11.9504 
v -11.677 16.4051 11.9564 
v -11.6801 16.4042 11.9594 
v -11.6948 16.4368 11.9477 
v -11.6868 16.4438 11.9593 
v -11.6897 16.443 11.9614 
v -11.6781 16.4404 11.9773 
v -11.6663 16.411 11.9742 
v -11.6696 16.4097 11.9765 
v -11.6715 16.423 11.9868 
v -11.6748 16.4419 11.9751 
v -11.6681 16.424 11.9847 
v -9.8039 17.5065 12.1671 
v -9.822 17.4612 12.1934 
v -9.83552 17.5038 12.1887 
v -9.8377 17.5496 12.19 
v -9.80344 17.4633 12.1754 
v -9.80699 17.3648 12.1767 
v -9.80487 17.5524 12.1685 
v -9.82175 17.5816 12.201 
v -9.80501 17.5842 12.1898 
v -11.9141 17.4612 12.1934 
v -11.9322 17.5065 12.1671 
v -11.9006 17.5037 12.1887 
v -11.8984 17.5496 12.19 
v -11.9327 17.4633 12.1754 
v -11.9291 17.3648 12.1767 
v -11.9313 17.5524 12.1685 
v -11.9144 17.5816 12.201 
v -11.9311 17.5842 12.1898 
v -10.4396 16.3206 12.258 
v -10.3807 16.399 12.2 
v -10.4385 16.2839 12.1625 
v -10.5031 16.2273 12.1705 
v -10.3972 16.3964 12.2799 
v -10.5167 16.2372 12.2478 
v -10.3231 16.5277 12.2501 
v -10.5917 16.1462 12.1692 
v -10.6082 16.1519 12.2312 
v -10.6918 16.0639 12.1918 
v -10.3354 16.5189 12.3178 
v -10.2666 16.6563 12.2976 
v -10.2689 16.6502 12.3625 
v -10.1996 16.7916 12.3161 
v -10.217 16.7948 12.3613 
v -10.1338 16.9199 12.3228 
v -10.1478 16.9309 12.3802 
v -10.0882 17.0145 12.3748 
v -10.0413 17.0288 12.3043 
v -10.0488 17.102 12.3671 
v -10.0696 17.0828 12.411 
v -10.0367 17.1751 12.4068 
v -10.0492 17.1647 12.443 
v -10.0261 17.2607 12.4327 
v -10.0409 17.2521 12.4751 
v -10.0409 17.3325 12.5058 
v -10.0126 17.3619 12.4553 
v -10.0361 17.4253 12.5102 
v -10.0529 17.4097 12.5369 
v -10.0722 17.4555 12.5563 
v -10.0551 17.4682 12.5306 
v -10.097 17.4996 12.5721 
v -10.0831 17.5171 12.5463 
v -10.1221 17.5253 12.5826 
v -10.1025 17.5483 12.5508 
v -10.1369 17.5531 12.5947 
v -10.117 17.5718 12.5645 
v -10.1215 17.5907 12.5945 
v -10.1299 17.5827 12.6079 
v -11.2966 16.3205 12.258 
v -11.3554 16.399 12.2 
v -11.3389 16.3964 12.2799 
v -11.4131 16.5277 12.2501 
v -11.2976 16.2839 12.1625 
v -11.4007 16.5189 12.3178 
v -11.233 16.2273 12.1705 
v -11.4695 16.6563 12.2976 
v -11.2194 16.2372 12.2478 
v -11.4673 16.6502 12.3625 
v -11.1444 16.1462 12.1692 
v -11.1279 16.1519 12.2312 
v -11.0443 16.0639 12.1918 
v -11.5365 16.7916 12.3161 
v -11.5191 16.7947 12.3613 
v -11.6023 16.9199 12.3228 
v -11.5883 16.9308 12.3802 
v -11.6479 17.0145 12.3748 
v -11.6948 17.0288 12.3043 
v -11.6874 17.102 12.3671 
v -11.6665 17.0828 12.411 
v -11.6994 17.1751 12.4068 
v -11.6869 17.1647 12.443 
v -11.7101 17.2607 12.4327 
v -11.6953 17.2521 12.4751 
v -11.6953 17.3325 12.5058 
v -11.7235 17.3619 12.4553 
v -11.7 17.4253 12.5102 
v -11.6832 17.4096 12.5369 
v -11.6639 17.4555 12.5563 
v -11.681 17.4682 12.5306 
v -11.6392 17.4996 12.5721 
v -11.653 17.5171 12.5463 
v -11.614 17.5253 12.5826 
v -11.6336 17.5483 12.5508 
v -11.5993 17.5531 12.5947 
v -11.6191 17.5717 12.5645 
v -11.6146 17.5906 12.5945 
v -11.6063 17.5827 12.6079 
v -10.0286 16.5051 11.9771 
v -10.0585 16.4842 11.9938 
v -10.011 16.5223 11.989 
v -10.0088 16.5184 11.9918 
v -10.0358 16.514 12.0024 
v -10.0259 16.5014 11.9794 
v -10.0383 16.517 11.999 
v -10.0564 16.5048 12.013 
v -10.0441 16.4852 11.9697 
v -10.0409 16.4824 11.9727 
v -10.0597 16.5078 12.0106 
v -10.0718 16.4929 12.0214 
v -10.0571 16.4669 11.9685 
v -10.0535 16.4642 11.9712 
v -10.0708 16.4498 11.9814 
v -10.0752 16.4956 12.0193 
v -10.0915 16.4704 12.017 
v -10.0885 16.4672 12.0197 
v -10.0755 16.4526 11.9784 
v -10.0894 16.4466 12.0047 
v -10.0862 16.4447 12.0077 
v -11.7075 16.5051 11.9771 
v -11.7252 16.5223 11.989 
v -11.6776 16.4842 11.9938 
v -11.7273 16.5184 11.9918 
v -11.7102 16.5014 11.9794 
v -11.7003 16.5139 12.0024 
v -11.692 16.4852 11.9697 
v -11.6952 16.4823 11.9727 
v -11.6979 16.517 11.999 
v -11.6797 16.5048 12.013 
v -11.679 16.4668 11.9685 
v -11.6826 16.4642 11.9712 
v -11.6653 16.4498 11.9814 
v -11.6764 16.5078 12.0106 
v -11.6643 16.4929 12.0214 
v -11.6606 16.4526 11.9784 
v -11.6609 16.4956 12.0193 
v -11.6446 16.4704 12.017 
v -11.6476 16.4672 12.0197 
v -11.6467 16.4466 12.0047 
v -11.6499 16.4447 12.0077 
v -11.6255 16.4588 12.0632 
v -11.6138 16.5077 12.0702 
v -11.6001 16.5074 12.0829 
v -11.6039 16.5075 12.0863 
v -11.6173 16.508 12.0735 
v -11.599 16.4886 12.0929 
v -11.6287 16.5003 12.0625 
v -11.5947 16.4886 12.0901 
v -11.6252 16.5006 12.0584 
v -11.6328 16.4872 12.0516 
v -11.6391 16.4861 12.0549 
v -11.5951 16.4704 12.0881 
v -11.5985 16.4703 12.0918 
v -11.6065 16.4527 12.084 
v -11.6032 16.4544 12.0816 
v -11.5903 16.4532 12.0929 
v -11.5883 16.4559 12.0888 
v -11.5732 16.4474 12.0963 
v -11.6065 16.4308 12.0662 
v -11.5718 16.45 12.0926 
v -11.5555 16.437 12.088 
v -11.5569 16.434 12.0922 
v -11.5624 16.4182 12.0781 
v -11.5599 16.4212 12.0744 
v -11.5726 16.411 12.0669 
v -11.5709 16.4154 12.0632 
v -11.5849 16.4136 12.0556 
v -11.5872 16.4094 12.0593 
v -11.6015 16.4202 12.0499 
v -11.6042 16.4143 12.0515 
v -11.5865 16.4111 12.0477 
v -11.5852 16.4161 12.0477 
v -11.5699 16.4074 12.0381 
v -11.6086 16.42 12.0308 
v -11.5686 16.4124 12.0385 
v -11.5602 16.4111 12.0221 
v -11.5604 16.4056 12.0224 
v -11.5588 16.4075 12.0012 
v -11.5581 16.412 12.0017 
v -11.5771 16.4123 11.9919 
v -11.5759 16.4168 11.9928 
v -11.5931 16.4168 11.992 
v -11.5918 16.4216 11.9927 
v -10.1602 16.4168 11.9928 
v -10.143 16.4168 11.992 
v -10.159 16.4123 11.9919 
v -10.178 16.4121 12.0017 
v -10.1275 16.42 12.0308 
v -10.1773 16.4075 12.0012 
v -10.1759 16.4111 12.0221 
v -10.1757 16.4056 12.0224 
v -10.1662 16.4074 12.0381 
v -10.1675 16.4124 12.0385 
v -10.1509 16.4161 12.0477 
v -10.1496 16.4111 12.0477 
v -10.1346 16.4202 12.0499 
v -10.1319 16.4143 12.0515 
v -10.1489 16.4094 12.0593 
v -10.1512 16.4136 12.0556 
v -10.1636 16.4111 12.0669 
v -10.1296 16.4308 12.0662 
v -10.1652 16.4155 12.0632 
v -10.1762 16.4212 12.0744 
v -10.1737 16.4182 12.0781 
v -10.1806 16.4371 12.088 
v -10.1792 16.434 12.0922 
v -10.1629 16.4474 12.0963 
v -10.1644 16.45 12.0926 
v -10.1478 16.4559 12.0888 
v -10.1459 16.4533 12.0929 
v -10.1329 16.4544 12.0816 
v -10.1106 16.4588 12.0632 
v -10.1386 16.4418 12.0566 
v -10.1232 16.4635 12.0557 
v -10.1114 16.4671 12.0317 
v -10.0944 16.4618 12.0353 
v -10.1345 16.4311 12.0297 
v -10.1063 16.4391 12.0159 
v -10.1185 16.4478 12.0182 
v -9.98197 16.5364 11.957 
v -9.98637 16.5871 11.9183 
v -9.99891 16.5384 11.9491 
v -9.96539 16.5859 11.9275 
v -10.0057 16.4876 11.9888 
v -9.96229 16.6281 11.9178 
v -10.0192 16.4901 11.9837 
v -10.0189 16.4638 12.0244 
v -10.0383 16.4741 12.0114 
v -9.99333 16.6243 11.9022 
v -9.99275 16.6608 11.8829 
v -9.95938 16.6667 11.899 
v -9.95944 16.685 11.8715 
v -9.98115 16.6815 11.8617 
v -11.7497 16.587 11.9183 
v -11.7541 16.5364 11.957 
v -11.7372 16.5384 11.9491 
v -11.7304 16.4876 11.9888 
v -11.7707 16.5858 11.9275 
v -11.7169 16.4901 11.9837 
v -11.7172 16.4638 12.0244 
v -11.6978 16.4741 12.0114 
v -11.7738 16.6281 11.9178 
v -11.7428 16.6243 11.9022 
v -11.7434 16.6608 11.8829 
v -11.7767 16.6667 11.899 
v -11.7767 16.685 11.8715 
v -11.755 16.6815 11.8617 
v -9.84764 17.216 12.1821 
v -9.85174 17.2951 12.1544 
v -9.86877 17.2066 12.1495 
v -9.86695 17.2866 12.1244 
v -9.89646 17.1372 12.1952 
v -9.891 17.3623 12.0999 
v -9.87453 17.149 12.2274 
v -9.86842 17.378 12.1346 
v -9.95446 17.0867 12.2454 
v -9.95951 17.0955 12.2842 
v -10.0413 17.0288 12.3043 
v -9.92263 17.4086 12.1195 
v -9.88834 17.424 12.1483 
v -9.90878 17.4692 12.1532 
v -9.94319 17.4581 12.125 
v -9.93926 17.4951 12.1277 
v -9.92377 17.501 12.1365 
v -11.8674 17.2065 12.1495 
v -11.8692 17.2866 12.1244 
v -11.8844 17.295 12.1544 
v -11.8451 17.3622 12.0999 
v -11.8885 17.216 12.1821 
v -11.8677 17.378 12.1346 
v -11.8397 17.1372 12.1952 
v -11.8135 17.4086 12.1195 
v -11.8616 17.1489 12.2274 
v -11.8478 17.4239 12.1483 
v -11.7817 17.0867 12.2454 
v -11.7766 17.0955 12.2842 
v -11.6948 17.0288 12.3043 
v -11.8274 17.4692 12.1532 
v -11.7929 17.4581 12.125 
v -11.7969 17.4951 12.1277 
v -11.8124 17.501 12.1365 
v -10.4385 16.2839 12.1625 
v -10.3035 16.3415 12.1591 
v -10.3019 16.2955 12.1024 
v -10.2079 16.3488 12.1113 
v -10.2148 16.3282 12.0672 
v -10.1395 16.4041 12.0753 
v -10.142 16.377 12.0175 
v -10.095 16.4473 12.011 
v -10.0933 16.465 12.0752 
v -10.0544 16.5309 12.0438 
v -10.0625 16.5283 12.0819 
v -10.0383 16.6019 12.0548 
v -10.0417 16.5996 12.0931 
v -10.0257 16.6368 12.0604 
v -10.0263 16.634 12.093 
v -10.0018 16.6613 12.0684 
v -10.0002 16.6601 12.0892 
v -11.2976 16.2839 12.1625 
v -11.4343 16.2955 12.1024 
v -11.4326 16.3415 12.1591 
v -11.5282 16.3488 12.1113 
v -11.5213 16.3282 12.0672 
v -11.5966 16.404 12.0753 
v -11.5941 16.377 12.0175 
v -11.6412 16.4472 12.011 
v -11.6428 16.465 12.0752 
v -11.6817 16.5309 12.0438 
v -11.6736 16.5283 12.0819 
v -11.6978 16.6018 12.0548 
v -11.6945 16.5996 12.0931 
v -11.7105 16.6367 12.0604 
v -11.7098 16.634 12.093 
v -11.7344 16.6613 12.0684 
v -11.7359 16.6601 12.0892 
v -10.0216 16.3573 11.879 
v -10.0326 16.3084 11.8731 
v -10.0457 16.3369 11.9242 
v -10.0261 16.3258 11.8498 
v -10.0332 16.2784 11.8378 
v -10.0266 16.2956 11.8191 
v -10.0175 16.2755 11.8058 
v -10.021 16.2628 11.8162 
v -11.7035 16.3083 11.8731 
v -11.7145 16.3573 11.879 
v -11.6904 16.3368 11.9242 
v -11.71 16.3258 11.8498 
v -11.7029 16.2783 11.8378 
v -11.7095 16.2956 11.8191 
v -11.7186 16.2755 11.8058 
v -11.7151 16.2628 11.8162 
v -10.136 16.5074 12.0829 
v -10.1223 16.5077 12.0702 
v -10.1322 16.5075 12.0863 
v -10.1188 16.5081 12.0735 
v -10.1371 16.4886 12.0929 
v -10.1074 16.5003 12.0625 
v -10.1415 16.4886 12.0901 
v -10.1109 16.5006 12.0584 
v -10.1033 16.4872 12.0516 
v -10.0971 16.4861 12.0549 
v -10.141 16.4704 12.0881 
v -10.1376 16.4703 12.0918 
v -10.1296 16.4527 12.084 
v -10.0984 16.5035 12.0444 
v -10.0937 16.5027 12.0455 
v -10.091 16.5124 12.0302 
v -10.096 16.5124 12.0293 
v -10.0898 16.5148 12.013 
v -10.0939 16.5153 12.0128 
v -10.093 16.4981 12.002 
v -10.0879 16.498 12.0019 
v -10.0934 16.4812 11.9992 
v -10.0883 16.4799 11.9997 
v -10.0984 16.4657 12.0073 
v -10.0905 16.4632 12.0062 
v -10.1024 16.4701 11.9862 
v -10.1065 16.4713 11.9888 
v -10.1162 16.4664 11.9728 
v -10.1121 16.465 11.9704 
v -10.1232 16.4546 11.961 
v -10.1266 16.4566 11.9628 
v -10.1311 16.4409 11.9709 
v -10.1272 16.438 11.9684 
v -10.1322 16.4284 11.984 
v -10.1288 16.4252 11.9821 
v -10.1246 16.4194 12.0002 
v -10.1276 16.4247 12.0015 
v -10.1443 16.4216 11.9927 
v -9.95263 17.5332 12.4854 
v -9.93314 17.6394 12.4481 
v -9.93315 17.5276 12.4493 
v -9.95503 17.6385 12.4891 
v -9.98249 17.4363 12.4904 
v -9.96629 17.4275 12.4537 
v -10.0126 17.3619 12.4553 
v -9.96258 17.6769 12.4889 
v -9.94009 17.6781 12.444 
v -9.94426 17.7081 12.4482 
v -9.96268 17.7076 12.4864 
v -9.94092 17.732 12.4612 
v -9.95012 17.7319 12.4815 
v -11.803 17.6393 12.4481 
v -11.7835 17.5332 12.4854 
v -11.803 17.5276 12.4493 
v -11.7536 17.4363 12.4904 
v -11.7698 17.4275 12.4537 
v -11.7235 17.3619 12.4553 
v -11.7811 17.6384 12.4891 
v -11.7736 17.6769 12.4889 
v -11.7961 17.6781 12.444 
v -11.7919 17.708 12.4482 
v -11.7735 17.7076 12.4864 
v -11.7952 17.732 12.4612 
v -11.786 17.7319 12.4815 
v -11.6085 16.4247 12.0015 
v -11.6115 16.4194 12.0002 
v -11.6039 16.4283 11.984 
v -11.6074 16.4252 11.9821 
v -11.6089 16.438 11.9684 
v -11.6298 16.439 12.0159 
v -11.605 16.4409 11.9709 
v -11.6129 16.4546 11.961 
v -11.6095 16.4566 11.9628 
v -11.6199 16.4664 11.9728 
v -11.624 16.4649 11.9704 
v -11.6337 16.4701 11.9862 
v -11.6296 16.4712 11.9888 
v -11.6377 16.4657 12.0073 
v -11.6456 16.4632 12.0062 
v -11.6478 16.4799 11.9997 
v -11.6427 16.4812 11.9992 
v -11.6482 16.498 12.0019 
v -11.6417 16.4618 12.0353 
v -11.6431 16.498 12.002 
v -11.6463 16.5148 12.013 
v -11.6422 16.5152 12.0128 
v -11.6401 16.5124 12.0293 
v -11.6451 16.5124 12.0302 
v -11.6377 16.5035 12.0444 
v -11.6424 16.5027 12.0455 
v -11.6176 16.4478 12.0182 
v -11.6247 16.4671 12.0317 
v -11.6016 16.4311 12.0297 
v -11.613 16.4634 12.0557 
v -11.5975 16.4417 12.0566 
v -9.81651 17.3695 12.2268 
v -9.822 17.4612 12.1934 
v -9.80699 17.3648 12.1767 
v -9.82161 17.4591 12.2272 
v -9.84195 17.2699 12.2434 
v -9.8311 17.5019 12.2314 
v -9.83022 17.2482 12.1941 
v -9.83552 17.5038 12.1887 
v -9.89559 17.1671 12.2525 
v -9.87453 17.149 12.2274 
v -9.95951 17.0955 12.2842 
v -9.83235 17.547 12.2307 
v -9.8377 17.5496 12.19 
v -9.82175 17.5816 12.201 
v -9.81812 17.5816 12.2215 
v -11.9196 17.3695 12.2268 
v -11.9141 17.4612 12.1934 
v -11.9145 17.459 12.2272 
v -11.905 17.5018 12.2314 
v -11.9291 17.3648 12.1767 
v -11.9006 17.5037 12.1887 
v -11.8942 17.2698 12.2434 
v -11.9038 17.547 12.2307 
v -11.9059 17.2481 12.1941 
v -11.8984 17.5496 12.19 
v -11.9144 17.5816 12.201 
v -11.918 17.5815 12.2215 
v -11.8405 17.1671 12.2525 
v -11.8616 17.1489 12.2274 
v -11.7766 17.0955 12.2842 
v -9.99891 16.5384 11.9491 
v -9.98637 16.5871 11.9183 
v -10.0087 16.5234 11.916 
v -9.99118 16.5765 11.8876 
v -10.0387 16.4669 11.9525 
v -9.99333 16.6243 11.9022 
v -10.0192 16.4901 11.9837 
v -10.0383 16.4741 12.0114 
v -10.095 16.4473 12.011 
v -9.99618 16.6115 11.8685 
v -9.99275 16.6608 11.8829 
v -9.99695 16.6456 11.8495 
v -9.98115 16.6815 11.8617 
v -9.98155 16.6785 11.8398 
v -11.7274 16.5234 11.916 
v -11.7449 16.5765 11.8876 
v -11.7497 16.587 11.9183 
v -11.7428 16.6243 11.9022 
v -11.7372 16.5384 11.9491 
v -11.7399 16.6115 11.8685 
v -11.6974 16.4669 11.9525 
v -11.7434 16.6608 11.8829 
v -11.7169 16.4901 11.9837 
v -11.6978 16.4741 12.0114 
v -11.6412 16.4472 12.011 
v -11.7392 16.6455 11.8495 
v -11.755 16.6815 11.8617 
v -11.7546 16.6784 11.8398 
v -9.92263 17.4086 12.1195 
v -9.94125 17.4609 12.0869 
v -9.92652 17.41 12.0833 
v -9.891 17.3623 12.0999 
v -9.94319 17.4581 12.125 
v -9.93852 17.4984 12.1093 
v -9.93926 17.4951 12.1277 
v -11.8135 17.4086 12.1195 
v -11.7949 17.4609 12.0869 
v -11.7929 17.4581 12.125 
v -11.7976 17.4984 12.1093 
v -11.7969 17.4951 12.1277 
v -11.8096 17.41 12.0833 
v -11.8451 17.3622 12.0999 

vn 0.748031 -0.346457 0.566929 
vn 0.984252 -0.133858 0.133858 
vn 0.779528 -0.212598 0.582677 
vn 0.913386 -0.15748 0.362205 
vn 0.614173 -0.385827 -0.692913 
vn 0.685039 -0.11811 -0.724409 
vn 0.944882 0.00787402 0.322835 
vn 0.779528 -0.0629921 -0.622047 
vn 0.968504 -0.0472441 0.228346 
vn 0.96063 -0.0551181 0.275591 
vn 0.779528 -0.0551181 -0.622047 
vn 0.76378 0.212598 -0.606299 
vn 0.92126 0.220472 0.322835 
vn 0.637795 0.590551 -0.496063 
vn 0.724409 0.606299 0.330709 
vn -0.748031 -0.346457 0.566929 
vn -0.779528 -0.212598 0.582677 
vn -0.984252 -0.133858 0.133858 
vn -0.913386 -0.15748 0.362205 
vn -0.614173 -0.385827 -0.692913 
vn -0.685039 -0.11811 -0.724409 
vn -0.944882 0.00787402 0.322835 
vn -0.779528 -0.0629921 -0.622047 
vn -0.968504 -0.0472441 0.228346 
vn -0.96063 -0.0551181 0.275591 
vn -0.779528 -0.0551181 -0.622047 
vn -0.76378 0.212598 -0.606299 
vn -0.92126 0.220472 0.322835 
vn -0.637795 0.590551 -0.496063 
vn -0.724409 0.606299 0.330709 
vn 0.590551 0.393701 0.700787 
vn 0.377953 0.488189 0.787402 
vn 0.897638 0.314961 0.314961 
vn 0.787402 0.267717 0.551181 
vn 0.968504 0.0472441 0.251969 
vn 0.874016 0.165354 -0.464567 
vn 0.984252 -0.133858 0.133858 
vn 0.913386 -0.267717 0.314961 
vn 0.748031 -0.346457 0.566929 
vn 0.795276 0.322835 -0.511811 
vn 0.826772 0.259843 0.503937 
vn 0.590551 0.637795 -0.496063 
vn 0.708661 0.519685 0.480315 
vn 0.322835 0.889764 -0.314961 
vn 0.425197 0.779528 0.456693 
vn -0.377953 0.488189 0.787402 
vn -0.590551 0.393701 0.700787 
vn -0.897638 0.314961 0.314961 
vn -0.787402 0.267717 0.551181 
vn -0.968504 0.0472441 0.251969 
vn -0.874016 0.165354 -0.464567 
vn -0.984252 -0.133858 0.133858 
vn -0.913386 -0.267717 0.314961 
vn -0.748031 -0.346457 0.566929 
vn -0.795276 0.322835 -0.511811 
vn -0.826772 0.259843 0.503937 
vn -0.590551 0.637795 -0.496063 
vn -0.708661 0.519685 0.480315 
vn -0.322835 0.889764 -0.314961 
vn -0.425197 0.779528 0.456693 
vn 0.716535 -0.543307 0.433071 
vn 0.937008 -0.330709 -0.125984 
vn 0.84252 -0.377953 0.377953 
vn 0.96063 0.110236 -0.267717 
vn 0.685039 -0.598425 0.417323 
vn 0.944882 0.102362 -0.314961 
vn 0.590551 -0.80315 0.0708661 
vn 0.818898 -0.19685 -0.543307 
vn -0.96063 0.110236 -0.267717 
vn -0.716535 -0.543307 0.433071 
vn -0.937008 -0.330709 -0.125984 
vn -0.84252 -0.377953 0.377953 
vn -0.685039 -0.598425 0.417323 
vn -0.944882 0.102362 -0.314961 
vn -0.582677 -0.811024 0.0708661 
vn -0.818898 -0.19685 -0.543307 
vn 0.866142 0.023622 -0.496063 
vn 0.818898 0.283465 0.503937 
vn 0.826772 -0.0787402 0.559055 
vn 0.826772 0.346457 -0.433071 
vn 0.787402 -0.393701 0.472441 
vn 0.826772 -0.267717 -0.488189 
vn 0.80315 -0.401575 0.440945 
vn 0.850394 -0.267717 -0.448819 
vn 0.976378 0.0629921 0.204724 
vn 0.850394 -0.283465 0.440945 
vn 0.76378 -0.354331 0.535433 
vn -0.866142 0.023622 -0.496063 
vn -0.811024 0.283465 0.503937 
vn -0.826772 0.346457 -0.433071 
vn -0.826772 -0.0787402 0.559055 
vn -0.787402 -0.393701 0.472441 
vn -0.826772 -0.267717 -0.488189 
vn -0.80315 -0.401575 0.440945 
vn -0.850394 -0.267717 -0.448819 
vn -0.976378 0.0629921 0.204724 
vn -0.850394 -0.283465 0.440945 
vn -0.76378 -0.354331 0.535433 
vn 0.582677 -0.472441 0.661417 
vn 0.818898 -0.401575 0.401575 
vn 0.669291 -0.330709 0.669291 
vn 0.76378 -0.354331 0.535433 
vn 0.889764 -0.330709 0.322835 
vn 0.88189 -0.275591 0.385827 
vn 0.661417 -0.661417 -0.354331 
vn 0.889764 -0.204724 0.409449 
vn 0.748031 -0.456693 -0.480315 
vn 0.88189 -0.023622 0.464567 
vn 0.811024 -0.393701 -0.425197 
vn 0.874016 0.00787402 0.480315 
vn 0.858268 -0.362205 -0.370079 
vn 0.850394 0.0472441 0.519685 
vn 0.834646 0.330709 0.448819 
vn 0.889764 -0.102362 -0.448819 
vn 0.685039 0.700787 0.19685 
vn 0.740157 0.322835 -0.590551 
vn -0.582677 -0.472441 0.661417 
vn -0.669291 -0.330709 0.669291 
vn -0.818898 -0.401575 0.401575 
vn -0.76378 -0.354331 0.535433 
vn -0.88189 -0.330709 0.322835 
vn -0.88189 -0.275591 0.385827 
vn -0.661417 -0.661417 -0.354331 
vn -0.889764 -0.204724 0.409449 
vn -0.748031 -0.456693 -0.480315 
vn -0.88189 -0.023622 0.464567 
vn -0.811024 -0.393701 -0.425197 
vn -0.874016 0.00787402 0.480315 
vn -0.858268 -0.362205 -0.370079 
vn -0.850394 0.0472441 0.519685 
vn -0.834646 0.330709 0.448819 
vn -0.889764 -0.102362 -0.448819 
vn -0.685039 0.700787 0.19685 
vn -0.740157 0.322835 -0.590551 
vn 0.653543 -0.291339 0.700787 
vn 0.543307 -0.0314961 0.834646 
vn 0.401575 -0.11811 0.905512 
vn 0.574803 0.748031 0.322835 
vn 0.598425 -0.0393701 0.80315 
vn 0.913386 0.401575 0.0866142 
vn 0.645669 -0.181102 0.740157 
vn 0.952756 0.299213 0 
vn 0.913386 0.393701 0.0787402 
vn 0.551181 -0.133858 0.818898 
vn 0.401575 0.204724 0.897638 
vn 0.724409 0.669291 0.173228 
vn 0.433071 0.866142 0.251969 
vn 0.15748 0.496063 0.850394 
vn -0.653543 -0.291339 0.700787 
vn -0.401575 -0.11811 0.905512 
vn -0.543307 -0.0314961 0.834646 
vn -0.574803 0.748031 0.322835 
vn -0.598425 -0.0393701 0.80315 
vn -0.913386 0.401575 0.0866142 
vn -0.645669 -0.181102 0.740157 
vn -0.952756 0.299213 0 
vn -0.913386 0.393701 0.0787402 
vn -0.551181 -0.133858 0.818898 
vn -0.401575 0.204724 0.897638 
vn -0.724409 0.669291 0.173228 
vn -0.433071 0.866142 0.251969 
vn -0.15748 0.496063 0.850394 
vn 0.645669 -0.251969 0.724409 
vn 0.677165 -0.377953 0.629921 
vn 0.732283 0.0787402 0.677165 
vn 0.992126 -0.0551181 0.125984 
vn 0.700787 -0.275591 0.653543 
vn 0.984252 -0.181102 -0.0314961 
vn 0.677165 -0.330709 0.653543 
vn 0.653543 -0.291339 0.700787 
vn 0.96063 -0.259843 0.0708661 
vn 0.795276 -0.165354 0.582677 
vn 0.976378 -0.220472 0.0393701 
vn 0.811024 -0.102362 0.574803 
vn 0.976378 -0.141732 -0.173228 
vn 0.850394 -0.0708661 0.519685 
vn 0.944882 -0.0708661 -0.322835 
vn 0.937008 0.11811 -0.330709 
vn 0.80315 0.0944882 0.590551 
vn 0.716535 0.393701 0.574803 
vn 0.858268 0.425197 -0.291339 
vn 0.543307 0.677165 0.488189 
vn 0.661417 0.716535 -0.220472 
vn -0.645669 -0.251969 0.724409 
vn -0.732283 0.0787402 0.677165 
vn -0.677165 -0.377953 0.629921 
vn -0.992126 -0.0551181 0.125984 
vn -0.700787 -0.275591 0.653543 
vn -0.984252 -0.181102 -0.0314961 
vn -0.677165 -0.330709 0.653543 
vn -0.653543 -0.291339 0.700787 
vn -0.96063 -0.259843 0.0708661 
vn -0.795276 -0.165354 0.582677 
vn -0.976378 -0.220472 0.0393701 
vn -0.811024 -0.102362 0.574803 
vn -0.976378 -0.141732 -0.173228 
vn -0.850394 -0.0708661 0.519685 
vn -0.944882 -0.0708661 -0.322835 
vn -0.937008 0.11811 -0.330709 
vn -0.80315 0.0944882 0.590551 
vn -0.716535 0.393701 0.574803 
vn -0.858268 0.425197 -0.291339 
vn -0.543307 0.677165 0.488189 
vn -0.661417 0.716535 -0.220472 
vn 0.716535 -0.622047 0.322835 
vn 0.724409 -0.645669 -0.23622 
vn 0.322835 -0.84252 -0.440945 
vn 0.614173 -0.496063 0.614173 
vn 0.330709 -0.897638 -0.291339 
vn 0.582677 -0.472441 0.661417 
vn 0.259843 -0.92126 -0.283465 
vn 0.724409 -0.566929 0.393701 
vn 0.149606 -0.944882 -0.291339 
vn 0.771654 -0.440945 0.456693 
vn -0.0708661 -0.984252 -0.149606 
vn 0.84252 -0.377953 0.377953 
vn -0.716535 -0.622047 0.322835 
vn -0.322835 -0.84252 -0.440945 
vn -0.724409 -0.645669 -0.23622 
vn -0.614173 -0.496063 0.614173 
vn -0.330709 -0.897638 -0.291339 
vn -0.582677 -0.472441 0.661417 
vn -0.259843 -0.92126 -0.283465 
vn -0.724409 -0.566929 0.393701 
vn -0.149606 -0.944882 -0.291339 
vn -0.771654 -0.440945 0.456693 
vn 0.0708661 -0.984252 -0.149606 
vn -0.84252 -0.377953 0.377953 
vn 0.661417 0.716535 -0.220472 
vn 0.125984 0.645669 -0.755906 
vn 0.023622 1 0.0472441 
vn -0.566929 0.559055 -0.606299 
vn 0.543307 0.677165 0.488189 
vn -0.787402 0.574803 0.212598 
vn -0.173228 0.614173 0.771654 
vn -0.661417 0.716535 -0.220472 
vn -0.023622 1 0.0472441 
vn -0.125984 0.645669 -0.755906 
vn 0.566929 0.559055 -0.606299 
vn -0.543307 0.677165 0.488189 
vn 0.787402 0.574803 0.212598 
vn 0.173228 0.614173 0.771654 
vn 0.574803 0.748031 0.322835 
vn 0.543307 -0.0314961 0.834646 
vn -0.0629921 0.314961 0.944882 
vn -0.574803 0.748031 0.322835 
vn 0.0629921 0.314961 0.944882 
vn -0.543307 -0.0314961 0.834646 
vn 0.913386 0.401575 0.0866142 
vn -0.110236 0.724409 -0.677165 
vn 0.433071 0.496063 -0.755906 
vn 0.574803 0.748031 0.322835 
vn 0.503937 0.409449 -0.76378 
vn 0.952756 0.299213 0 
vn 0.472441 0.519685 -0.708661 
vn 0.913386 0.393701 0.0787402 
vn 0.330709 0.76378 -0.551181 
vn 0.724409 0.669291 0.173228 
vn 0.11811 0.929134 -0.346457 
vn 0.433071 0.866142 0.251969 
vn -0.913386 0.401575 0.0866142 
vn 0.110236 0.724409 -0.677165 
vn -0.574803 0.748031 0.322835 
vn -0.433071 0.496063 -0.755906 
vn -0.503937 0.409449 -0.76378 
vn -0.952756 0.299213 0 
vn -0.472441 0.519685 -0.708661 
vn -0.913386 0.393701 0.0787402 
vn -0.330709 0.76378 -0.551181 
vn -0.724409 0.669291 0.173228 
vn -0.11811 0.929134 -0.346457 
vn -0.433071 0.866142 0.251969 
vn 0.606299 0.188976 0.771654 
vn 0.0314961 0.708661 0.700787 
vn 0.244094 0.0551181 0.968504 
vn 0.700787 0.503937 0.503937 
vn 0.787402 0.456693 0.401575 
vn 0.677165 -0.00787402 0.732283 
vn 0.23622 -0.133858 0.96063 
vn 0.826772 0.165354 0.535433 
vn 0.480315 -0.283465 0.826772 
vn 0.76378 -0.283465 0.574803 
vn 0.937008 -0.291339 0.188976 
vn 0.653543 -0.559055 0.511811 
vn 0.992126 -0.0393701 0.102362 
vn 0.732283 0.393701 0.551181 
vn 0.787402 -0.559055 0.267717 
vn 0.393701 -0.574803 0.716535 
vn 0.330709 -0.133858 0.937008 
vn 0.984252 0.181102 0.0314961 
vn 0.787402 0.511811 0.338583 
vn 0.677165 0.669291 -0.291339 
vn 0.889764 0.149606 -0.425197 
vn 0.866142 -0.110236 -0.480315 
vn 0.92126 -0.23622 -0.307087 
vn 0.913386 -0.393701 -0.110236 
vn 0.787402 -0.472441 -0.393701 
vn 0.858268 0.15748 -0.488189 
vn 0.787402 -0.606299 -0.102362 
vn 0.614173 -0.787402 0.0551181 
vn 0.456693 -0.826772 -0.338583 
vn 0.314961 -0.787402 -0.535433 
vn 0.740157 -0.370079 -0.559055 
vn 0.795276 0.0708661 -0.598425 
vn 0.346457 -0.637795 -0.685039 
vn 0.220472 -0.0551181 -0.976378 
vn 0.291339 -0.952756 -0.0629921 
vn 0.307087 -0.76378 -0.574803 
vn 0.338583 -0.905512 0.259843 
vn -0.0314961 -0.834646 0.543307 
vn 0.125984 -0.992126 0.0551181 
vn -0.125984 -0.944882 0.291339 
vn -0.0472441 -0.913386 0.401575 
vn 0.110236 -0.984252 -0.141732 
vn 0.15748 -0.80315 -0.574803 
vn -0.23622 -0.96063 0.15748 
vn -0.519685 -0.740157 -0.425197 
vn 0.181102 -0.566929 0.80315 
vn -0.181102 -0.834646 0.527559 
vn -0.480315 -0.322835 0.818898 
vn 0.149606 -0.15748 0.976378 
vn -0.606299 0.188976 0.771654 
vn -0.244094 0.0551181 0.968504 
vn -0.0314961 0.708661 0.700787 
vn -0.700787 0.503937 0.503937 
vn -0.795276 0.456693 0.401575 
vn -0.677165 -0.00787402 0.732283 
vn -0.23622 -0.133858 0.96063 
vn -0.826772 0.165354 0.535433 
vn -0.480315 -0.283465 0.826772 
vn -0.76378 -0.283465 0.574803 
vn -0.937008 -0.291339 0.188976 
vn -0.653543 -0.559055 0.511811 
vn -0.992126 -0.0393701 0.102362 
vn -0.732283 0.393701 0.551181 
vn -0.787402 -0.559055 0.267717 
vn -0.393701 -0.574803 0.716535 
vn -0.330709 -0.133858 0.937008 
vn -0.984252 0.181102 0.0314961 
vn -0.787402 0.511811 0.338583 
vn -0.677165 0.669291 -0.291339 
vn -0.889764 0.149606 -0.425197 
vn -0.866142 -0.110236 -0.480315 
vn -0.92126 -0.23622 -0.307087 
vn -0.913386 -0.393701 -0.110236 
vn -0.787402 -0.472441 -0.393701 
vn -0.858268 0.15748 -0.488189 
vn -0.787402 -0.606299 -0.102362 
vn -0.614173 -0.787402 0.0551181 
vn -0.456693 -0.826772 -0.338583 
vn -0.314961 -0.787402 -0.535433 
vn -0.291339 -0.952756 -0.0629921 
vn -0.740157 -0.370079 -0.559055 
vn -0.346457 -0.637795 -0.685039 
vn -0.795276 0.0708661 -0.598425 
vn -0.220472 -0.0551181 -0.976378 
vn -0.307087 -0.76378 -0.574803 
vn -0.338583 -0.905512 0.259843 
vn 0.0314961 -0.834646 0.543307 
vn -0.125984 -0.992126 0.0551181 
vn 0.125984 -0.944882 0.291339 
vn 0.0472441 -0.913386 0.401575 
vn -0.110236 -0.984252 -0.141732 
vn 0.23622 -0.96063 0.15748 
vn -0.15748 -0.80315 -0.574803 
vn 0.519685 -0.740157 -0.425197 
vn -0.181102 -0.566929 0.80315 
vn 0.181102 -0.834646 0.527559 
vn 0.480315 -0.322835 0.818898 
vn -0.149606 -0.15748 0.976378 
vn 0.811024 -0.480315 -0.322835 
vn 0.590551 -0.362205 0.724409 
vn 0.590551 -0.370079 0.716535 
vn 0.80315 -0.488189 -0.330709 
vn 0.724409 -0.645669 -0.23622 
vn 0.551181 -0.433071 0.716535 
vn 0.692913 -0.488189 0.527559 
vn 0.716535 -0.622047 0.322835 
vn 0.984252 -0.0314961 0.173228 
vn 0.771654 -0.377953 0.519685 
vn 0.929134 -0.11811 -0.354331 
vn 0.755906 -0.362205 0.551181 
vn 0.88189 -0.212598 -0.425197 
vn 0.724409 -0.393701 0.566929 
vn 0.80315 -0.401575 -0.440945 
vn 0.661417 -0.433071 0.614173 
vn 0.614173 -0.637795 -0.464567 
vn 0.574803 -0.417323 0.700787 
vn 0.614173 -0.748031 -0.251969 
vn 0.677165 -0.377953 0.629921 
vn 0.748031 -0.346457 0.566929 
vn 0.645669 -0.740157 -0.19685 
vn 0.913386 -0.267717 0.314961 
vn 0.700787 -0.622047 -0.354331 
vn 0.968504 0.0472441 0.251969 
vn 0.677165 -0.409449 -0.614173 
vn 0.527559 -0.149606 -0.834646 
vn 0.897638 0.314961 0.314961 
vn 0.874016 0.165354 -0.464567 
vn -0.811024 -0.488189 -0.330709 
vn -0.590551 -0.370079 0.716535 
vn -0.811024 -0.480315 -0.322835 
vn -0.590551 -0.362205 0.724409 
vn -0.724409 -0.645669 -0.23622 
vn -0.551181 -0.433071 0.716535 
vn -0.692913 -0.488189 0.527559 
vn -0.716535 -0.622047 0.322835 
vn -0.984252 -0.0314961 0.173228 
vn -0.771654 -0.377953 0.519685 
vn -0.929134 -0.11811 -0.354331 
vn -0.755906 -0.362205 0.551181 
vn -0.88189 -0.212598 -0.425197 
vn -0.724409 -0.393701 0.566929 
vn -0.80315 -0.401575 -0.440945 
vn -0.661417 -0.433071 0.614173 
vn -0.614173 -0.637795 -0.464567 
vn -0.574803 -0.417323 0.700787 
vn -0.614173 -0.748031 -0.251969 
vn -0.677165 -0.377953 0.629921 
vn -0.748031 -0.346457 0.566929 
vn -0.645669 -0.740157 -0.19685 
vn -0.913386 -0.267717 0.314961 
vn -0.700787 -0.622047 -0.354331 
vn -0.968504 0.0472441 0.251969 
vn -0.677165 -0.409449 -0.614173 
vn -0.527559 -0.149606 -0.834646 
vn -0.897638 0.314961 0.314961 
vn -0.874016 0.165354 -0.464567 
vn 0.653543 -0.291339 0.700787 
vn 0.795276 -0.165354 0.582677 
vn 0.543307 -0.0314961 0.834646 
vn -0.0629921 0.314961 0.944882 
vn 0.811024 -0.102362 0.574803 
vn 0 0.015748 1 
vn 0.850394 -0.0708661 0.519685 
vn -0.023622 -0.0787402 1 
vn 0.80315 0.0944882 0.590551 
vn -0.0787402 0.00787402 1 
vn 0.716535 0.393701 0.574803 
vn -0.141732 0.299213 0.944882 
vn 0.543307 0.677165 0.488189 
vn -0.173228 0.614173 0.771654 
vn -0.653543 -0.291339 0.700787 
vn -0.543307 -0.0314961 0.834646 
vn -0.795276 -0.165354 0.582677 
vn 0.0629921 0.314961 0.944882 
vn -0.811024 -0.102362 0.574803 
vn 0 0.015748 1 
vn -0.850394 -0.0708661 0.519685 
vn 0.023622 -0.0787402 1 
vn -0.80315 0.0944882 0.590551 
vn 0.0787402 0.00787402 1 
vn -0.716535 0.393701 0.574803 
vn 0.133858 0.299213 0.944882 
vn -0.543307 0.677165 0.488189 
vn 0.173228 0.614173 0.771654 
vn 0.00787402 -0.692913 -0.724409 
vn -0.818898 -0.519685 -0.244094 
vn -0.637795 0.0551181 -0.76378 
vn -0.23622 -0.952756 0.188976 
vn 0.133858 0.204724 -0.968504 
vn 0.590551 -0.80315 0.0708661 
vn 0.818898 -0.19685 -0.543307 
vn -0.00787402 -0.692913 -0.724409 
vn 0.637795 0.0551181 -0.76378 
vn 0.818898 -0.519685 -0.244094 
vn -0.141732 0.204724 -0.968504 
vn 0.23622 -0.952756 0.188976 
vn -0.818898 -0.19685 -0.543307 
vn -0.582677 -0.811024 0.0708661 
vn -0.23622 -0.480315 -0.84252 
vn -0.488189 0.362205 -0.795276 
vn 0.559055 0.228346 -0.795276 
vn 0.0944882 0.937008 -0.346457 
vn 0.566929 -0.732283 -0.385827 
vn 0.779528 0.629921 0.0393701 
vn 0.984252 -0.15748 0.0314961 
vn 0.23622 -0.480315 -0.84252 
vn -0.559055 0.228346 -0.795276 
vn 0.488189 0.362205 -0.795276 
vn -0.0944882 0.937008 -0.346457 
vn -0.566929 -0.732283 -0.385827 
vn -0.779528 0.629921 0.0393701 
vn -0.984252 -0.15748 0.0314961 
vn 0.732283 0.0787402 0.677165 
vn 0.677165 -0.377953 0.629921 
vn 0.748031 -0.346457 0.566929 
vn 0.385827 0.165354 0.905512 
vn 0.779528 -0.212598 0.582677 
vn 0.913386 -0.15748 0.362205 
vn 0.23622 0.251969 0.937008 
vn 0.944882 0.00787402 0.322835 
vn 0.11811 0.141732 0.984252 
vn 0.968504 -0.0472441 0.228346 
vn 0.133858 -0.0708661 0.992126 
vn 0.96063 -0.0551181 0.275591 
vn 0.133858 -0.0944882 0.984252 
vn 0.0866142 0.165354 0.984252 
vn 0.92126 0.220472 0.322835 
vn 0.724409 0.606299 0.330709 
vn 0.00787402 0.535433 0.84252 
vn -0.732283 0.0787402 0.677165 
vn -0.748031 -0.346457 0.566929 
vn -0.677165 -0.377953 0.629921 
vn -0.385827 0.165354 0.905512 
vn -0.779528 -0.212598 0.582677 
vn -0.913386 -0.15748 0.362205 
vn -0.23622 0.251969 0.937008 
vn -0.944882 0.00787402 0.322835 
vn -0.11811 0.141732 0.984252 
vn -0.968504 -0.0472441 0.228346 
vn -0.133858 -0.0708661 0.992126 
vn -0.96063 -0.0551181 0.275591 
vn -0.133858 -0.0944882 0.984252 
vn -0.0866142 0.165354 0.984252 
vn -0.92126 0.220472 0.322835 
vn -0.724409 0.606299 0.330709 
vn -0.00787402 0.535433 0.84252 
vn 0.748031 -0.456693 -0.480315 
vn -0.19685 -0.425197 -0.88189 
vn 0.811024 -0.393701 -0.425197 
vn -0.133858 -0.511811 -0.850394 
vn -0.275591 -0.322835 -0.905512 
vn 0.858268 -0.362205 -0.370079 
vn 0.661417 -0.661417 -0.354331 
vn -0.0866142 -0.291339 -0.952756 
vn -0.385827 -0.314961 -0.866142 
vn 0.889764 -0.330709 0.322835 
vn -0.559055 0.244094 -0.795276 
vn 0.889764 -0.102362 -0.448819 
vn 0.740157 0.322835 -0.590551 
vn -0.0708661 0.149606 -0.984252 
vn 0.19685 -0.425197 -0.88189 
vn 0.275591 -0.322835 -0.905512 
vn -0.748031 -0.456693 -0.480315 
vn -0.661417 -0.661417 -0.354331 
vn -0.811024 -0.393701 -0.425197 
vn 0.385827 -0.314961 -0.866142 
vn -0.88189 -0.330709 0.322835 
vn 0.559055 0.244094 -0.795276 
vn 0.133858 -0.511811 -0.850394 
vn -0.858268 -0.362205 -0.370079 
vn 0.0866142 -0.291339 -0.952756 
vn -0.889764 -0.102362 -0.448819 
vn -0.740157 0.322835 -0.590551 
vn 0.0708661 0.149606 -0.984252 
vn 0.582677 -0.472441 0.661417 
vn 0.724409 -0.566929 0.393701 
vn 0.818898 -0.401575 0.401575 
vn 0.889764 -0.330709 0.322835 
vn 0.771654 -0.440945 0.456693 
vn 0.811024 -0.141732 0.566929 
vn 0.685039 0.354331 0.637795 
vn 0.84252 -0.377953 0.377953 
vn 0.866142 -0.188976 0.464567 
vn 0.700787 0.448819 0.559055 
vn 0.937008 -0.330709 -0.125984 
vn 0.937008 -0.228346 0.275591 
vn 0.716535 0.614173 0.330709 
vn 0.779528 0.629921 0.0393701 
vn 0.433071 -0.858268 -0.275591 
vn 0.984252 -0.15748 0.0314961 
vn 0.566929 -0.732283 -0.385827 
vn -0.582677 -0.472441 0.661417 
vn -0.818898 -0.401575 0.401575 
vn -0.724409 -0.566929 0.393701 
vn -0.88189 -0.330709 0.322835 
vn -0.771654 -0.440945 0.456693 
vn -0.811024 -0.141732 0.566929 
vn -0.84252 -0.377953 0.377953 
vn -0.685039 0.354331 0.637795 
vn -0.866142 -0.188976 0.464567 
vn -0.937008 -0.330709 -0.125984 
vn -0.700787 0.448819 0.559055 
vn -0.937008 -0.228346 0.275591 
vn -0.716535 0.614173 0.330709 
vn -0.779528 0.629921 0.0393701 
vn -0.433071 -0.858268 -0.275591 
vn -0.984252 -0.15748 0.0314961 
vn -0.566929 -0.732283 -0.385827 
vn -0.377953 -0.582677 -0.716535 
vn 0.937008 -0.330709 -0.125984 
vn -0.401575 0.15748 -0.897638 
vn 0.433071 -0.858268 -0.275591 
vn -0.23622 -0.480315 -0.84252 
vn 0.566929 -0.732283 -0.385827 
vn 0.377953 -0.582677 -0.716535 
vn -0.937008 -0.330709 -0.125984 
vn -0.433071 -0.858268 -0.275591 
vn 0.401575 0.15748 -0.897638 
vn 0.23622 -0.480315 -0.84252 
vn -0.566929 -0.732283 -0.385827 
vn 0.637795 -0.543307 0.543307 
vn 0.76378 -0.629921 -0.149606 
vn 0.874016 -0.133858 0.464567 
vn 0.401575 -0.0472441 0.913386 
vn 0.574803 -0.275591 0.771654 
vn 0.771654 -0.606299 0.19685 
vn 0.511811 -0.314961 0.80315 
vn 0.685039 -0.488189 0.543307 
vn 0.724409 -0.661417 0.181102 
vn 0.283465 -0.370079 0.88189 
vn 0.574803 -0.811024 0.0787402 
vn 0.425197 -0.724409 0.535433 
vn -0.637795 -0.543307 0.543307 
vn -0.874016 -0.133858 0.464567 
vn -0.76378 -0.629921 -0.149606 
vn -0.401575 -0.0472441 0.913386 
vn -0.574803 -0.275591 0.771654 
vn -0.771654 -0.606299 0.19685 
vn -0.511811 -0.314961 0.80315 
vn -0.685039 -0.488189 0.543307 
vn -0.724409 -0.661417 0.181102 
vn -0.283465 -0.370079 0.88189 
vn -0.574803 -0.811024 0.0787402 
vn -0.425197 -0.724409 0.535433 
vn 0.992126 -0.0551181 0.125984 
vn -0.267717 0.937008 -0.228346 
vn 0.220472 0.425197 -0.88189 
vn 0.732283 0.0787402 0.677165 
vn 0.984252 -0.181102 -0.0314961 
vn 0.19685 0.19685 -0.96063 
vn 0.96063 -0.259843 0.0708661 
vn 0.188976 0.0866142 -0.976378 
vn 0.976378 -0.220472 0.0393701 
vn 0.251969 -0.015748 -0.968504 
vn 0.976378 -0.141732 -0.173228 
vn 0.307087 -0.0551181 -0.952756 
vn 0.944882 -0.0708661 -0.322835 
vn 0.299213 -0.0629921 -0.952756 
vn 0.937008 0.11811 -0.330709 
vn 0.283465 0.023622 -0.96063 
vn 0.858268 0.425197 -0.291339 
vn 0.23622 0.314961 -0.92126 
vn 0.661417 0.716535 -0.220472 
vn 0.125984 0.645669 -0.755906 
vn 0.267717 0.937008 -0.228346 
vn -0.992126 -0.0551181 0.125984 
vn -0.220472 0.425197 -0.88189 
vn -0.732283 0.0787402 0.677165 
vn -0.984252 -0.181102 -0.0314961 
vn -0.19685 0.19685 -0.96063 
vn -0.96063 -0.259843 0.0708661 
vn -0.188976 0.0866142 -0.976378 
vn -0.976378 -0.220472 0.0393701 
vn -0.251969 -0.015748 -0.968504 
vn -0.976378 -0.141732 -0.173228 
vn -0.307087 -0.0551181 -0.952756 
vn -0.944882 -0.0708661 -0.322835 
vn -0.299213 -0.0629921 -0.952756 
vn -0.937008 0.11811 -0.330709 
vn -0.283465 0.023622 -0.96063 
vn -0.858268 0.425197 -0.291339 
vn -0.23622 0.314961 -0.92126 
vn -0.661417 0.716535 -0.220472 
vn -0.125984 0.645669 -0.755906 
vn 0.937008 0.299213 0.181102 
vn 0.456693 0.732283 0.503937 
vn 0.787402 0.00787402 0.622047 
vn 0.338583 0.181102 0.92126 
vn 0.992126 0.141732 0.0393701 
vn 0.244094 -0.0472441 0.968504 
vn 0.76378 -0.204724 0.614173 
vn 0.929134 -0.149606 0.346457 
vn 0.488189 -0.275591 0.826772 
vn 0.677165 -0.511811 0.535433 
vn 0.740157 -0.637795 0.212598 
vn 0.354331 -0.732283 0.582677 
vn 0.181102 -0.606299 0.779528 
vn 0.464567 -0.826772 0.314961 
vn 0.472441 -0.015748 0.88189 
vn 0.889764 -0.456693 -0.00787402 
vn 0.92126 0.133858 0.362205 
vn 0.944882 -0.299213 -0.149606 
vn 0.976378 0.19685 0.11811 
vn 0.771654 0.385827 -0.511811 
vn 0.716535 -0.322835 -0.622047 
vn 0.543307 -0.582677 -0.606299 
vn 0.622047 -0.653543 -0.433071 
vn 0.582677 -0.811024 -0.0472441 
vn -0.937008 0.299213 0.181102 
vn -0.787402 0.00787402 0.622047 
vn -0.456693 0.732283 0.503937 
vn -0.338583 0.181102 0.92126 
vn -0.992126 0.141732 0.0393701 
vn -0.244094 -0.0472441 0.968504 
vn -0.76378 -0.204724 0.614173 
vn -0.929134 -0.149606 0.346457 
vn -0.488189 -0.275591 0.834646 
vn -0.677165 -0.511811 0.535433 
vn -0.354331 -0.732283 0.582677 
vn -0.181102 -0.606299 0.779528 
vn -0.472441 -0.015748 0.88189 
vn -0.464567 -0.826772 0.314961 
vn -0.740157 -0.637795 0.212598 
vn -0.889764 -0.456693 -0.00787402 
vn -0.92126 0.133858 0.362205 
vn -0.944882 -0.299213 -0.149606 
vn -0.976378 0.19685 0.11811 
vn -0.771654 0.385827 -0.511811 
vn -0.716535 -0.322835 -0.622047 
vn -0.543307 -0.582677 -0.606299 
vn -0.622047 -0.653543 -0.433071 
vn -0.582677 -0.811024 -0.0472441 
vn 0.834646 0.228346 0.503937 
vn 0.716535 -0.23622 0.653543 
vn 0.976378 -0.15748 0.141732 
vn 0.629921 -0.677165 0.377953 
vn 0.574803 -0.677165 0.464567 
vn 0.779528 -0.228346 0.574803 
vn 0.795276 0.220472 0.566929 
vn 0.362205 -0.708661 0.598425 
vn 0.606299 0.322835 0.724409 
vn 0.511811 -0.173228 0.84252 
vn -0.834646 0.228346 0.503937 
vn -0.976378 -0.15748 0.141732 
vn -0.716535 -0.23622 0.653543 
vn -0.629921 -0.677165 0.377953 
vn -0.574803 -0.677165 0.464567 
vn -0.779528 -0.228346 0.582677 
vn -0.795276 0.220472 0.566929 
vn -0.362205 -0.708661 0.598425 
vn -0.606299 0.322835 0.724409 
vn -0.511811 -0.173228 0.84252 
vn 0.19685 -0.787402 0.590551 
vn 0.598425 -0.795276 0.0866142 
vn 0.755906 -0.551181 0.354331 
vn 0.952756 -0.23622 -0.188976 
vn 0.897638 -0.433071 0.0393701 
vn 0.472441 -0.740157 0.480315 
vn 0.929134 -0.370079 0.0708661 
vn 0.732283 -0.606299 0.307087 
vn 0.472441 -0.692913 0.543307 
vn 0.992126 -0.0551181 0.102362 
vn 0.377953 -0.527559 0.76378 
vn 0.795276 -0.220472 0.559055 
vn -0.19685 -0.787402 0.590551 
vn -0.755906 -0.551181 0.354331 
vn -0.598425 -0.795276 0.0866142 
vn -0.952756 -0.23622 -0.188976 
vn -0.897638 -0.433071 0.0393701 
vn -0.472441 -0.740157 0.480315 
vn -0.929134 -0.370079 0.0708661 
vn -0.732283 -0.606299 0.307087 
vn -0.472441 -0.692913 0.543307 
vn -0.992126 -0.0551181 0.102362 
vn -0.377953 -0.527559 0.76378 
vn -0.795276 -0.220472 0.559055 
vn -0.598425 -0.795276 -0.0551181 
vn -0.598425 -0.795276 -0.0551181 
vn -0.598425 -0.795276 -0.0551181 
vn -0.598425 -0.795276 -0.0551181 
vn -0.614173 -0.787402 -0.0472441 
vn 0.598425 -0.795276 -0.0551181 
vn 0.598425 -0.795276 -0.0551181 
vn 0.598425 -0.795276 -0.0551181 
vn 0.598425 -0.795276 -0.0551181 
vn 0.614173 -0.787402 -0.0472441 
vn -0.0708661 -0.984252 -0.149606 
vn 0.716535 -0.543307 0.433071 
vn 0.84252 -0.377953 0.377953 
vn -0.393701 -0.787402 0.472441 
vn -0.267717 -0.795276 0.543307 
vn 0.685039 -0.598425 0.417323 
vn -0.23622 -0.952756 0.188976 
vn 0.590551 -0.80315 0.0708661 
vn 0.0314961 0.629921 -0.779528 
vn 0.937008 -0.330709 -0.125984 
vn 0.96063 0.110236 -0.267717 
vn -0.401575 0.15748 -0.897638 
vn 0.125984 0.590551 -0.80315 
vn 0.944882 0.102362 -0.314961 
vn 0.133858 0.204724 -0.968504 
vn 0.818898 -0.19685 -0.543307 
vn 0.0708661 -0.984252 -0.149606 
vn -0.84252 -0.377953 0.377953 
vn -0.716535 -0.543307 0.433071 
vn 0.393701 -0.787402 0.472441 
vn 0.267717 -0.795276 0.543307 
vn -0.685039 -0.598425 0.417323 
vn 0.23622 -0.952756 0.188976 
vn -0.582677 -0.811024 0.0708661 
vn -0.0314961 0.629921 -0.779528 
vn -0.937008 -0.330709 -0.125984 
vn 0.401575 0.15748 -0.897638 
vn -0.96063 0.110236 -0.267717 
vn -0.125984 0.590551 -0.80315 
vn -0.944882 0.102362 -0.314961 
vn -0.141732 0.204724 -0.968504 
vn -0.818898 -0.19685 -0.543307 
vn -0.204724 -0.220472 -0.952756 
vn 0.724409 -0.645669 -0.23622 
vn 0 -0.015748 -1 
vn 0.322835 -0.84252 -0.440945 
vn -0.275591 -0.23622 -0.929134 
vn 0.330709 -0.897638 -0.291339 
vn -0.370079 -0.291339 -0.88189 
vn 0.259843 -0.92126 -0.283465 
vn -0.519685 -0.291339 -0.80315 
vn 0.149606 -0.944882 -0.291339 
vn -0.732283 -0.314961 -0.606299 
vn -0.0708661 -0.984252 -0.149606 
vn 0.204724 -0.220472 -0.952756 
vn -0.724409 -0.645669 -0.23622 
vn -0.322835 -0.84252 -0.440945 
vn 0 -0.015748 -1 
vn 0.275591 -0.23622 -0.929134 
vn -0.330709 -0.897638 -0.291339 
vn 0.370079 -0.291339 -0.88189 
vn -0.259843 -0.92126 -0.283465 
vn 0.519685 -0.291339 -0.80315 
vn -0.149606 -0.944882 -0.291339 
vn 0.732283 -0.314961 -0.606299 
vn 0.0708661 -0.984252 -0.149606 
vn 0.866142 0.023622 -0.496063 
vn -0.0314961 0.330709 -0.944882 
vn 0.826772 0.346457 -0.433071 
vn 0.0708661 0.582677 -0.811024 
vn 0.826772 -0.267717 -0.488189 
vn -0.0787402 0.125984 -0.992126 
vn 0.850394 -0.267717 -0.448819 
vn -0.0472441 0.204724 -0.976378 
vn -0.283465 0.724409 -0.629921 
vn 0.976378 0.0629921 0.204724 
vn 0.0314961 0.330709 -0.944882 
vn -0.826772 0.346457 -0.433071 
vn -0.0708661 0.582677 -0.811024 
vn -0.866142 0.023622 -0.496063 
vn -0.826772 -0.267717 -0.488189 
vn 0.0787402 0.125984 -0.992126 
vn -0.850394 -0.267717 -0.448819 
vn 0.0472441 0.204724 -0.976378 
vn 0.283465 0.724409 -0.629921 
vn -0.976378 0.0629921 0.204724 
vn 0.724409 0.606299 0.330709 
vn 0.637795 0.590551 -0.496063 
vn -0.125984 0.992126 0.0314961 
vn -0.11811 0.598425 -0.795276 
vn 0.00787402 0.535433 0.84252 
vn -0.787402 0.551181 -0.283465 
vn -0.692913 0.488189 0.527559 
vn -0.724409 0.606299 0.330709 
vn 0.11811 0.992126 0.0314961 
vn -0.637795 0.590551 -0.496063 
vn 0.11811 0.598425 -0.795276 
vn -0.00787402 0.535433 0.84252 
vn 0.787402 0.551181 -0.283465 
vn 0.692913 0.488189 0.527559 
vn 0.448819 0.228346 0.858268 
vn 0.574803 -0.275591 0.771654 
vn 0.88189 0.314961 0.354331 
vn 0.787402 0.023622 0.622047 
vn -0.102362 -0.401575 0.913386 
vn 0.818898 -0.0314961 0.566929 
vn 0.19685 -0.346457 0.913386 
vn 0.551181 -0.212598 0.811024 
vn 0.913386 -0.141732 0.377953 
vn 0.19685 -0.425197 0.88189 
vn 0.637795 -0.480315 0.606299 
vn 0.165354 -0.645669 0.748031 
vn -0.448819 0.228346 0.858268 
vn -0.88189 0.314961 0.354331 
vn -0.574803 -0.275591 0.771654 
vn -0.787402 0.023622 0.622047 
vn 0.102362 -0.401575 0.913386 
vn -0.818898 -0.0314961 0.566929 
vn -0.19685 -0.346457 0.913386 
vn -0.551181 -0.212598 0.811024 
vn -0.913386 -0.141732 0.377953 
vn -0.19685 -0.425197 0.88189 
vn -0.637795 -0.480315 0.606299 
vn -0.165354 -0.645669 0.748031 
vn 0.496063 -0.543307 0.677165 
vn 0.0787402 -0.401575 0.913386 
vn 0.15748 -0.858268 0.488189 
vn 0.149606 -0.393701 0.905512 
vn 0.645669 -0.732283 0.228346 
vn 0.448819 -0.598425 0.661417 
vn 0.165354 -0.0393701 0.984252 
vn 0.669291 -0.677165 0.291339 
vn 0.708661 -0.0944882 0.692913 
vn 0.88189 -0.440945 0.173228 
vn -0.496063 -0.543307 0.677165 
vn -0.15748 -0.858268 0.488189 
vn -0.0787402 -0.401575 0.913386 
vn -0.645669 -0.732283 0.228346 
vn -0.149606 -0.393701 0.905512 
vn -0.448819 -0.598425 0.661417 
vn -0.669291 -0.677165 0.291339 
vn -0.165354 -0.0393701 0.984252 
vn -0.88189 -0.440945 0.173228 
vn -0.708661 -0.0944882 0.692913 
vn 0.15748 0.496063 0.850394 
vn 0.433071 0.866142 0.251969 
vn -0.338583 0.889764 0.299213 
vn 0.11811 0.929134 -0.346457 
vn -0.519685 0.133858 0.84252 
vn -0.590551 0.669291 -0.456693 
vn -0.96063 0.220472 0.165354 
vn -0.15748 0.496063 0.850394 
vn 0.338583 0.897638 0.299213 
vn -0.433071 0.866142 0.251969 
vn -0.11811 0.929134 -0.346457 
vn 0.519685 0.133858 0.84252 
vn 0.590551 0.669291 -0.456693 
vn 0.96063 0.220472 0.165354 
vn -0.181102 -0.968504 -0.15748 
vn -0.181102 -0.661417 -0.724409 
vn 0.267717 -0.92126 -0.283465 
vn 0.464567 -0.645669 -0.606299 
vn -0.15748 -0.984252 0.015748 
vn 0.590551 -0.590551 -0.551181 
vn 0.393701 -0.913386 -0.133858 
vn -0.188976 -0.937008 0.283465 
vn 0.677165 -0.700787 -0.212598 
vn 0.314961 -0.905512 0.283465 
vn 0.606299 -0.771654 0.188976 
vn 0.818898 -0.543307 0.188976 
vn 0.425197 -0.622047 0.661417 
vn 0.937008 -0.346457 -0.0708661 
vn 0.606299 -0.653543 -0.456693 
vn 0.622047 -0.606299 0.503937 
vn 0.0787402 -0.716535 0.692913 
vn 0.204724 -0.976378 0.0472441 
vn -0.0629921 -0.976378 0.204724 
vn 0.952756 -0.188976 -0.23622 
vn 0.661417 -0.448819 -0.606299 
vn 0.622047 0.212598 -0.755906 
vn 0.937008 0.330709 -0.133858 
vn 0.929134 0.370079 0.0551181 
vn 0.976378 -0.15748 0.125984 
vn 0.76378 -0.346457 0.543307 
vn 0.850394 -0.023622 0.527559 
vn 1 0.015748 -0.0314961 
vn 0.433071 -0.385827 0.811024 
vn 0.527559 0.023622 0.850394 
vn 0.377953 0.251969 0.889764 
vn 0.84252 0.188976 0.496063 
vn 0.96063 0.267717 -0.015748 
vn 0.464567 0.440945 0.771654 
vn 0.559055 0.811024 0.181102 
vn 0.259843 -0.110236 0.96063 
vn 0.511811 0.464567 0.724409 
vn 0.0472441 -0.385827 0.92126 
vn -0.267717 -0.330709 0.905512 
vn -0.149606 -0.299213 0.944882 
vn 0.15748 0.0314961 0.984252 
vn 0.322835 0.480315 0.811024 
vn -0.291339 -0.125984 0.944882 
vn -0.362205 0.598425 0.716535 
vn -0.11811 -0.748031 0.645669 
vn -0.291339 -0.370079 0.88189 
vn -0.220472 -0.944882 0.244094 
vn -0.755906 -0.527559 0.385827 
vn 0.181102 -0.968504 -0.15748 
vn -0.267717 -0.92126 -0.283465 
vn 0.181102 -0.661417 -0.724409 
vn -0.464567 -0.645669 -0.606299 
vn 0.15748 -0.984252 0.015748 
vn -0.590551 -0.590551 -0.551181 
vn -0.393701 -0.913386 -0.133858 
vn 0.188976 -0.937008 0.283465 
vn -0.677165 -0.700787 -0.212598 
vn -0.314961 -0.905512 0.283465 
vn -0.606299 -0.771654 0.188976 
vn -0.818898 -0.543307 0.188976 
vn -0.425197 -0.622047 0.661417 
vn -0.937008 -0.346457 -0.0708661 
vn -0.606299 -0.653543 -0.456693 
vn -0.622047 -0.606299 0.503937 
vn -0.0787402 -0.716535 0.692913 
vn -0.204724 -0.976378 0.0472441 
vn 0.0629921 -0.976378 0.204724 
vn -0.952756 -0.188976 -0.23622 
vn -0.661417 -0.440945 -0.606299 
vn -0.622047 0.212598 -0.755906 
vn -0.937008 0.330709 -0.133858 
vn -0.929134 0.362205 0.0551181 
vn -0.976378 -0.15748 0.125984 
vn -0.76378 -0.346457 0.543307 
vn -0.850394 -0.023622 0.527559 
vn -1 0.015748 -0.0314961 
vn -0.433071 -0.385827 0.811024 
vn -0.527559 0.023622 0.850394 
vn -0.377953 0.251969 0.889764 
vn -0.84252 0.188976 0.496063 
vn -0.96063 0.267717 -0.015748 
vn -0.464567 0.440945 0.771654 
vn -0.559055 0.811024 0.181102 
vn -0.259843 -0.110236 0.96063 
vn -0.511811 0.464567 0.724409 
vn -0.0472441 -0.385827 0.92126 
vn 0.267717 -0.330709 0.905512 
vn 0.149606 -0.299213 0.944882 
vn -0.15748 0.0314961 0.984252 
vn 0.291339 -0.125984 0.944882 
vn -0.322835 0.480315 0.811024 
vn 0.362205 0.598425 0.716535 
vn 0.11811 -0.748031 0.645669 
vn 0.291339 -0.370079 0.88189 
vn 0.755906 -0.527559 0.385827 
vn 0.220472 -0.944882 0.244094 
vn 0.00787402 0.0393701 -1 
vn 0.811024 -0.480315 -0.322835 
vn 0.80315 -0.488189 -0.330709 
vn 0.0393701 0.0629921 -1 
vn 0.724409 -0.645669 -0.23622 
vn 0 -0.015748 -1 
vn -0.811024 -0.480315 -0.322835 
vn -0.00787402 0.0393701 -1 
vn -0.811024 -0.488189 -0.330709 
vn -0.0393701 0.0629921 -1 
vn -0.724409 -0.645669 -0.23622 
vn 0 -0.015748 -1 
vn 0.984252 -0.0314961 0.173228 
vn 0.716535 -0.622047 0.322835 
vn 0.614173 -0.496063 0.614173 
vn 0.362205 0.244094 0.897638 
vn 0.582677 -0.472441 0.661417 
vn 0.669291 -0.330709 0.669291 
vn 0.251969 0.125984 0.96063 
vn 0.76378 -0.354331 0.535433 
vn 0.141732 -0.015748 0.992126 
vn 0.850394 -0.283465 0.440945 
vn 0.0551181 -0.173228 0.984252 
vn 0.80315 -0.401575 0.440945 
vn 0.015748 -0.15748 0.984252 
vn 0.787402 -0.393701 0.472441 
vn 0.0314961 0.141732 0.992126 
vn 0.826772 -0.0787402 0.559055 
vn 0.818898 0.283465 0.503937 
vn 0.11811 0.464567 0.88189 
vn -0.984252 -0.0314961 0.173228 
vn -0.614173 -0.496063 0.614173 
vn -0.716535 -0.622047 0.322835 
vn -0.362205 0.244094 0.897638 
vn -0.582677 -0.472441 0.661417 
vn -0.669291 -0.330709 0.669291 
vn -0.251969 0.125984 0.96063 
vn -0.76378 -0.354331 0.535433 
vn -0.141732 -0.015748 0.992126 
vn -0.850394 -0.283465 0.440945 
vn -0.0551181 -0.173228 0.984252 
vn -0.80315 -0.401575 0.440945 
vn -0.015748 -0.15748 0.984252 
vn -0.787402 -0.393701 0.472441 
vn -0.0314961 0.141732 0.992126 
vn -0.826772 -0.0787402 0.559055 
vn -0.811024 0.283465 0.503937 
vn -0.11811 0.464567 0.88189 
vn 0.685039 -0.692913 0.212598 
vn 0.527559 -0.645669 0.551181 
vn -0.00787402 -0.968504 0.259843 
vn 0.913386 -0.125984 0.393701 
vn 0.275591 -0.874016 0.393701 
vn 0.787402 -0.409449 0.464567 
vn 0.566929 -0.661417 0.496063 
vn 0.244094 -0.858268 0.448819 
vn 0.76378 -0.370079 0.535433 
vn -0.0314961 -0.80315 0.590551 
vn 0.692913 -0.149606 0.708661 
vn 0.275591 -0.511811 0.811024 
vn -0.685039 -0.692913 0.212598 
vn 0.00787402 -0.968504 0.259843 
vn -0.527559 -0.645669 0.551181 
vn -0.913386 -0.125984 0.393701 
vn -0.275591 -0.874016 0.393701 
vn -0.787402 -0.409449 0.464567 
vn -0.566929 -0.661417 0.496063 
vn -0.244094 -0.858268 0.448819 
vn -0.76378 -0.370079 0.535433 
vn 0.0314961 -0.80315 0.590551 
vn -0.692913 -0.149606 0.708661 
vn -0.275591 -0.511811 0.811024 
vn -0.0314961 -0.0708661 1 
vn 0.645669 -0.251969 0.724409 
vn -0.212598 -0.291339 0.937008 
vn -0.267717 -0.283465 0.92126 
vn 0.700787 -0.275591 0.653543 
vn -0.370079 -0.307087 0.874016 
vn 0.677165 -0.330709 0.653543 
vn 0.653543 -0.291339 0.700787 
vn -0.314961 -0.322835 0.889764 
vn 0.401575 -0.11811 0.905512 
vn -0.314961 -0.377953 0.866142 
vn 0.598425 -0.0393701 0.80315 
vn -0.338583 -0.496063 0.795276 
vn 0.645669 -0.181102 0.740157 
vn -0.307087 -0.645669 0.700787 
vn 0.551181 -0.133858 0.818898 
vn -0.330709 -0.582677 0.740157 
vn 0.401575 0.204724 0.897638 
vn -0.456693 -0.275591 0.84252 
vn 0.15748 0.496063 0.850394 
vn -0.519685 0.133858 0.84252 
vn -0.645669 -0.251969 0.724409 
vn 0.0314961 -0.0708661 1 
vn 0.212598 -0.283465 0.937008 
vn 0.259843 -0.283465 0.92126 
vn -0.700787 -0.275591 0.653543 
vn 0.370079 -0.307087 0.874016 
vn -0.677165 -0.330709 0.653543 
vn -0.653543 -0.291339 0.700787 
vn 0.314961 -0.322835 0.889764 
vn -0.401575 -0.11811 0.905512 
vn 0.314961 -0.377953 0.866142 
vn -0.598425 -0.0393701 0.80315 
vn 0.338583 -0.496063 0.795276 
vn -0.645669 -0.181102 0.740157 
vn 0.307087 -0.645669 0.700787 
vn -0.551181 -0.133858 0.818898 
vn 0.330709 -0.582677 0.740157 
vn -0.401575 0.204724 0.897638 
vn 0.456693 -0.275591 0.84252 
vn -0.15748 0.496063 0.850394 
vn 0.519685 0.133858 0.84252 
vn 0.716535 -0.393701 0.574803 
vn 0.551181 -0.700787 0.448819 
vn 0.866142 -0.496063 -0.0708661 
vn 0.141732 -0.448819 0.88189 
vn 0.771654 -0.598425 0.204724 
vn 0.385827 -0.582677 0.708661 
vn 0.598425 -0.645669 0.480315 
vn 0.748031 -0.645669 0.141732 
vn 0.314961 -0.637795 0.700787 
vn 0.669291 -0.748031 -0.0472441 
vn 0.0708661 -0.732283 0.677165 
vn 0.338583 -0.866142 0.362205 
vn 0.574803 0.748031 0.322835 
vn -0.76378 0.574803 -0.299213 
vn -0.110236 0.724409 -0.677165 
vn -0.0629921 0.314961 0.944882 
vn -0.716535 -0.393701 0.574803 
vn -0.866142 -0.496063 -0.0708661 
vn -0.551181 -0.700787 0.448819 
vn -0.141732 -0.448819 0.88189 
vn -0.771654 -0.598425 0.204724 
vn -0.385827 -0.590551 0.708661 
vn -0.598425 -0.645669 0.480315 
vn -0.748031 -0.645669 0.141732 
vn -0.314961 -0.637795 0.700787 
vn -0.669291 -0.748031 -0.0472441 
vn -0.0708661 -0.732283 0.677165 
vn -0.338583 -0.866142 0.362205 
vn -0.574803 0.748031 0.322835 
vn 0.76378 0.574803 -0.299213 
vn 0.0629921 0.314961 0.944882 
vn 0.110236 0.724409 -0.677165 
vn 0.551181 -0.433071 0.716535 
vn 0.692913 -0.488189 0.527559 
vn -0.181102 0.0472441 0.984252 
vn -0.275591 0.267717 0.92126 
vn -0.141732 -0.133858 0.984252 
vn 0.590551 -0.362205 0.724409 
vn 0.771654 -0.377953 0.519685 
vn -0.275591 0.259843 0.92126 
vn 0.590551 -0.370079 0.716535 
vn -0.314961 0.267717 0.913386 
vn 0.755906 -0.362205 0.551181 
vn -0.141732 -0.15748 0.976378 
vn -0.015748 -0.204724 0.976378 
vn 0.724409 -0.393701 0.566929 
vn -0.149606 -0.0629921 0.984252 
vn 0.661417 -0.433071 0.614173 
vn -0.165354 0.0629921 0.984252 
vn 0.574803 -0.417323 0.700787 
vn 0.677165 -0.377953 0.629921 
vn -0.551181 -0.433071 0.716535 
vn 0.181102 0.0472441 0.984252 
vn -0.692913 -0.488189 0.527559 
vn 0.275591 0.267717 0.92126 
vn 0.141732 -0.133858 0.984252 
vn -0.590551 -0.362205 0.724409 
vn -0.771654 -0.377953 0.519685 
vn 0.275591 0.259843 0.92126 
vn -0.590551 -0.370079 0.716535 
vn 0.314961 0.267717 0.913386 
vn -0.755906 -0.362205 0.551181 
vn 0.141732 -0.15748 0.976378 
vn 0.015748 -0.204724 0.976378 
vn -0.724409 -0.393701 0.566929 
vn 0.149606 -0.0629921 0.984252 
vn -0.661417 -0.433071 0.614173 
vn 0.165354 0.0629921 0.984252 
vn -0.574803 -0.417323 0.700787 
vn -0.677165 -0.377953 0.629921 
vn 0.220472 0.181102 -0.96063 
vn 0.80315 -0.401575 -0.440945 
vn 0.88189 -0.212598 -0.425197 
vn 0.173228 -0.00787402 -0.984252 
vn 0.220472 0.307087 -0.929134 
vn -0.0944882 -0.149606 -0.984252 
vn 0.929134 -0.11811 -0.354331 
vn 0.0866142 0.582677 -0.80315 
vn 0.984252 -0.0314961 0.173228 
vn 0.614173 -0.637795 -0.464567 
vn -0.23622 -0.244094 -0.944882 
vn 0.614173 -0.748031 -0.251969 
vn -0.275591 -0.330709 -0.905512 
vn 0.645669 -0.740157 -0.19685 
vn -0.251969 -0.401575 -0.88189 
vn 0.700787 -0.622047 -0.354331 
vn 0.677165 -0.409449 -0.614173 
vn -0.259843 -0.338583 -0.905512 
vn 0.527559 -0.149606 -0.834646 
vn -0.228346 -0.259843 -0.937008 
vn 0.874016 0.165354 -0.464567 
vn -0.11811 -0.275591 -0.952756 
vn 0.795276 0.322835 -0.511811 
vn -0.0472441 -0.0393701 -1 
vn 0.590551 0.637795 -0.496063 
vn -0.149606 0.354331 -0.92126 
vn 0.322835 0.889764 -0.314961 
vn -0.244094 0.685039 -0.685039 
vn -0.220472 0.181102 -0.96063 
vn -0.80315 -0.401575 -0.440945 
vn -0.173228 -0.00787402 -0.984252 
vn 0.0944882 -0.149606 -0.984252 
vn -0.88189 -0.212598 -0.425197 
vn -0.614173 -0.637795 -0.464567 
vn -0.220472 0.307087 -0.929134 
vn 0.23622 -0.244094 -0.944882 
vn -0.929134 -0.11811 -0.354331 
vn -0.0866142 0.582677 -0.80315 
vn -0.984252 -0.0314961 0.173228 
vn -0.614173 -0.748031 -0.251969 
vn 0.275591 -0.330709 -0.905512 
vn -0.645669 -0.740157 -0.19685 
vn 0.251969 -0.401575 -0.88189 
vn -0.700787 -0.622047 -0.354331 
vn -0.677165 -0.409449 -0.614173 
vn 0.259843 -0.338583 -0.905512 
vn -0.527559 -0.149606 -0.834646 
vn 0.228346 -0.259843 -0.937008 
vn -0.874016 0.165354 -0.464567 
vn 0.11811 -0.275591 -0.952756 
vn -0.795276 0.322835 -0.511811 
vn 0.0551181 -0.0393701 -1 
vn -0.590551 0.637795 -0.496063 
vn 0.149606 0.354331 -0.92126 
vn -0.322835 0.889764 -0.314961 
vn 0.244094 0.685039 -0.685039 
vn 0.645669 -0.653543 0.393701 
vn 0.787402 -0.551181 -0.267717 
vn 0.905512 -0.19685 0.370079 
vn 0.346457 -0.937008 -0.015748 
vn 0.307087 -0.944882 0.110236 
vn 0.677165 -0.669291 0.314961 
vn 0.850394 -0.228346 0.472441 
vn -0.015748 -0.96063 0.291339 
vn 0.669291 -0.11811 0.732283 
vn 0.377953 -0.614173 0.692913 
vn -0.645669 -0.653543 0.393701 
vn -0.905512 -0.19685 0.370079 
vn -0.787402 -0.551181 -0.267717 
vn -0.346457 -0.937008 -0.015748 
vn -0.307087 -0.944882 0.110236 
vn -0.677165 -0.669291 0.314961 
vn -0.850394 -0.228346 0.472441 
vn 0.015748 -0.96063 0.291339 
vn -0.669291 -0.11811 0.732283 
vn -0.377953 -0.614173 0.692913 
vn 0.779528 -0.0629921 -0.622047 
vn 0.685039 -0.11811 -0.724409 
vn -0.464567 -0.0314961 -0.88189 
vn 0.0551181 -0.0944882 -0.992126 
vn -0.354331 -0.0944882 -0.929134 
vn -0.0708661 -0.0787402 -0.992126 
vn 0.614173 -0.385827 -0.692913 
vn 0.984252 -0.133858 0.133858 
vn -0.755906 0.519685 -0.401575 
vn 0.779528 -0.0551181 -0.622047 
vn 0.76378 0.212598 -0.606299 
vn -0.0866142 0.212598 -0.976378 
vn 0.637795 0.590551 -0.496063 
vn -0.11811 0.598425 -0.795276 
vn 0.464567 -0.0314961 -0.88189 
vn -0.779528 -0.0629921 -0.622047 
vn -0.0551181 -0.0944882 -0.992126 
vn 0.0708661 -0.0787402 -0.992126 
vn -0.685039 -0.11811 -0.724409 
vn -0.779528 -0.0551181 -0.622047 
vn 0.354331 -0.0944882 -0.929134 
vn -0.76378 0.212598 -0.606299 
vn -0.614173 -0.385827 -0.692913 
vn -0.984252 -0.133858 0.133858 
vn 0.755906 0.519685 -0.401575 
vn 0.0866142 0.212598 -0.976378 
vn -0.637795 0.590551 -0.496063 
vn 0.11811 0.598425 -0.795276 
vn 0.976378 0.0629921 0.204724 
vn 0.88189 -0.275591 0.385827 
vn 0.889764 -0.204724 0.409449 
vn 0.76378 -0.354331 0.535433 
vn 0.511811 0.362205 0.779528 
vn 0.88189 -0.023622 0.464567 
vn 0.330709 0.370079 0.866142 
vn 0.874016 0.00787402 0.480315 
vn 0.204724 0.346457 0.913386 
vn 0.850394 0.0472441 0.519685 
vn 0.0551181 0.338583 0.937008 
vn 0.834646 0.330709 0.448819 
vn 0.0314961 0.574803 0.818898 
vn -0.023622 0.866142 0.496063 
vn 0.685039 0.700787 0.19685 
vn -0.511811 0.362205 0.779528 
vn -0.889764 -0.204724 0.409449 
vn -0.976378 0.0629921 0.204724 
vn -0.88189 -0.275591 0.385827 
vn -0.76378 -0.354331 0.535433 
vn -0.88189 -0.023622 0.464567 
vn -0.330709 0.370079 0.866142 
vn -0.874016 0.00787402 0.480315 
vn -0.204724 0.346457 0.913386 
vn -0.850394 0.0472441 0.519685 
vn -0.0551181 0.338583 0.937008 
vn -0.834646 0.330709 0.448819 
vn -0.0314961 0.574803 0.818898 
vn 0.023622 0.866142 0.496063 
vn -0.685039 0.700787 0.19685 
vn 0.102362 -0.23622 -0.968504 
vn -0.19685 0.0944882 -0.976378 
vn 0.0314961 -0.448819 -0.889764 
vn -0.826772 0.212598 0.519685 
vn -0.740157 0.669291 -0.023622 
vn -0.188976 0.889764 0.417323 
vn 0.015748 -0.582677 -0.811024 
vn -0.779528 0.00787402 0.622047 
vn 0.314961 -0.188976 -0.929134 
vn 0.464567 -0.173228 -0.866142 
vn -0.00787402 0.866142 0.503937 
vn 0.204724 -0.023622 -0.976378 
vn -0.488189 0.0629921 0.866142 
vn -0.708661 0.188976 0.685039 
vn 0.102362 -0.330709 -0.937008 
vn -0.102362 0.566929 0.818898 
vn -0.23622 0.732283 0.629921 
vn 0.188976 0.480315 -0.858268 
vn -0.80315 0.00787402 0.590551 
vn -0.212598 -0.0787402 -0.976378 
vn 0.173228 0.370079 -0.913386 
vn -0.84252 -0.511811 0.173228 
vn 0.188976 0.181102 -0.96063 
vn -0.385827 -0.787402 0.480315 
vn 0.346457 0.0944882 -0.937008 
vn -0.19685 -0.787402 0.582677 
vn 0.448819 0.00787402 -0.889764 
vn 0.582677 -0.0866142 -0.811024 
vn 0.188976 -0.779528 0.598425 
vn -0.314961 0.283465 -0.905512 
vn 0.0708661 -0.543307 0.834646 
vn -0.417323 -0.669291 0.614173 
vn -0.716535 0.543307 -0.433071 
vn -0.19685 -0.858268 0.480315 
vn -0.259843 0.11811 -0.96063 
vn -0.606299 0.519685 -0.606299 
vn -0.110236 -0.944882 0.314961 
vn -0.488189 0.519685 -0.700787 
vn -0.283465 0.527559 -0.80315 
vn 0.244094 -0.952756 -0.188976 
vn 0.724409 -0.669291 0.15748 
vn -0.11811 0.637795 -0.76378 
vn 0.826772 -0.488189 0.275591 
vn 0.00787402 0.700787 -0.716535 
vn -0.401575 0.393701 -0.826772 
vn -0.566929 0.188976 0.795276 
vn -0.559055 0.480315 0.677165 
vn 0.590551 0.393701 0.700787 
vn 0.377953 0.488189 0.787402 
vn 0.984252 -0.133858 0.133858 
vn -0.755906 0.519685 -0.401575 
vn 0.787402 0.267717 0.551181 
vn -0.314961 -0.125984 0.937008 
vn -0.0787402 -0.220472 0.968504 
vn 0.826772 0.259843 0.503937 
vn 0.708661 0.519685 0.480315 
vn -0.110236 0.0314961 0.992126 
vn 0.425197 0.779528 0.456693 
vn -0.188976 0.385827 0.905512 
vn 0.559055 0.480315 0.677165 
vn 0.566929 0.188976 0.795276 
vn -0.590551 0.393701 0.700787 
vn -0.377953 0.488189 0.787402 
vn -0.984252 -0.133858 0.133858 
vn 0.755906 0.519685 -0.401575 
vn -0.787402 0.267717 0.551181 
vn 0.314961 -0.125984 0.937008 
vn 0.0787402 -0.220472 0.968504 
vn -0.826772 0.259843 0.503937 
vn -0.708661 0.519685 0.480315 
vn 0.110236 0.0314961 0.992126 
vn -0.425197 0.779528 0.456693 
vn 0.188976 0.385827 0.905512 
vn 0.480315 -0.11811 0.866142 
vn 0.291339 0.645669 0.700787 
vn 0 -0.00787402 1 
vn 0.80315 0.204724 0.559055 
vn -0.0866142 -0.212598 0.976378 
vn 0.889764 0.0708661 0.456693 
vn 0.496063 -0.330709 0.80315 
vn 0.165354 -0.433071 0.88189 
vn 0.724409 -0.275591 0.629921 
vn 0.456693 -0.598425 0.661417 
vn 0.19685 -0.795276 0.574803 
vn 0.629921 -0.700787 0.330709 
vn -0.110236 -0.685039 0.716535 
vn 0.0866142 -0.204724 0.976378 
vn 0.354331 -0.88189 0.314961 
vn 0.834646 -0.488189 0.251969 
vn 0.740157 -0.023622 0.669291 
vn 0.409449 -0.913386 -0.0472441 
vn 0.740157 -0.637795 -0.220472 
vn 0.771654 -0.472441 -0.417323 
vn 0.937008 -0.307087 0.173228 
vn 0.850394 0.110236 0.511811 
vn 0.905512 -0.267717 -0.330709 
vn 0.866142 0.488189 -0.125984 
vn 0.488189 -0.795276 -0.362205 
vn 0.905512 -0.23622 -0.346457 
vn 0.125984 -0.984252 0.0866142 
vn 0.0472441 -0.944882 -0.322835 
vn -0.0551181 -0.826772 -0.559055 
vn 0.503937 -0.685039 -0.519685 
vn 0.818898 -0.188976 -0.535433 
vn 0.0472441 -0.685039 -0.724409 
vn 0.338583 -0.0551181 -0.937008 
vn -0.212598 -0.976378 -0.0866142 
vn -0.0314961 -0.748031 -0.669291 
vn -0.15748 -0.944882 0.283465 
vn -0.527559 -0.661417 0.527559 
vn -0.346457 -0.937008 0.0787402 
vn -0.669291 -0.685039 0.283465 
vn -0.511811 -0.779528 0.354331 
vn -0.362205 -0.905512 -0.19685 
vn -0.220472 -0.700787 -0.677165 
vn -0.76378 -0.645669 0.0708661 
vn -0.779528 -0.362205 -0.511811 
vn -0.307087 -0.559055 0.771654 
vn -0.606299 -0.669291 0.433071 
vn -0.779528 0.0393701 0.629921 
vn -0.125984 -0.149606 0.984252 
vn -0.480315 -0.11811 0.866142 
vn 0 -0.00787402 1 
vn -0.291339 0.645669 0.700787 
vn -0.80315 0.204724 0.559055 
vn 0.0866142 -0.212598 0.976378 
vn -0.889764 0.0708661 0.456693 
vn -0.496063 -0.330709 0.80315 
vn -0.165354 -0.433071 0.88189 
vn -0.724409 -0.275591 0.629921 
vn -0.456693 -0.598425 0.661417 
vn -0.19685 -0.795276 0.574803 
vn -0.629921 -0.700787 0.330709 
vn 0.110236 -0.685039 0.716535 
vn -0.0866142 -0.204724 0.976378 
vn -0.354331 -0.88189 0.314961 
vn -0.834646 -0.488189 0.251969 
vn -0.740157 -0.023622 0.669291 
vn -0.409449 -0.913386 -0.0472441 
vn -0.740157 -0.637795 -0.220472 
vn -0.771654 -0.472441 -0.417323 
vn -0.937008 -0.307087 0.173228 
vn -0.850394 0.110236 0.511811 
vn -0.905512 -0.267717 -0.330709 
vn -0.866142 0.488189 -0.125984 
vn -0.488189 -0.795276 -0.362205 
vn -0.905512 -0.23622 -0.346457 
vn -0.125984 -0.984252 0.0866142 
vn -0.0472441 -0.944882 -0.322835 
vn 0.0551181 -0.826772 -0.559055 
vn -0.503937 -0.685039 -0.519685 
vn -0.818898 -0.188976 -0.535433 
vn -0.0472441 -0.685039 -0.724409 
vn -0.338583 -0.0551181 -0.937008 
vn 0.212598 -0.976378 -0.0866142 
vn 0.0314961 -0.748031 -0.669291 
vn 0.15748 -0.944882 0.283465 
vn 0.527559 -0.661417 0.527559 
vn 0.346457 -0.937008 0.0787402 
vn 0.669291 -0.685039 0.283465 
vn 0.511811 -0.779528 0.354331 
vn 0.362205 -0.905512 -0.19685 
vn 0.76378 -0.645669 0.0708661 
vn 0.220472 -0.700787 -0.677165 
vn 0.779528 -0.362205 -0.511811 
vn 0.307087 -0.559055 0.771654 
vn 0.606299 -0.669291 0.433071 
vn 0.779528 0.0393701 0.629921 
vn 0.125984 -0.149606 0.984252 
vn -0.425197 0.889764 0.149606 
vn 0.425197 0.779528 0.456693 
vn 0.322835 0.889764 -0.314961 
vn -0.188976 0.385827 0.905512 
vn -0.244094 0.685039 -0.685039 
vn -0.874016 0.133858 0.472441 
vn -0.866142 0.346457 -0.362205 
vn 0.425197 0.889764 0.149606 
vn -0.322835 0.889764 -0.314961 
vn -0.425197 0.779528 0.456693 
vn 0.244094 0.685039 -0.685039 
vn 0.188976 0.385827 0.905512 
vn 0.866142 0.346457 -0.362205 
vn 0.874016 0.133858 0.472441 
vn 0.614173 0.755906 0.228346 
vn 0.0472441 -0.188976 -0.984252 
vn 0.480315 0.874016 0.0944882 
vn 0.440945 0.866142 -0.23622 
vn 0.19685 -0.795276 -0.566929 
vn 0.669291 0.685039 0.299213 
vn 0.275591 -0.889764 -0.362205 
vn 0.173228 0.976378 -0.0944882 
vn 0.0629921 -0.976378 -0.212598 
vn 0.212598 -0.834646 -0.511811 
vn -0.188976 0.84252 -0.503937 
vn 0.417323 0.889764 -0.181102 
vn -0.0708661 0.92126 -0.393701 
vn 0.425197 -0.795276 -0.440945 
vn 0.929134 -0.330709 -0.133858 
vn 0.102362 0.968504 -0.220472 
vn 0.015748 1 -0.00787402 
vn 0.661417 -0.582677 0.472441 
vn 0.496063 -0.614173 0.614173 
vn -0.0551181 0.992126 0.125984 
vn 0.188976 -0.669291 0.716535 
vn -0.181102 0.92126 0.346457 
vn 0.314961 0.905512 -0.291339 
vn -0.015748 -0.897638 0.440945 
vn 0.220472 -0.92126 0.322835 
vn 0.480315 0.19685 -0.858268 
vn 0.590551 0.771654 -0.228346 
vn 0.488189 0.377953 -0.787402 
vn 0.425197 -0.692913 0.582677 
vn 0.440945 0.527559 -0.724409 
vn 0.496063 -0.488189 0.716535 
vn 0.425197 0.19685 0.88189 
vn 0.377953 0.708661 -0.598425 
vn 0.15748 0.771654 -0.622047 
vn -0.267717 0.0472441 0.96063 
vn -0.472441 -0.015748 0.88189 
vn 0.0314961 0.771654 -0.637795 
vn -0.488189 -0.275591 0.834646 
vn 0.590551 0.519685 -0.622047 
vn 0.472441 0.850394 -0.244094 
vn -0.0314961 0.984252 0.181102 
vn 0.456693 0.826772 -0.338583 
vn 0.653543 0.740157 0.15748 
vn 0.0472441 0.850394 -0.527559 
vn 0.811024 0.503937 -0.299213 
vn 0.448819 0.590551 -0.669291 
vn -0.275591 -0.889764 -0.362205 
vn -0.0629921 -0.976378 -0.212598 
vn -0.173228 0.976378 -0.0944882 
vn -0.212598 -0.834646 -0.511811 
vn 0.188976 0.84252 -0.503937 
vn 0.0708661 0.92126 -0.393701 
vn -0.425197 -0.795276 -0.440945 
vn -0.417323 0.889764 -0.181102 
vn -0.440945 0.866142 -0.23622 
vn -0.929134 -0.330709 -0.133858 
vn -0.102362 0.968504 -0.220472 
vn -0.015748 1 -0.00787402 
vn -0.661417 -0.582677 0.472441 
vn -0.496063 -0.614173 0.614173 
vn 0.0551181 0.992126 0.125984 
vn -0.188976 -0.669291 0.716535 
vn 0.181102 0.92126 0.346457 
vn -0.314961 0.905512 -0.291339 
vn 0.015748 -0.897638 0.440945 
vn -0.212598 -0.92126 0.322835 
vn -0.480315 0.19685 -0.858268 
vn -0.488189 0.377953 -0.787402 
vn -0.425197 -0.692913 0.582677 
vn -0.590551 0.771654 -0.228346 
vn -0.440945 0.527559 -0.724409 
vn -0.496063 -0.488189 0.716535 
vn -0.425197 0.19685 0.88189 
vn -0.377953 0.708661 -0.598425 
vn -0.15748 0.771654 -0.622047 
vn 0.259843 0.0472441 0.96063 
vn 0.472441 -0.015748 0.88189 
vn -0.0314961 0.771654 -0.637795 
vn -0.590551 0.519685 -0.622047 
vn -0.472441 0.850394 -0.244094 
vn 0.0314961 0.984252 0.181102 
vn -0.456693 0.826772 -0.338583 
vn -0.653543 0.740157 0.15748 
vn -0.0472441 0.850394 -0.527559 
vn -0.811024 0.503937 -0.299213 
vn -0.448819 0.590551 -0.669291 
vn -0.724409 -0.669291 0.15748 
vn 0.283465 0.527559 -0.80315 
vn -0.244094 -0.952756 -0.188976 
vn 0.110236 -0.944882 0.314961 
vn 0.488189 0.519685 -0.700787 
vn 0.259843 0.11811 -0.96063 
vn 0.606299 0.519685 -0.606299 
vn 0.19685 -0.858268 0.480315 
vn 0.716535 0.543307 -0.433071 
vn 0.417323 -0.669291 0.614173 
vn 0.314961 0.283465 -0.905512 
vn -0.0708661 -0.543307 0.834646 
vn -0.188976 -0.779528 0.598425 
vn -0.582677 -0.0866142 -0.811024 
vn 0.19685 -0.787402 0.582677 
vn 0.212598 -0.0787402 -0.976378 
vn -0.448819 0.00787402 -0.889764 
vn -0.346457 0.0944882 -0.937008 
vn 0.385827 -0.787402 0.480315 
vn -0.188976 0.181102 -0.96063 
vn 0.84252 -0.519685 0.173228 
vn -0.173228 0.370079 -0.913386 
vn 0.80315 0.00787402 0.590551 
vn -0.188976 0.480315 -0.858268 
vn 0.708661 0.188976 0.685039 
vn -0.204724 -0.023622 -0.976378 
vn 0.19685 0.0944882 -0.976378 
vn 0.519685 -0.181102 -0.834646 
vn 0.0629921 -0.338583 -0.937008 
vn 0.149606 0.102362 -0.984252 
vn 0.511811 0.385827 -0.76378 
vn 0.110236 0.204724 -0.976378 
vn -0.173228 0.732283 -0.653543 
vn -0.307087 0.0944882 -0.944882 
vn -0.102362 -0.23622 -0.968504 
vn -0.0314961 -0.448819 -0.889764 
vn 0.826772 0.212598 0.519685 
vn 0.740157 0.669291 -0.023622 
vn 0.188976 0.889764 0.417323 
vn -0.015748 -0.582677 -0.811024 
vn 0.779528 0.00787402 0.622047 
vn 0.488189 0.0629921 0.866142 
vn -0.314961 -0.188976 -0.929134 
vn -0.464567 -0.173228 -0.866142 
vn 0.00787402 0.866142 0.503937 
vn -0.102362 -0.330709 -0.937008 
vn 0.102362 0.566929 0.818898 
vn 0.23622 0.732283 0.637795 
vn 0.496063 -0.314961 -0.811024 
vn 0.0944882 0.866142 0.488189 
vn 0.464567 -0.267717 -0.84252 
vn -0.362205 0.929134 -0.0629921 
vn 0.283465 -0.283465 -0.913386 
vn -0.771654 0.543307 0.338583 
vn 0.125984 -0.409449 -0.905512 
vn -0.866142 0.307087 0.401575 
vn 0 -0.488189 -0.874016 
vn 0.559055 -0.00787402 -0.826772 
vn -0.732283 0.228346 0.637795 
vn -0.755906 0.559055 0.354331 
vn 0.700787 0.338583 -0.629921 
vn 0.661417 0.181102 -0.724409 
vn -0.858268 0.448819 0.259843 
vn 0.598425 0.015748 -0.80315 
vn -0.968504 0.0314961 -0.244094 
vn -0.866142 -0.464567 0.181102 
vn 0.645669 -0.173228 -0.740157 
vn -0.724409 -0.606299 0.338583 
vn 0.661417 -0.307087 -0.685039 
vn 0.401575 0.393701 -0.826772 
vn -0.653543 -0.511811 0.559055 
vn -0.826772 -0.488189 0.275591 
vn -0.015748 0.700787 -0.716535 
vn 0.11811 0.637795 -0.76378 
vn 0.0629921 -0.937008 0.338583 
vn 0.251969 -0.677165 0.685039 
vn -0.322835 -0.622047 0.708661 
vn 0.606299 -0.732283 0.314961 
vn -0.212598 -0.582677 0.779528 
vn 0.606299 -0.685039 0.401575 
vn 0.228346 -0.732283 0.645669 
vn -0.11811 -0.322835 0.937008 
vn 0.779528 -0.385827 0.488189 
vn 0.448819 -0.354331 0.818898 
vn -0.0629921 -0.937008 0.338583 
vn 0.322835 -0.622047 0.708661 
vn -0.251969 -0.677165 0.685039 
vn -0.606299 -0.732283 0.314961 
vn 0.212598 -0.582677 0.779528 
vn -0.614173 -0.685039 0.401575 
vn -0.228346 -0.732283 0.645669 
vn 0.11811 -0.322835 0.937008 
vn -0.779528 -0.385827 0.488189 
vn -0.448819 -0.354331 0.818898 
vn 0.377953 0.480315 -0.795276 
vn 0.496063 0.551181 -0.669291 
vn 0.307087 0.905512 -0.283465 
vn -0.291339 0.645669 0.700787 
vn -0.80315 0.204724 0.559055 
vn 0 -0.00787402 1 
vn -0.889764 0.0708661 0.456693 
vn 0.637795 0.425197 -0.645669 
vn 0.669291 0.354331 -0.653543 
vn 0.0866142 -0.212598 0.976378 
vn 0.275591 0.433071 -0.858268 
vn -0.724409 -0.275591 0.629921 
vn 0.299213 0.590551 -0.755906 
vn -0.165354 -0.433071 0.88189 
vn 0.566929 0.472441 -0.677165 
vn 0.76378 0.645669 -0.0866142 
vn -0.740157 -0.023622 0.669291 
vn -0.19685 0.818898 -0.543307 
vn -0.0866142 -0.204724 0.976378 
vn 0.496063 0.795276 -0.354331 
vn -0.0708661 0.795276 -0.598425 
vn 0.125984 -0.149606 0.984252 
vn 0.0314961 0.755906 -0.653543 
vn 0.779528 0.0393701 0.629921 
vn 0.606299 -0.669291 0.433071 
vn 0 0.661417 -0.748031 
vn -0.00787402 0.629921 -0.779528 
vn 0.511811 -0.779528 0.354331 
vn 0.0551181 0.519685 -0.850394 
vn 0.346457 -0.937008 0.0787402 
vn 0.0866142 0.984252 -0.149606 
vn 0.15748 -0.944882 0.283465 
vn 0.527559 -0.661417 0.527559 
vn -0.0866142 0.905512 0.417323 
vn 0.377953 0.88189 -0.275591 
vn -0.0551181 0.976378 0.220472 
vn 0.669291 -0.685039 0.283465 
vn 0.76378 -0.645669 0.0708661 
vn -0.015748 0.992126 0.149606 
vn -0.0393701 1 -0.023622 
vn 0.779528 -0.362205 -0.511811 
vn 0.220472 -0.700787 -0.677165 
vn -0.220472 0.968504 -0.133858 
vn -0.330709 0.937008 -0.133858 
vn 0.826772 0.346457 -0.433071 
vn 0.0708661 0.582677 -0.811024 
vn 0.267717 0.96063 0 
vn -0.582677 0.748031 -0.307087 
vn 0.818898 0.283465 0.503937 
vn -0.519685 0.685039 0.503937 
vn 0.11811 0.464567 0.88189 
vn -0.826772 0.346457 -0.433071 
vn -0.267717 0.96063 0 
vn -0.0708661 0.582677 -0.811024 
vn 0.582677 0.748031 -0.307087 
vn -0.811024 0.283465 0.503937 
vn 0.519685 0.685039 0.503937 
vn -0.11811 0.464567 0.88189 
vn 0.653543 -0.511811 0.559055 
vn 0.724409 -0.606299 0.338583 
vn -0.661417 -0.307087 -0.685039 
vn -0.645669 -0.173228 -0.740157 
vn 0.866142 -0.464567 0.181102 
vn -0.149606 0.102362 -0.984252 
vn -0.598425 0.015748 -0.80315 
vn 0.968504 0.0314961 -0.244094 
vn 0.858268 0.448819 0.259843 
vn -0.661417 0.181102 -0.724409 
vn 0.755906 0.559055 0.354331 
vn -0.700787 0.338583 -0.629921 
vn -0.559055 -0.00787402 -0.826772 
vn 0.732283 0.228346 0.637795 
vn 0.866142 0.307087 0.401575 
vn 0 -0.488189 -0.874016 
vn -0.125984 -0.409449 -0.905512 
vn 0.771654 0.543307 0.338583 
vn -0.110236 0.204724 -0.968504 
vn -0.283465 -0.283465 -0.913386 
vn 0.362205 0.929134 -0.0629921 
vn -0.464567 -0.267717 -0.84252 
vn -0.0944882 0.866142 0.488189 
vn -0.496063 -0.314961 -0.811024 
vn 0.173228 0.732283 -0.653543 
vn -0.511811 0.385827 -0.76378 
vn 0.307087 0.0944882 -0.944882 
vn -0.0629921 -0.338583 -0.937008 
vn -0.519685 -0.181102 -0.834646 
vn -0.377953 0.480315 -0.795276 
vn -0.307087 0.905512 -0.283465 
vn -0.488189 0.551181 -0.669291 
vn 0.291339 0.645669 0.700787 
vn 0.80315 0.204724 0.559055 
vn 0 -0.00787402 1 
vn 0.889764 0.0708661 0.456693 
vn -0.637795 0.425197 -0.645669 
vn -0.669291 0.354331 -0.653543 
vn -0.0866142 -0.212598 0.976378 
vn -0.275591 0.433071 -0.858268 
vn 0.724409 -0.275591 0.629921 
vn -0.299213 0.590551 -0.755906 
vn 0.165354 -0.433071 0.88189 
vn -0.566929 0.472441 -0.677165 
vn -0.755906 0.645669 -0.0866142 
vn 0.740157 -0.023622 0.669291 
vn 0.19685 0.818898 -0.543307 
vn 0.0866142 -0.204724 0.976378 
vn -0.496063 0.795276 -0.354331 
vn 0.0708661 0.795276 -0.598425 
vn -0.125984 -0.149606 0.984252 
vn -0.0314961 0.755906 -0.653543 
vn -0.779528 0.0393701 0.629921 
vn -0.606299 -0.669291 0.433071 
vn 0 0.661417 -0.748031 
vn 0.00787402 0.629921 -0.779528 
vn -0.511811 -0.779528 0.354331 
vn -0.0551181 0.519685 -0.850394 
vn -0.346457 -0.937008 0.0787402 
vn -0.0866142 0.984252 -0.149606 
vn -0.527559 -0.661417 0.527559 
vn -0.15748 -0.944882 0.283465 
vn 0.0866142 0.905512 0.417323 
vn 0.0551181 0.976378 0.220472 
vn -0.669291 -0.685039 0.283465 
vn -0.377953 0.88189 -0.275591 
vn -0.76378 -0.645669 0.0708661 
vn 0.015748 0.992126 0.149606 
vn 0.0393701 1 -0.023622 
vn -0.779528 -0.362205 -0.511811 
vn -0.220472 -0.700787 -0.677165 
vn 0.220472 0.968504 -0.133858 
vn 0.330709 0.937008 -0.133858 
vn -0.0314961 -0.748031 -0.669291 
vn -0.0629921 1 0.0472441 
vn 0.0472441 -0.944882 -0.322835 
vn -0.0551181 -0.826772 -0.559055 
vn -0.724409 0.669291 0.181102 
vn 0.0472441 -0.685039 -0.724409 
vn -0.299213 0.889764 -0.354331 
vn -0.661417 0.732283 0.149606 
vn 0.338583 -0.0551181 -0.937008 
vn -0.496063 0.858268 0.102362 
vn -0.244094 0.685039 -0.692913 
vn 0.102362 0.645669 -0.755906 
vn -0.15748 0.440945 -0.88189 
vn 0.606299 -0.685039 0.401575 
vn 0.606299 -0.732283 0.314961 
vn 0.779528 -0.385827 0.488189 
vn -0.425197 -0.0314961 -0.905512 
vn 0.0629921 -0.937008 0.338583 
vn -0.322835 -0.622047 0.708661 
vn -0.0629921 0.88189 -0.464567 
vn -0.527559 0.464567 -0.708661 
vn -0.566929 0.708661 -0.417323 
vn -0.212598 -0.582677 0.779528 
vn -0.11811 -0.322835 0.937008 
vn -0.173228 0.897638 -0.409449 
vn -0.0787402 0.96063 -0.259843 
vn 0.448819 -0.354331 0.818898 
vn 0.244094 0.685039 -0.692913 
vn 0.15748 0.440945 -0.88189 
vn -0.102362 0.645669 -0.755906 
vn -0.614173 -0.685039 0.401575 
vn -0.606299 -0.732283 0.314961 
vn -0.779528 -0.385827 0.488189 
vn 0.425197 -0.0314961 -0.905512 
vn -0.0629921 -0.937008 0.338583 
vn 0.322835 -0.622047 0.708661 
vn 0.0629921 0.88189 -0.464567 
vn 0.527559 0.464567 -0.708661 
vn 0.566929 0.708661 -0.417323 
vn 0.212598 -0.582677 0.779528 
vn 0.11811 -0.322835 0.937008 
vn 0.173228 0.897638 -0.409449 
vn 0.0787402 0.96063 -0.259843 
vn -0.448819 -0.354331 0.818898 
vn -0.110236 0.724409 -0.677165 
vn -0.519685 0.0708661 -0.850394 
vn 0.433071 0.496063 -0.755906 
vn 0.503937 0.409449 -0.76378 
vn -0.700787 0.259843 -0.661417 
vn -0.76378 0.574803 -0.299213 
vn -0.535433 0.212598 -0.818898 
vn -0.433071 -0.0393701 -0.897638 
vn 0.472441 0.519685 -0.708661 
vn -0.425197 0.0629921 -0.905512 
vn 0.330709 0.76378 -0.551181 
vn -0.551181 0.370079 -0.748031 
vn 0.11811 0.929134 -0.346457 
vn -0.590551 0.669291 -0.456693 
vn 0.110236 0.724409 -0.677165 
vn 0.519685 0.0708661 -0.850394 
vn 0.700787 0.259843 -0.661417 
vn 0.76378 0.574803 -0.299213 
vn 0.535433 0.212598 -0.818898 
vn -0.433071 0.496063 -0.755906 
vn -0.503937 0.409449 -0.76378 
vn 0.433071 -0.0393701 -0.897638 
vn -0.472441 0.519685 -0.708661 
vn 0.425197 0.0629921 -0.905512 
vn -0.330709 0.76378 -0.551181 
vn 0.551181 0.370079 -0.748031 
vn -0.11811 0.929134 -0.346457 
vn 0.590551 0.669291 -0.456693 
vn 0.0866142 0.944882 -0.307087 
vn -0.692913 0.700787 0.188976 
vn -0.023622 0.866142 0.496063 
vn -0.740157 0.346457 -0.582677 
vn 0.685039 0.700787 0.19685 
vn -0.0708661 0.149606 -0.984252 
vn 0.740157 0.322835 -0.590551 
vn -0.0866142 0.944882 -0.307087 
vn 0.023622 0.866142 0.496063 
vn 0.692913 0.700787 0.188976 
vn -0.685039 0.700787 0.19685 
vn 0.740157 0.346457 -0.582677 
vn -0.740157 0.322835 -0.590551 
vn 0.0708661 0.149606 -0.984252 
vn 0.346457 -0.795276 0.496063 
vn 0.244094 -0.952756 -0.188976 
vn 0.724409 -0.669291 0.15748 
vn -0.110236 -0.944882 0.314961 
vn 0.826772 -0.488189 0.275591 
vn -0.19685 -0.858268 0.480315 
vn 0.338583 -0.685039 0.645669 
vn -0.417323 -0.669291 0.614173 
vn 0.653543 -0.511811 0.559055 
vn 0.0708661 -0.543307 0.834646 
vn 0.354331 -0.362205 0.858268 
vn 0.519685 -0.141732 0.84252 
vn -0.0393701 -0.110236 0.992126 
vn 0.779528 -0.0551181 0.622047 
vn 0.724409 -0.606299 0.338583 
vn 0.220472 -0.0944882 0.968504 
vn -0.354331 -0.228346 0.905512 
vn 0.188976 -0.779528 0.598425 
vn -0.19685 -0.787402 0.582677 
vn 0.88189 0.015748 0.472441 
vn 0.866142 -0.464567 0.181102 
vn 0.968504 0.0314961 -0.244094 
vn 0.858268 0.448819 0.259843 
vn 0.755906 0.559055 0.354331 
vn 0.732283 0.228346 0.637795 
vn 0.251969 0.204724 0.944882 
vn 0.283465 0.488189 0.826772 
vn 0.866142 0.307087 0.401575 
vn -0.11811 0.204724 0.968504 
vn -0.102362 0.566929 0.818898 
vn -0.23622 0.732283 0.629921 
vn -0.0944882 0.866142 0.488189 
vn 0.370079 0.661417 0.653543 
vn 0.771654 0.543307 0.338583 
vn 0.362205 0.929134 -0.0629921 
vn -0.330709 0.401575 0.850394 
vn -0.00787402 0.866142 0.503937 
vn -0.488189 0.0629921 0.866142 
vn -0.188976 0.889764 0.417323 
vn -0.779528 0.00787402 0.622047 
vn -0.708661 0.188976 0.685039 
vn -0.826772 0.212598 0.519685 
vn -0.440945 0.535433 0.716535 
vn -0.740157 0.669291 -0.023622 
vn -0.535433 -0.346457 0.771654 
vn -0.80315 0.00787402 0.590551 
vn -0.385827 -0.787402 0.480315 
vn -0.84252 -0.511811 0.173228 
vn -0.346457 -0.795276 0.496063 
vn -0.724409 -0.669291 0.15748 
vn -0.244094 -0.952756 -0.188976 
vn 0.110236 -0.944882 0.314961 
vn -0.826772 -0.488189 0.275591 
vn 0.19685 -0.858268 0.480315 
vn -0.338583 -0.685039 0.645669 
vn 0.417323 -0.669291 0.614173 
vn -0.653543 -0.511811 0.559055 
vn -0.0708661 -0.543307 0.834646 
vn -0.354331 -0.362205 0.858268 
vn -0.519685 -0.141732 0.84252 
vn 0.0393701 -0.110236 0.992126 
vn -0.779528 -0.0551181 0.622047 
vn -0.724409 -0.606299 0.338583 
vn -0.220472 -0.0944882 0.968504 
vn 0.354331 -0.228346 0.905512 
vn -0.188976 -0.779528 0.598425 
vn 0.19685 -0.787402 0.582677 
vn -0.88189 0.015748 0.472441 
vn -0.866142 -0.464567 0.181102 
vn -0.968504 0.0314961 -0.244094 
vn -0.858268 0.448819 0.259843 
vn -0.755906 0.559055 0.354331 
vn -0.732283 0.228346 0.637795 
vn -0.251969 0.204724 0.944882 
vn -0.283465 0.488189 0.826772 
vn -0.866142 0.307087 0.401575 
vn 0.11811 0.204724 0.968504 
vn 0.102362 0.566929 0.818898 
vn 0.23622 0.732283 0.637795 
vn 0.0944882 0.866142 0.488189 
vn -0.370079 0.661417 0.653543 
vn -0.771654 0.543307 0.338583 
vn -0.362205 0.929134 -0.0629921 
vn 0.330709 0.401575 0.850394 
vn 0.00787402 0.866142 0.503937 
vn 0.488189 0.0629921 0.866142 
vn 0.188976 0.889764 0.417323 
vn 0.779528 0.00787402 0.622047 
vn 0.708661 0.188976 0.685039 
vn 0.826772 0.212598 0.519685 
vn 0.440945 0.535433 0.716535 
vn 0.740157 0.669291 -0.023622 
vn 0.535433 -0.346457 0.771654 
vn 0.80315 0.00787402 0.590551 
vn 0.84252 -0.519685 0.173228 
vn 0.385827 -0.787402 0.480315 
vn 0.220472 0.425197 -0.88189 
vn -0.267717 0.937008 -0.228346 
vn -0.574803 0.503937 -0.645669 
vn -0.653543 0.401575 -0.637795 
vn -0.511811 0.417323 -0.755906 
vn -0.543307 0.259843 -0.795276 
vn 0.19685 0.19685 -0.96063 
vn 0.188976 0.0866142 -0.976378 
vn -0.535433 0.212598 -0.818898 
vn -0.377953 0.173228 -0.905512 
vn 0.251969 -0.015748 -0.968504 
vn 0.307087 -0.0551181 -0.952756 
vn -0.480315 0.0551181 -0.874016 
vn 0.299213 -0.0629921 -0.952756 
vn -0.559055 -0.0708661 -0.826772 
vn 0.283465 0.023622 -0.96063 
vn -0.614173 -0.0944882 -0.787402 
vn 0.23622 0.314961 -0.92126 
vn -0.637795 0.173228 -0.748031 
vn 0.125984 0.645669 -0.755906 
vn -0.566929 0.559055 -0.606299 
vn 0.511811 0.417323 -0.755906 
vn 0.574803 0.503937 -0.645669 
vn -0.220472 0.425197 -0.88189 
vn 0.267717 0.937008 -0.228346 
vn 0.653543 0.401575 -0.637795 
vn 0.543307 0.259843 -0.795276 
vn -0.19685 0.19685 -0.96063 
vn -0.188976 0.0866142 -0.976378 
vn 0.535433 0.212598 -0.818898 
vn 0.377953 0.173228 -0.905512 
vn -0.251969 -0.015748 -0.968504 
vn -0.307087 -0.0551181 -0.952756 
vn 0.480315 0.0551181 -0.874016 
vn -0.299213 -0.0629921 -0.952756 
vn 0.559055 -0.0708661 -0.826772 
vn -0.283465 0.023622 -0.96063 
vn 0.614173 -0.0944882 -0.787402 
vn -0.23622 0.314961 -0.92126 
vn 0.637795 0.173228 -0.748031 
vn -0.125984 0.645669 -0.755906 
vn 0.566929 0.559055 -0.606299 
vn 0.11811 0.141732 0.984252 
vn -0.84252 -0.133858 0.511811 
vn -0.92126 0.133858 0.362205 
vn 0.133858 -0.0708661 0.992126 
vn 0.23622 0.251969 0.937008 
vn 0.133858 -0.0944882 0.984252 
vn -0.88189 0.409449 0.220472 
vn -0.787402 -0.149606 0.606299 
vn 0.385827 0.165354 0.905512 
vn 0.0866142 0.165354 0.984252 
vn -0.519685 0.685039 0.511811 
vn 0.732283 0.0787402 0.677165 
vn -0.267717 0.937008 -0.228346 
vn -0.795276 0.11811 0.590551 
vn -0.692913 0.488189 0.527559 
vn 0.00787402 0.535433 0.84252 
vn 0.84252 -0.133858 0.511811 
vn -0.11811 0.141732 0.984252 
vn 0.92126 0.133858 0.362205 
vn -0.23622 0.251969 0.937008 
vn -0.133858 -0.0708661 0.992126 
vn 0.88189 0.409449 0.220472 
vn -0.133858 -0.0944882 0.984252 
vn -0.385827 0.165354 0.905512 
vn 0.787402 -0.149606 0.606299 
vn 0.511811 0.685039 0.511811 
vn -0.732283 0.0787402 0.677165 
vn 0.267717 0.937008 -0.228346 
vn -0.0866142 0.165354 0.984252 
vn 0.795276 0.11811 0.590551 
vn 0.692913 0.488189 0.527559 
vn -0.00787402 0.535433 0.84252 
vn -0.968504 -0.0866142 0.23622 
vn -0.976378 0.133858 0.173228 
vn -0.023622 -0.0787402 1 
vn 0 0.015748 1 
vn -0.0629921 0.314961 0.944882 
vn -0.76378 0.574803 -0.299213 
vn -0.0787402 0.00787402 1 
vn -0.968504 -0.102362 0.23622 
vn -0.141732 0.299213 0.944882 
vn -0.952756 0.188976 0.244094 
vn -0.787402 0.574803 0.212598 
vn -0.173228 0.614173 0.771654 
vn 0.976378 0.133858 0.173228 
vn 0.968504 -0.0866142 0.23622 
vn 0.023622 -0.0787402 1 
vn 0.0787402 0.00787402 1 
vn 0 0.015748 1 
vn 0.0629921 0.314961 0.944882 
vn 0.76378 0.574803 -0.299213 
vn 0.968504 -0.102362 0.23622 
vn 0.133858 0.299213 0.944882 
vn 0.952756 0.188976 0.244094 
vn 0.787402 0.574803 0.212598 
vn 0.173228 0.614173 0.771654 
vn -0.606299 0.417323 -0.677165 
vn -0.716535 0.503937 -0.480315 
vn 0.937008 0.299213 0.181102 
vn 0.456693 0.732283 0.503937 
vn 0.992126 0.141732 0.0393701 
vn 0.338583 0.181102 0.92126 
vn -0.511811 0.338583 -0.787402 
vn -0.748031 0.456693 -0.488189 
vn 0.929134 -0.149606 0.346457 
vn -0.858268 0.385827 -0.338583 
vn 0.244094 -0.0472441 0.968504 
vn -0.913386 0.267717 -0.299213 
vn 0.488189 -0.275591 0.826772 
vn -0.692913 0.700787 0.149606 
vn 0.92126 0.133858 0.362205 
vn -0.724409 0.685039 0.0472441 
vn 0.976378 0.19685 0.11811 
vn 0.771654 0.385827 -0.511811 
vn -0.732283 0.653543 -0.165354 
vn -0.834646 0.472441 -0.275591 
vn 0.716535 -0.322835 -0.622047 
vn -0.858268 0.338583 -0.385827 
vn 0.543307 -0.582677 -0.606299 
vn -0.496063 0.866142 0.0866142 
vn 0.622047 -0.653543 -0.433071 
vn 0.755906 -0.244094 -0.606299 
vn -0.0866142 0.976378 0.204724 
vn 0.606299 -0.307087 -0.732283 
vn -0.299213 0.937008 0.15748 
vn -0.0472441 -0.188976 -0.984252 
vn -0.480315 0.874016 0.0944882 
vn -0.614173 0.755906 0.228346 
vn -0.19685 -0.795276 -0.566929 
vn -0.669291 0.685039 0.299213 
vn -0.488189 0.472441 -0.732283 
vn 0.00787402 0.0393701 -1 
vn -0.771654 0.590551 -0.220472 
vn 0.0393701 0.0629921 -1 
vn 0 -0.015748 -1 
vn -0.527559 0.559055 -0.637795 
vn -0.574803 0.496063 -0.653543 
vn -0.204724 -0.220472 -0.952756 
vn -0.425197 0.433071 -0.795276 
vn -0.275591 -0.23622 -0.929134 
vn -0.370079 -0.291339 -0.88189 
vn -0.582677 0.480315 -0.661417 
vn -0.519685 -0.291339 -0.80315 
vn -0.716535 0.385827 -0.582677 
vn -0.692913 0.291339 -0.653543 
vn -0.559055 0.244094 -0.795276 
vn -0.732283 -0.314961 -0.606299 
vn -0.19685 0.976378 0.110236 
vn -0.795276 0.448819 -0.409449 
vn -0.834646 0.251969 -0.480315 
vn -0.220472 0.976378 0.0708661 
vn -0.76378 0.464567 -0.448819 
vn -0.401575 0.15748 -0.897638 
vn -0.0551181 0.992126 -0.141732 
vn -0.653543 0.362205 -0.669291 
vn -0.377953 -0.582677 -0.716535 
vn 0.0944882 0.937008 -0.346457 
vn -0.23622 -0.480315 -0.84252 
vn -0.488189 0.362205 -0.795276 
vn 0.488189 0.472441 -0.732283 
vn -0.00787402 0.0393701 -1 
vn -0.0393701 0.0629921 -1 
vn 0.771654 0.590551 -0.220472 
vn 0 -0.015748 -1 
vn 0.527559 0.559055 -0.637795 
vn 0.574803 0.496063 -0.653543 
vn 0.204724 -0.220472 -0.952756 
vn 0.425197 0.433071 -0.795276 
vn 0.275591 -0.23622 -0.929134 
vn 0.370079 -0.291339 -0.88189 
vn 0.582677 0.480315 -0.661417 
vn 0.519685 -0.291339 -0.80315 
vn 0.716535 0.385827 -0.582677 
vn 0.692913 0.291339 -0.653543 
vn 0.559055 0.244094 -0.795276 
vn 0.732283 -0.314961 -0.606299 
vn 0.19685 0.976378 0.110236 
vn 0.795276 0.448819 -0.409449 
vn 0.834646 0.251969 -0.480315 
vn 0.220472 0.976378 0.0708661 
vn 0.76378 0.464567 -0.448819 
vn 0.401575 0.15748 -0.897638 
vn 0.0551181 0.992126 -0.141732 
vn 0.653543 0.362205 -0.669291 
vn 0.377953 -0.582677 -0.716535 
vn -0.0944882 0.937008 -0.346457 
vn 0.23622 -0.480315 -0.84252 
vn 0.488189 0.362205 -0.795276 
vn -0.19685 0.976378 0.110236 
vn 0.700787 0.448819 0.559055 
vn -0.220472 0.976378 0.0708661 
vn 0.716535 0.614173 0.330709 
vn 0.685039 0.354331 0.637795 
vn 0.889764 -0.330709 0.322835 
vn -0.559055 0.244094 -0.795276 
vn -0.0551181 0.992126 -0.141732 
vn 0.779528 0.629921 0.0393701 
vn 0.0944882 0.937008 -0.346457 
vn -0.700787 0.448819 0.559055 
vn 0.19685 0.976378 0.110236 
vn 0.220472 0.976378 0.0708661 
vn -0.685039 0.354331 0.637795 
vn -0.88189 -0.330709 0.322835 
vn 0.559055 0.244094 -0.795276 
vn -0.716535 0.614173 0.330709 
vn 0.0551181 0.992126 -0.141732 
vn -0.779528 0.629921 0.0393701 
vn -0.0944882 0.937008 -0.346457 
vn 0.0314961 -0.748031 -0.669291 
vn 0.0629921 1 0.0472441 
vn -0.0472441 -0.944882 -0.322835 
vn 0.0551181 -0.826772 -0.559055 
vn 0.724409 0.669291 0.181102 
vn -0.0472441 -0.685039 -0.724409 
vn 0.299213 0.889764 -0.354331 
vn 0.661417 0.732283 0.149606 
vn -0.338583 -0.0551181 -0.937008 
vn 0.496063 0.858268 0.102362 
vn 0.362205 0.905512 0.23622 
vn -0.818898 -0.188976 -0.535433 
vn -0.905512 -0.23622 -0.346457 
vn 0.188976 0.937008 0.299213 
vn 0.535433 0.84252 0.0708661 
vn -0.740157 -0.637795 -0.220472 
vn 0.700787 0.503937 -0.511811 
vn -0.771654 -0.472441 -0.417323 
vn -0.905512 -0.267717 -0.330709 
vn 0.165354 0.897638 -0.401575 
vn 0.724409 0.535433 -0.440945 
vn -0.866142 0.488189 -0.125984 
vn 0.685039 0.669291 -0.299213 
vn -0.850394 0.110236 0.511811 
vn 0.748031 0.645669 -0.141732 
vn 0.023622 0.952756 0.314961 
vn 0.716535 0.700787 0.0629921 
vn -0.149606 0.913386 -0.370079 
vn 0.181102 0.708661 -0.685039 
vn 0.669291 0.566929 -0.472441 
vn -0.0314961 0.330709 -0.944882 
vn -0.582677 0.748031 -0.307087 
vn 0.0708661 0.582677 -0.811024 
vn -0.755906 0.511811 -0.401575 
vn -0.0787402 0.125984 -0.992126 
vn -0.818898 0.299213 -0.496063 
vn -0.0472441 0.204724 -0.976378 
vn -0.748031 0.409449 -0.519685 
vn -0.283465 0.724409 -0.629921 
vn -0.755906 0.464567 -0.464567 
vn 0.582677 0.748031 -0.307087 
vn 0.0314961 0.330709 -0.944882 
vn -0.0708661 0.582677 -0.811024 
vn 0.755906 0.511811 -0.401575 
vn 0.0787402 0.125984 -0.992126 
vn 0.818898 0.299213 -0.496063 
vn 0.0472441 0.204724 -0.976378 
vn 0.748031 0.409449 -0.519685 
vn 0.283465 0.724409 -0.629921 
vn 0.755906 0.464567 -0.464567 
vn -0.645669 0.669291 -0.370079 
vn -0.818898 0.354331 -0.448819 
vn -0.834646 0.543307 -0.0629921 
vn 0.307087 -0.944882 0.110236 
vn -0.015748 -0.96063 0.291339 
vn 0.377953 -0.614173 0.692913 
vn -0.566929 0.480315 -0.669291 
vn 0.346457 -0.937008 -0.015748 
vn -0.110236 0.440945 -0.889764 
vn 0.787402 -0.551181 -0.267717 
vn -0.811024 0.543307 0.204724 
vn 0.669291 -0.11811 0.732283 
vn -0.354331 0.771654 -0.527559 
vn 0.905512 -0.19685 0.370079 
vn -0.724409 0.685039 0 
vn -0.385827 0.905512 -0.173228 
vn 0.850394 -0.228346 0.472441 
vn 0.645669 0.669291 -0.370079 
vn 0.834646 0.543307 -0.0629921 
vn 0.818898 0.354331 -0.448819 
vn -0.307087 -0.944882 0.110236 
vn 0.015748 -0.96063 0.291339 
vn -0.377953 -0.614173 0.692913 
vn 0.566929 0.480315 -0.669291 
vn -0.346457 -0.937008 -0.015748 
vn 0.811024 0.543307 0.204724 
vn -0.669291 -0.11811 0.732283 
vn 0.724409 0.685039 0 
vn 0.110236 0.440945 -0.889764 
vn -0.787402 -0.551181 -0.267717 
vn 0.354331 0.771654 -0.527559 
vn -0.905512 -0.19685 0.370079 
vn 0.385827 0.905512 -0.173228 
vn -0.850394 -0.228346 0.472441 
vn -0.732283 -0.314961 -0.606299 
vn -0.393701 -0.787402 0.472441 
vn -0.0708661 -0.984252 -0.149606 
vn -0.984252 -0.181102 0.015748 
vn -0.96063 -0.259843 0.0629921 
vn -0.267717 -0.795276 0.543307 
vn -0.23622 -0.952756 0.188976 
vn -0.818898 -0.519685 -0.244094 
vn 0.984252 -0.181102 0.015748 
vn 0.732283 -0.314961 -0.606299 
vn 0.393701 -0.787402 0.472441 
vn 0.0708661 -0.984252 -0.149606 
vn 0.96063 -0.259843 0.0629921 
vn 0.267717 -0.795276 0.543307 
vn 0.23622 -0.952756 0.188976 
vn 0.818898 -0.519685 -0.244094 
vn -0.275591 -0.322835 -0.905512 
vn -0.818898 0.267717 -0.511811 
vn -0.905512 0.181102 -0.377953 
vn -0.385827 -0.314961 -0.866142 
vn -0.19685 -0.425197 -0.88189 
vn -0.559055 0.244094 -0.795276 
vn -0.755906 0.464567 -0.464567 
vn -0.716535 0.385827 -0.582677 
vn -0.929134 -0.0787402 -0.354331 
vn -0.92126 -0.23622 -0.314961 
vn -0.133858 -0.511811 -0.850394 
vn -0.0866142 -0.291339 -0.952756 
vn -0.889764 -0.0393701 -0.448819 
vn -0.0708661 0.149606 -0.984252 
vn -0.740157 0.346457 -0.582677 
vn 0.275591 -0.322835 -0.905512 
vn 0.818898 0.267717 -0.511811 
vn 0.385827 -0.314961 -0.866142 
vn 0.559055 0.244094 -0.795276 
vn 0.755906 0.464567 -0.464567 
vn 0.716535 0.385827 -0.582677 
vn 0.905512 0.181102 -0.377953 
vn 0.19685 -0.425197 -0.88189 
vn 0.929134 -0.0787402 -0.354331 
vn 0.92126 -0.23622 -0.314961 
vn 0.133858 -0.511811 -0.850394 
vn 0.0866142 -0.291339 -0.952756 
vn 0.889764 -0.0393701 -0.448819 
vn 0.0708661 0.149606 -0.984252 
vn 0.740157 0.346457 -0.582677 
vn -0.362205 0.905512 0.23622 
vn 0.818898 -0.188976 -0.535433 
vn 0.905512 -0.23622 -0.346457 
vn -0.188976 0.937008 0.299213 
vn -0.535433 0.84252 0.0708661 
vn 0.740157 -0.637795 -0.220472 
vn -0.700787 0.496063 -0.511811 
vn 0.771654 -0.472441 -0.417323 
vn 0.905512 -0.267717 -0.330709 
vn -0.165354 0.897638 -0.401575 
vn -0.724409 0.535433 -0.440945 
vn 0.866142 0.488189 -0.125984 
vn -0.685039 0.669291 -0.299213 
vn 0.850394 0.110236 0.511811 
vn -0.748031 0.645669 -0.141732 
vn -0.023622 0.952756 0.314961 
vn -0.708661 0.700787 0.0629921 
vn 0.149606 0.913386 -0.370079 
vn -0.181102 0.708661 -0.685039 
vn -0.669291 0.566929 -0.472441 
vn -0.685039 0.629921 0.354331 
vn -0.771654 0.590551 -0.220472 
vn -0.275591 0.259843 0.92126 
vn -0.314961 0.267717 0.913386 
vn -0.669291 0.669291 0.314961 
vn -0.275591 0.267717 0.92126 
vn -0.787402 0.519685 0.314961 
vn -0.181102 0.0472441 0.984252 
vn -0.141732 -0.133858 0.984252 
vn -0.866142 0.346457 0.370079 
vn -0.141732 -0.15748 0.976378 
vn -0.858268 0.291339 0.417323 
vn -0.015748 -0.204724 0.976378 
vn -0.874016 0.291339 0.393701 
vn -0.149606 -0.0629921 0.984252 
vn -0.88189 0.385827 0.275591 
vn -0.165354 0.0629921 0.984252 
vn -0.811024 0.488189 0.330709 
vn -0.88189 0.448819 0.141732 
vn -0.0314961 -0.0708661 1 
vn -0.212598 -0.291339 0.937008 
vn 0.771654 0.590551 -0.220472 
vn 0.275591 0.259843 0.92126 
vn 0.314961 0.267717 0.913386 
vn 0.685039 0.629921 0.354331 
vn 0.669291 0.669291 0.314961 
vn 0.275591 0.267717 0.92126 
vn 0.787402 0.519685 0.314961 
vn 0.181102 0.0472441 0.984252 
vn 0.141732 -0.133858 0.984252 
vn 0.866142 0.346457 0.370079 
vn 0.141732 -0.15748 0.976378 
vn 0.858268 0.291339 0.417323 
vn 0.015748 -0.204724 0.976378 
vn 0.874016 0.291339 0.393701 
vn 0.149606 -0.0629921 0.984252 
vn 0.88189 0.385827 0.275591 
vn 0.165354 0.0629921 0.984252 
vn 0.811024 0.488189 0.330709 
vn 0.88189 0.448819 0.141732 
vn 0.0314961 -0.0708661 1 
vn 0.212598 -0.283465 0.937008 
vn -0.574803 0.496063 -0.653543 
vn -0.574803 0.511811 -0.637795 
vn 0.0866142 0.582677 -0.80315 
vn 0.220472 0.307087 -0.929134 
vn -0.622047 0.511811 -0.590551 
vn -0.716535 0.456693 -0.527559 
vn 0.220472 0.181102 -0.96063 
vn -0.692913 0.385827 -0.606299 
vn 0.173228 -0.00787402 -0.984252 
vn -0.0944882 -0.149606 -0.984252 
vn -0.685039 0.409449 -0.606299 
vn -0.23622 -0.244094 -0.944882 
vn -0.653543 0.401575 -0.637795 
vn -0.275591 -0.330709 -0.905512 
vn -0.700787 0.393701 -0.590551 
vn -0.251969 -0.401575 -0.88189 
vn -0.850394 0.338583 -0.401575 
vn -0.259843 -0.338583 -0.905512 
vn -0.968504 0.0944882 -0.244094 
vn -0.228346 -0.259843 -0.937008 
vn -0.976378 -0.165354 -0.141732 
vn -0.866142 -0.472441 -0.149606 
vn -0.11811 -0.275591 -0.952756 
vn -0.0472441 -0.0393701 -1 
vn -0.748031 -0.377953 -0.543307 
vn -0.858268 -0.0393701 -0.511811 
vn -0.149606 0.354331 -0.92126 
vn -0.866142 0.346457 -0.362205 
vn -0.244094 0.685039 -0.685039 
vn 0.574803 0.496063 -0.653543 
vn -0.0866142 0.582677 -0.80315 
vn 0.574803 0.511811 -0.637795 
vn -0.220472 0.307087 -0.929134 
vn 0.622047 0.511811 -0.590551 
vn 0.716535 0.456693 -0.527559 
vn -0.220472 0.181102 -0.96063 
vn 0.692913 0.385827 -0.606299 
vn -0.173228 -0.00787402 -0.984252 
vn 0.0944882 -0.149606 -0.984252 
vn 0.685039 0.409449 -0.606299 
vn 0.23622 -0.244094 -0.944882 
vn 0.653543 0.401575 -0.637795 
vn 0.275591 -0.330709 -0.905512 
vn 0.700787 0.393701 -0.590551 
vn 0.251969 -0.401575 -0.88189 
vn 0.850394 0.338583 -0.401575 
vn 0.259843 -0.338583 -0.905512 
vn 0.968504 0.0944882 -0.244094 
vn 0.228346 -0.259843 -0.937008 
vn 0.976378 -0.165354 -0.141732 
vn 0.866142 -0.472441 -0.149606 
vn 0.11811 -0.275591 -0.952756 
vn 0.0551181 -0.0393701 -1 
vn 0.748031 -0.377953 -0.543307 
vn 0.858268 -0.0393701 -0.511811 
vn 0.149606 0.354331 -0.92126 
vn 0.866142 0.346457 -0.362205 
vn 0.244094 0.685039 -0.685039 
vn 0.606299 0.417323 -0.677165 
vn 0.716535 0.503937 -0.480315 
vn -0.937008 0.299213 0.181102 
vn -0.456693 0.732283 0.503937 
vn -0.992126 0.141732 0.0393701 
vn -0.338583 0.181102 0.92126 
vn 0.511811 0.338583 -0.787402 
vn 0.748031 0.456693 -0.488189 
vn -0.929134 -0.149606 0.346457 
vn 0.858268 0.385827 -0.338583 
vn -0.244094 -0.0472441 0.968504 
vn 0.913386 0.267717 -0.299213 
vn 0.692913 0.700787 0.149606 
vn -0.92126 0.133858 0.362205 
vn 0.724409 0.685039 0.0472441 
vn -0.976378 0.19685 0.11811 
vn -0.771654 0.385827 -0.511811 
vn 0.732283 0.653543 -0.165354 
vn 0.834646 0.472441 -0.275591 
vn -0.716535 -0.322835 -0.622047 
vn 0.858268 0.338583 -0.385827 
vn -0.543307 -0.582677 -0.606299 
vn 0.496063 0.866142 0.0866142 
vn -0.622047 -0.653543 -0.433071 
vn -0.755906 -0.244094 -0.606299 
vn 0.0866142 0.976378 0.204724 
vn -0.606299 -0.307087 -0.740157 
vn 0.299213 0.937008 0.15748 
vn 0.354331 -0.850394 -0.401575 
vn 0.755906 -0.244094 -0.606299 
vn 0.338583 -0.937008 0.023622 
vn 0.0708661 -0.968504 0.251969 
vn 0.330709 -0.76378 -0.559055 
vn 0.606299 -0.307087 -0.732283 
vn -0.0472441 -0.188976 -0.984252 
vn -0.19685 -0.795276 -0.566929 
vn -0.275591 -0.889764 -0.362205 
vn -0.0629921 -0.976378 -0.212598 
vn 0.015748 -0.897638 0.440945 
vn -0.23622 -0.952756 0.19685 
vn -0.188976 -0.669291 0.716535 
vn -0.212598 -0.92126 0.322835 
vn -0.496063 -0.614173 0.614173 
vn -0.425197 -0.692913 0.582677 
vn -0.212598 -0.834646 -0.511811 
vn -0.393701 -0.913386 0.0944882 
vn -0.661417 -0.582677 0.472441 
vn -0.425197 -0.795276 -0.440945 
vn -0.929134 -0.330709 -0.133858 
vn 0.0629921 -0.433071 0.897638 
vn -0.496063 -0.488189 0.716535 
vn -0.425197 0.19685 0.88189 
vn 0.259843 0.0472441 0.96063 
vn -0.354331 -0.850394 -0.401575 
vn -0.755906 -0.244094 -0.606299 
vn -0.338583 -0.937008 0.023622 
vn -0.330709 -0.76378 -0.559055 
vn -0.606299 -0.307087 -0.740157 
vn 0.0472441 -0.188976 -0.984252 
vn 0.19685 -0.795276 -0.566929 
vn 0.275591 -0.889764 -0.362205 
vn 0.0629921 -0.976378 -0.212598 
vn -0.0708661 -0.968504 0.251969 
vn 0.23622 -0.952756 0.19685 
vn 0.212598 -0.834646 -0.511811 
vn -0.015748 -0.897638 0.440945 
vn 0.188976 -0.669291 0.716535 
vn 0.496063 -0.614173 0.614173 
vn 0.220472 -0.92126 0.322835 
vn 0.425197 -0.692913 0.582677 
vn -0.0629921 -0.433071 0.897638 
vn 0.496063 -0.488189 0.716535 
vn -0.267717 0.0472441 0.96063 
vn 0.425197 0.19685 0.88189 
vn 0.393701 -0.913386 0.0944882 
vn 0.661417 -0.582677 0.472441 
vn 0.425197 -0.795276 -0.440945 
vn 0.929134 -0.330709 -0.133858 
vn -0.574803 0.677165 -0.464567 
vn -0.173228 0.968504 -0.188976 
vn -0.496063 0.834646 -0.23622 
vn 0.866142 -0.496063 -0.0708661 
vn 0.716535 -0.393701 0.574803 
vn 0.141732 -0.448819 0.88189 
vn -0.472441 0.755906 -0.464567 
vn 0.771654 -0.598425 0.204724 
vn -0.330709 0.818898 -0.464567 
vn -0.551181 0.748031 -0.370079 
vn 0.385827 -0.582677 0.708661 
vn -0.464567 0.622047 -0.629921 
vn 0.748031 -0.645669 0.141732 
vn 0.669291 -0.748031 -0.0472441 
vn -0.708661 0.629921 -0.330709 
vn 0.314961 -0.637795 0.700787 
vn -0.708661 0.472441 -0.519685 
vn -0.724409 0.259843 -0.637795 
vn 0.338583 -0.866142 0.362205 
vn -0.669291 0.472441 -0.566929 
vn 0.0708661 -0.732283 0.677165 
vn 0.574803 0.677165 -0.464567 
vn 0.496063 0.834646 -0.23622 
vn 0.173228 0.968504 -0.188976 
vn -0.866142 -0.496063 -0.0708661 
vn -0.716535 -0.393701 0.574803 
vn -0.141732 -0.448819 0.88189 
vn 0.472441 0.755906 -0.464567 
vn -0.771654 -0.598425 0.204724 
vn 0.330709 0.818898 -0.456693 
vn 0.551181 0.748031 -0.370079 
vn -0.385827 -0.590551 0.708661 
vn 0.464567 0.622047 -0.629921 
vn -0.748031 -0.645669 0.141732 
vn -0.669291 -0.748031 -0.0472441 
vn 0.708661 0.629921 -0.330709 
vn -0.314961 -0.637795 0.700787 
vn 0.708661 0.472441 -0.519685 
vn 0.669291 0.472441 -0.566929 
vn -0.0708661 -0.732283 0.677165 
vn -0.338583 -0.866142 0.362205 
vn 0.724409 0.259843 -0.637795 
vn -0.346457 -0.937008 0.0787402 
vn -0.0866142 0.984252 -0.149606 
vn -0.15748 -0.944882 0.283465 
vn 0.0866142 0.984252 -0.149606 
vn 0.346457 -0.937008 0.0787402 
vn 0.15748 -0.944882 0.283465 
vn -0.708661 0.700787 -0.0787402 
vn -0.629921 0.716535 -0.299213 
vn -0.543307 0.653543 -0.527559 
vn 0.692913 -0.149606 0.708661 
vn 0.275591 -0.511811 0.811024 
vn -0.354331 0.818898 -0.448819 
vn 0.76378 -0.370079 0.535433 
vn 0.787402 -0.409449 0.464567 
vn -0.653543 0.700787 -0.299213 
vn -0.0314961 -0.80315 0.590551 
vn 0.244094 -0.858268 0.448819 
vn -0.362205 0.692913 -0.622047 
vn 0.913386 -0.125984 0.393701 
vn -0.440945 0.464567 -0.771654 
vn -0.716535 0.440945 -0.535433 
vn 0.275591 -0.874016 0.393701 
vn -0.15748 0.314961 -0.937008 
vn 0.685039 -0.692913 0.212598 
vn -0.00787402 -0.968504 0.259843 
vn -0.314961 0.559055 -0.76378 
vn -0.551181 0.496063 -0.669291 
vn 0.708661 0.700787 -0.0787402 
vn 0.543307 0.653543 -0.527559 
vn 0.629921 0.716535 -0.299213 
vn -0.692913 -0.149606 0.708661 
vn -0.275591 -0.511811 0.811024 
vn 0.354331 0.818898 -0.448819 
vn -0.76378 -0.370079 0.535433 
vn -0.787402 -0.409449 0.464567 
vn 0.653543 0.700787 -0.299213 
vn 0.0314961 -0.80315 0.590551 
vn -0.244094 -0.858268 0.448819 
vn 0.362205 0.692913 -0.622047 
vn -0.913386 -0.125984 0.393701 
vn 0.440945 0.464567 -0.771654 
vn 0.716535 0.440945 -0.535433 
vn -0.275591 -0.874016 0.393701 
vn 0.15748 0.314961 -0.937008 
vn -0.685039 -0.692913 0.212598 
vn 0.00787402 -0.968504 0.259843 
vn 0.314961 0.559055 -0.76378 
vn 0.551181 0.496063 -0.669291 
vn -0.692913 0.110236 -0.716535 
vn -0.496063 0.700787 -0.511811 
vn -0.779528 0.251969 -0.574803 
vn 0.559055 0.811024 0.181102 
vn 0.96063 0.267717 -0.015748 
vn -0.889764 0.19685 -0.401575 
vn 0.464567 0.440945 0.771654 
vn -0.952756 0.181102 -0.251969 
vn 0.377953 0.251969 0.889764 
vn -0.637795 0.0629921 -0.76378 
vn 1 0.015748 -0.0314961 
vn 0.976378 -0.15748 0.125984 
vn -0.480315 0.338583 -0.811024 
vn 0.527559 0.023622 0.850394 
vn 0.511811 0.464567 0.724409 
vn -0.897638 0.425197 -0.125984 
vn 0.929134 0.370079 0.0551181 
vn -0.0944882 0.401575 -0.913386 
vn -0.818898 0.559055 0.149606 
vn -0.669291 0.598425 -0.448819 
vn -0.283465 0.330709 -0.897638 
vn 0.322835 0.480315 0.811024 
vn -0.362205 0.598425 0.716535 
vn -0.448819 0.283465 -0.850394 
vn -0.496063 0.11811 -0.858268 
vn -0.291339 -0.125984 0.944882 
vn -0.267717 -0.330709 0.905512 
vn -0.503937 0.023622 -0.866142 
vn -0.330709 0.440945 -0.834646 
vn 0.0472441 -0.385827 0.92126 
vn -0.149606 -0.299213 0.944882 
vn -0.125984 0.850394 -0.511811 
vn -0.291339 -0.370079 0.88189 
vn -0.653543 0.511811 -0.559055 
vn -0.173228 0.80315 -0.574803 
vn -0.755906 -0.527559 0.385827 
vn -0.244094 0.700787 -0.669291 
vn -0.15748 0.629921 -0.76378 
vn -0.220472 -0.944882 0.244094 
vn -0.0866142 0.606299 -0.795276 
vn 0.692913 0.110236 -0.716535 
vn 0.779528 0.251969 -0.574803 
vn 0.503937 0.700787 -0.511811 
vn -0.559055 0.811024 0.181102 
vn -0.96063 0.267717 -0.015748 
vn 0.897638 0.19685 -0.401575 
vn -0.464567 0.440945 0.771654 
vn 0.952756 0.181102 -0.251969 
vn -0.377953 0.251969 0.889764 
vn 0.637795 0.0629921 -0.76378 
vn -1 0.015748 -0.0314961 
vn -0.976378 -0.15748 0.125984 
vn 0.480315 0.338583 -0.811024 
vn -0.527559 0.023622 0.850394 
vn -0.511811 0.464567 0.724409 
vn 0.897638 0.425197 -0.125984 
vn -0.929134 0.362205 0.0551181 
vn 0.0944882 0.401575 -0.913386 
vn 0.818898 0.559055 0.149606 
vn 0.669291 0.598425 -0.448819 
vn 0.283465 0.330709 -0.897638 
vn -0.322835 0.480315 0.811024 
vn 0.362205 0.598425 0.716535 
vn 0.448819 0.283465 -0.850394 
vn 0.496063 0.11811 -0.858268 
vn 0.291339 -0.125984 0.944882 
vn 0.267717 -0.330709 0.905512 
vn 0.503937 0.023622 -0.866142 
vn 0.330709 0.440945 -0.834646 
vn -0.0472441 -0.385827 0.92126 
vn 0.149606 -0.299213 0.944882 
vn 0.125984 0.850394 -0.511811 
vn 0.291339 -0.370079 0.88189 
vn 0.653543 0.511811 -0.559055 
vn 0.173228 0.80315 -0.574803 
vn 0.755906 -0.527559 0.385827 
vn 0.244094 0.700787 -0.669291 
vn 0.15748 0.629921 -0.76378 
vn 0.220472 -0.944882 0.244094 
vn 0.0866142 0.606299 -0.795276 
vn 0.0314961 0.629921 -0.779528 
vn -0.834646 0.251969 -0.480315 
vn -0.401575 0.15748 -0.897638 
vn -0.80315 0.409449 -0.433071 
vn -0.76378 0.362205 -0.527559 
vn 0.125984 0.590551 -0.80315 
vn 0.133858 0.204724 -0.968504 
vn -0.637795 0.0551181 -0.76378 
vn 0.80315 0.409449 -0.433071 
vn -0.0314961 0.629921 -0.779528 
vn 0.834646 0.251969 -0.480315 
vn 0.401575 0.15748 -0.897638 
vn 0.76378 0.370079 -0.527559 
vn -0.125984 0.590551 -0.80315 
vn -0.141732 0.204724 -0.968504 
vn 0.637795 0.0551181 -0.76378 
vn -0.0629921 -0.976378 0.204724 
vn -0.00787402 0.488189 -0.874016 
vn 0.204724 -0.976378 0.0472441 
vn 0.314961 -0.905512 0.283465 
vn -0.614173 0.76378 -0.188976 
vn -0.188976 -0.937008 0.283465 
vn -0.574803 0.748031 0.330709 
vn -0.543307 0.826772 0.149606 
vn -0.15748 -0.984252 0.015748 
vn -0.661417 0.606299 -0.448819 
vn -0.519685 0.850394 0.0629921 
vn -0.181102 -0.968504 -0.15748 
vn -0.181102 -0.661417 -0.724409 
vn -0.472441 0.88189 -0.0472441 
vn -0.346457 0.937008 -0.0314961 
vn 0.464567 -0.645669 -0.606299 
vn -0.220472 0.976378 -0.0393701 
vn 0.590551 -0.590551 -0.551181 
vn 0.677165 -0.700787 -0.212598 
vn -0.661417 0.748031 -0.0551181 
vn -0.976378 0.133858 -0.149606 
vn 0.606299 -0.653543 -0.456693 
vn 0.661417 -0.448819 -0.606299 
vn -0.574803 0.622047 -0.527559 
vn -0.96063 0.244094 -0.149606 
vn 0.622047 0.212598 -0.755906 
vn -0.889764 0.425197 -0.15748 
vn -0.858268 0.519685 0.015748 
vn 0.937008 0.330709 -0.133858 
vn 0.11811 0.976378 -0.165354 
vn -0.669291 0.740157 -0.015748 
vn -0.220472 0.606299 -0.76378 
vn -0.661417 0.212598 -0.724409 
vn -0.929134 0.275591 -0.23622 
vn 0.0629921 -0.976378 0.204724 
vn 0.00787402 0.488189 -0.874016 
vn -0.204724 -0.976378 0.0472441 
vn -0.314961 -0.905512 0.283465 
vn 0.614173 0.76378 -0.188976 
vn 0.188976 -0.937008 0.283465 
vn 0.574803 0.748031 0.330709 
vn 0.661417 0.606299 -0.448819 
vn 0.543307 0.826772 0.149606 
vn 0.15748 -0.984252 0.015748 
vn 0.519685 0.850394 0.0629921 
vn 0.181102 -0.968504 -0.15748 
vn 0.181102 -0.661417 -0.724409 
vn 0.472441 0.88189 -0.0472441 
vn 0.346457 0.937008 -0.0314961 
vn -0.464567 -0.645669 -0.606299 
vn 0.220472 0.976378 -0.0393701 
vn -0.590551 -0.590551 -0.551181 
vn -0.677165 -0.700787 -0.212598 
vn 0.661417 0.748031 -0.0551181 
vn 0.976378 0.133858 -0.149606 
vn -0.606299 -0.653543 -0.456693 
vn -0.661417 -0.440945 -0.606299 
vn 0.574803 0.622047 -0.527559 
vn 0.96063 0.244094 -0.149606 
vn -0.622047 0.212598 -0.755906 
vn 0.889764 0.425197 -0.15748 
vn 0.858268 0.519685 0.015748 
vn -0.937008 0.330709 -0.133858 
vn -0.11811 0.976378 -0.165354 
vn 0.669291 0.740157 -0.015748 
vn 0.220472 0.606299 -0.76378 
vn 0.661417 0.212598 -0.724409 
vn 0.929134 0.275591 -0.23622 
vn -0.480315 0.551181 -0.677165 
vn -0.755906 -0.0708661 -0.645669 
vn -0.653543 0.362205 -0.661417 
vn 0.0787402 -0.401575 0.913386 
vn 0.149606 -0.393701 0.905512 
vn 0.15748 -0.858268 0.488189 
vn -0.669291 0.614173 -0.417323 
vn 0.165354 -0.0393701 0.984252 
vn -0.582677 0.338583 -0.740157 
vn 0.645669 -0.732283 0.228346 
vn -0.362205 0.779528 -0.511811 
vn -0.0866142 0.889764 -0.448819 
vn 0.708661 -0.0944882 0.692913 
vn 0.88189 -0.440945 0.173228 
vn -0.228346 0.716535 -0.653543 
vn -0.244094 0.440945 -0.866142 
vn 0.669291 -0.677165 0.291339 
vn 0.480315 0.551181 -0.677165 
vn 0.653543 0.362205 -0.661417 
vn 0.755906 -0.0708661 -0.645669 
vn -0.0787402 -0.401575 0.913386 
vn -0.15748 -0.858268 0.488189 
vn -0.149606 -0.393701 0.905512 
vn 0.582677 0.338583 -0.740157 
vn -0.645669 -0.732283 0.228346 
vn 0.669291 0.614173 -0.417323 
vn -0.165354 -0.0393701 0.984252 
vn 0.362205 0.779528 -0.511811 
vn 0.0866142 0.889764 -0.448819 
vn -0.708661 -0.0944882 0.692913 
vn -0.88189 -0.440945 0.173228 
vn 0.228346 0.716535 -0.653543 
vn 0.23622 0.440945 -0.866142 
vn -0.669291 -0.677165 0.291339 
vn 0.362205 0.244094 0.897638 
vn -0.661417 0.724409 0.220472 
vn -0.330709 0.937008 0.0787402 
vn 0.984252 -0.0314961 0.173228 
vn 0.0866142 0.582677 -0.80315 
vn 0.251969 0.125984 0.96063 
vn -0.80315 0.488189 0.354331 
vn 0.141732 -0.015748 0.992126 
vn -0.866142 0.283465 0.409449 
vn 0.0551181 -0.173228 0.984252 
vn -0.84252 0.212598 0.488189 
vn 0.015748 -0.15748 0.984252 
vn -0.740157 0.456693 0.503937 
vn 0.0314961 0.141732 0.992126 
vn -0.519685 0.685039 0.503937 
vn 0.11811 0.464567 0.88189 
vn -0.251969 0.125984 0.96063 
vn -0.362205 0.244094 0.897638 
vn 0.661417 0.724409 0.220472 
vn 0.330709 0.937008 0.0787402 
vn -0.984252 -0.0314961 0.173228 
vn -0.0866142 0.582677 -0.80315 
vn 0.80315 0.488189 0.354331 
vn -0.141732 -0.015748 0.992126 
vn 0.866142 0.283465 0.409449 
vn -0.0551181 -0.173228 0.984252 
vn 0.84252 0.212598 0.488189 
vn -0.015748 -0.15748 0.984252 
vn 0.740157 0.456693 0.503937 
vn -0.0314961 0.141732 0.992126 
vn 0.519685 0.685039 0.503937 
vn -0.11811 0.464567 0.88189 
vn -0.574803 0.732283 -0.362205 
vn -0.551181 0.23622 -0.80315 
vn -0.582677 0.519685 -0.622047 
vn 0.448819 0.228346 0.858268 
vn 0.88189 0.314961 0.354331 
vn -0.102362 -0.401575 0.913386 
vn -0.708661 0.425197 -0.566929 
vn 0.787402 0.023622 0.622047 
vn -0.700787 0.322835 -0.637795 
vn 0.19685 -0.346457 0.913386 
vn -0.456693 0.440945 -0.771654 
vn 0.818898 -0.0314961 0.566929 
vn -0.732283 0.0629921 -0.677165 
vn 0.19685 -0.425197 0.88189 
vn 0.165354 -0.645669 0.748031 
vn -0.314961 0.338583 -0.889764 
vn 0.913386 -0.141732 0.377953 
vn -0.511811 -0.0393701 -0.858268 
vn -0.425197 0.015748 -0.905512 
vn -0.346457 -0.181102 -0.92126 
vn 0.637795 -0.480315 0.606299 
vn 0.574803 0.732283 -0.362205 
vn 0.582677 0.519685 -0.622047 
vn 0.551181 0.23622 -0.80315 
vn -0.448819 0.228346 0.858268 
vn 0.102362 -0.401575 0.913386 
vn -0.88189 0.314961 0.354331 
vn 0.700787 0.322835 -0.637795 
vn -0.19685 -0.346457 0.913386 
vn 0.708661 0.425197 -0.566929 
vn -0.787402 0.023622 0.622047 
vn 0.456693 0.440945 -0.771654 
vn -0.818898 -0.0314961 0.566929 
vn 0.732283 0.0629921 -0.677165 
vn -0.19685 -0.425197 0.88189 
vn -0.165354 -0.645669 0.748031 
vn 0.314961 0.338583 -0.889764 
vn -0.913386 -0.141732 0.377953 
vn 0.511811 -0.0393701 -0.858268 
vn 0.425197 0.015748 -0.905512 
vn 0.346457 -0.181102 -0.92126 
vn -0.637795 -0.480315 0.606299 
vn -0.826772 0.503937 -0.259843 
vn -0.519685 0.685039 0.511811 
vn -0.88189 0.409449 0.220472 
vn -0.685039 0.724409 -0.0866142 
vn -0.267717 0.937008 -0.228346 
vn -0.653543 0.401575 -0.637795 
vn 0.818898 0.503937 -0.259843 
vn 0.88189 0.409449 0.220472 
vn 0.511811 0.685039 0.511811 
vn 0.685039 0.724409 -0.0866142 
vn 0.267717 0.937008 -0.228346 
vn 0.653543 0.401575 -0.637795 
vn -0.968504 0.102362 0.220472 
vn -0.267717 -0.283465 0.92126 
vn -0.968504 0.0551181 0.251969 
vn -0.370079 -0.307087 0.874016 
vn -0.992126 0.015748 0.141732 
vn -1 -0.0629921 0.0393701 
vn -0.314961 -0.322835 0.889764 
vn -0.976378 -0.220472 -0.023622 
vn -0.314961 -0.377953 0.866142 
vn -0.897638 -0.433071 -0.0708661 
vn -0.338583 -0.496063 0.795276 
vn -0.818898 -0.551181 -0.15748 
vn -0.307087 -0.645669 0.700787 
vn -0.84252 -0.527559 -0.125984 
vn -0.330709 -0.582677 0.740157 
vn -0.976378 -0.220472 0 
vn -0.456693 -0.275591 0.84252 
vn -0.96063 0.220472 0.165354 
vn -0.519685 0.133858 0.84252 
vn 0.968504 0.102362 0.220472 
vn 0.259843 -0.283465 0.92126 
vn 0.968504 0.0551181 0.251969 
vn 0.370079 -0.307087 0.874016 
vn 0.992126 0.015748 0.141732 
vn 1 -0.0629921 0.0393701 
vn 0.314961 -0.322835 0.889764 
vn 0.976378 -0.220472 -0.023622 
vn 0.314961 -0.377953 0.866142 
vn 0.897638 -0.433071 -0.0708661 
vn 0.338583 -0.496063 0.795276 
vn 0.818898 -0.551181 -0.15748 
vn 0.307087 -0.645669 0.700787 
vn 0.84252 -0.527559 -0.125984 
vn 0.330709 -0.582677 0.740157 
vn 0.976378 -0.220472 0 
vn 0.456693 -0.275591 0.84252 
vn 0.96063 0.220472 0.165354 
vn 0.519685 0.133858 0.84252 
vn -0.740157 0.0314961 -0.669291 
vn -0.716535 0.385827 -0.582677 
vn -0.748031 0.574803 -0.330709 
vn 0.598425 -0.795276 0.0866142 
vn 0.952756 -0.23622 -0.188976 
vn 0.19685 -0.787402 0.590551 
vn -0.84252 0.291339 -0.456693 
vn 0.897638 -0.433071 0.0393701 
vn -0.866142 0.393701 -0.307087 
vn 0.472441 -0.740157 0.480315 
vn 0.472441 -0.692913 0.543307 
vn -0.669291 0.527559 -0.527559 
vn 0.929134 -0.370079 0.0708661 
vn -0.543307 0.692913 -0.472441 
vn -0.629921 0.755906 -0.15748 
vn 0.992126 -0.0551181 0.102362 
vn -0.874016 0.472441 -0.110236 
vn 0.377953 -0.527559 0.76378 
vn -0.669291 0.732283 -0.125984 
vn -0.535433 0.84252 0.023622 
vn 0.795276 -0.220472 0.559055 
vn 0.740157 0.0314961 -0.669291 
vn 0.748031 0.574803 -0.330709 
vn 0.716535 0.385827 -0.582677 
vn -0.598425 -0.795276 0.0866142 
vn -0.19685 -0.787402 0.590551 
vn -0.952756 -0.23622 -0.188976 
vn 0.866142 0.393701 -0.307087 
vn -0.472441 -0.740157 0.480315 
vn -0.472441 -0.692913 0.543307 
vn 0.84252 0.291339 -0.456693 
vn -0.897638 -0.433071 0.0393701 
vn 0.874016 0.472441 -0.110236 
vn -0.377953 -0.527559 0.76378 
vn 0.669291 0.732283 -0.125984 
vn 0.535433 0.84252 0.023622 
vn -0.795276 -0.220472 0.559055 
vn -0.992126 -0.0551181 0.102362 
vn 0.629921 0.755906 -0.15748 
vn -0.929134 -0.370079 0.0708661 
vn 0.543307 0.692913 -0.472441 
vn 0.669291 0.527559 -0.527559 
vn -0.543307 0.0708661 -0.834646 
vn -0.748031 0.228346 -0.622047 
vn -0.0629921 0.173228 -0.984252 
vn 0.629921 -0.677165 0.377953 
vn 0.976378 -0.15748 0.141732 
vn 0.834646 0.228346 0.503937 
vn -0.771654 -0.0866142 -0.629921 
vn 0.574803 -0.677165 0.464567 
vn -0.496063 0.322835 -0.80315 
vn -0.661417 0.496063 -0.559055 
vn 0.795276 0.220472 0.566929 
vn 0.606299 0.322835 0.724409 
vn -0.913386 0.149606 -0.370079 
vn 0.362205 -0.708661 0.598425 
vn 0.511811 -0.173228 0.84252 
vn -0.944882 0.275591 -0.165354 
vn -0.866142 0.330709 -0.377953 
vn 0.543307 0.0708661 -0.834646 
vn 0.0629921 0.173228 -0.984252 
vn 0.748031 0.228346 -0.622047 
vn -0.629921 -0.677165 0.377953 
vn -0.976378 -0.15748 0.141732 
vn -0.834646 0.228346 0.503937 
vn 0.771654 -0.0866142 -0.629921 
vn -0.574803 -0.677165 0.464567 
vn 0.496063 0.322835 -0.80315 
vn 0.661417 0.496063 -0.566929 
vn -0.795276 0.220472 0.566929 
vn -0.606299 0.322835 0.724409 
vn 0.913386 0.149606 -0.370079 
vn -0.362205 -0.708661 0.598425 
vn -0.511811 -0.173228 0.84252 
vn 0.866142 0.330709 -0.377953 
vn 0.944882 0.275591 -0.165354 
vn -0.0708661 -0.0787402 -0.992126 
vn -0.944882 -0.149606 -0.283465 
vn -0.913386 -0.133858 -0.385827 
vn -0.905512 0.165354 -0.393701 
vn 0.0551181 -0.0944882 -0.992126 
vn -0.464567 -0.0314961 -0.88189 
vn -0.0866142 0.212598 -0.976378 
vn -0.787402 0.551181 -0.283465 
vn -0.11811 0.598425 -0.795276 
vn 0.944882 -0.149606 -0.283465 
vn 0.0708661 -0.0787402 -0.992126 
vn 0.913386 -0.133858 -0.385827 
vn 0.905512 0.165354 -0.393701 
vn -0.0551181 -0.0944882 -0.992126 
vn 0.464567 -0.0314961 -0.88189 
vn 0.0866142 0.212598 -0.976378 
vn 0.787402 0.551181 -0.283465 
vn 0.11811 0.598425 -0.795276 
vn -0.787402 0.519685 0.314961 
vn -0.574803 0.511811 -0.637795 
vn -0.574803 0.496063 -0.653543 
vn -0.527559 0.559055 -0.637795 
vn -0.866142 0.346457 0.370079 
vn -0.669291 0.669291 0.314961 
vn -0.622047 0.511811 -0.590551 
vn -0.488189 0.472441 -0.732283 
vn -0.685039 0.629921 0.354331 
vn -0.771654 0.590551 -0.220472 
vn -0.858268 0.291339 0.417323 
vn -0.716535 0.456693 -0.527559 
vn -0.874016 0.291339 0.393701 
vn -0.692913 0.385827 -0.606299 
vn -0.88189 0.385827 0.275591 
vn -0.685039 0.409449 -0.606299 
vn -0.811024 0.488189 0.330709 
vn -0.88189 0.448819 0.141732 
vn -0.653543 0.401575 -0.637795 
vn -0.574803 0.503937 -0.645669 
vn -0.968504 0.102362 0.220472 
vn -0.511811 0.417323 -0.755906 
vn -0.968504 0.0551181 0.251969 
vn -0.543307 0.259843 -0.795276 
vn -0.992126 0.015748 0.141732 
vn -1 -0.0629921 0.0393701 
vn -0.535433 0.212598 -0.818898 
vn -0.700787 0.259843 -0.661417 
vn -0.976378 -0.220472 -0.023622 
vn -0.897638 -0.433071 -0.0708661 
vn -0.519685 0.0708661 -0.850394 
vn -0.818898 -0.551181 -0.15748 
vn -0.433071 -0.0393701 -0.897638 
vn -0.84252 -0.527559 -0.125984 
vn -0.425197 0.0629921 -0.905512 
vn -0.976378 -0.220472 0 
vn -0.551181 0.370079 -0.748031 
vn -0.590551 0.669291 -0.456693 
vn -0.96063 0.220472 0.165354 
vn 0.787402 0.519685 0.314961 
vn 0.574803 0.511811 -0.637795 
vn 0.866142 0.346457 0.370079 
vn 0.622047 0.511811 -0.590551 
vn 0.574803 0.496063 -0.653543 
vn 0.858268 0.291339 0.417323 
vn 0.527559 0.559055 -0.637795 
vn 0.716535 0.456693 -0.527559 
vn 0.669291 0.669291 0.314961 
vn 0.874016 0.291339 0.393701 
vn 0.488189 0.472441 -0.732283 
vn 0.685039 0.629921 0.354331 
vn 0.771654 0.590551 -0.220472 
vn 0.692913 0.385827 -0.606299 
vn 0.88189 0.385827 0.275591 
vn 0.685039 0.409449 -0.606299 
vn 0.811024 0.488189 0.330709 
vn 0.88189 0.448819 0.141732 
vn 0.653543 0.401575 -0.637795 
vn 0.574803 0.503937 -0.645669 
vn 0.968504 0.102362 0.220472 
vn 0.511811 0.417323 -0.755906 
vn 0.968504 0.0551181 0.251969 
vn 0.543307 0.259843 -0.795276 
vn 0.992126 0.015748 0.141732 
vn 1 -0.0629921 0.0393701 
vn 0.535433 0.212598 -0.818898 
vn 0.700787 0.259843 -0.661417 
vn 0.976378 -0.220472 -0.023622 
vn 0.897638 -0.433071 -0.0708661 
vn 0.519685 0.0708661 -0.850394 
vn 0.818898 -0.551181 -0.15748 
vn 0.433071 -0.0393701 -0.897638 
vn 0.84252 -0.527559 -0.125984 
vn 0.425197 0.0629921 -0.905512 
vn 0.976378 -0.220472 0 
vn 0.551181 0.370079 -0.748031 
vn 0.590551 0.669291 -0.456693 
vn 0.96063 0.220472 0.165354 
vn -0.464567 0.732283 -0.496063 
vn -0.669291 0.519685 -0.535433 
vn -0.125984 0.850394 -0.511811 
vn 0.874016 -0.133858 0.464567 
vn 0.401575 -0.0472441 0.913386 
vn 0.76378 -0.629921 -0.149606 
vn -0.425197 0.653543 -0.629921 
vn 0.574803 -0.275591 0.771654 
vn -0.496063 0.527559 -0.685039 
vn 0.771654 -0.606299 0.19685 
vn -0.614173 0.677165 -0.409449 
vn 0.511811 -0.314961 0.80315 
vn -0.566929 0.346457 -0.748031 
vn 0.724409 -0.661417 0.181102 
vn 0.574803 -0.811024 0.0787402 
vn -0.748031 0.590551 -0.314961 
vn -0.811024 0.370079 -0.456693 
vn 0.283465 -0.370079 0.88189 
vn -0.80315 0.307087 -0.519685 
vn -0.874016 0.110236 -0.472441 
vn 0.425197 -0.724409 0.535433 
vn 0.464567 0.732283 -0.496063 
vn 0.125984 0.850394 -0.511811 
vn 0.669291 0.519685 -0.535433 
vn -0.874016 -0.133858 0.464567 
vn -0.76378 -0.629921 -0.149606 
vn -0.401575 -0.0472441 0.913386 
vn 0.496063 0.535433 -0.685039 
vn -0.771654 -0.606299 0.19685 
vn 0.425197 0.645669 -0.629921 
vn -0.574803 -0.275591 0.771654 
vn 0.566929 0.346457 -0.748031 
vn -0.724409 -0.661417 0.181102 
vn -0.574803 -0.811024 0.0787402 
vn 0.614173 0.677165 -0.409449 
vn -0.511811 -0.314961 0.80315 
vn 0.80315 0.307087 -0.519685 
vn 0.748031 0.590551 -0.314961 
vn 0.811024 0.370079 -0.456693 
vn -0.283465 -0.370079 0.88189 
vn 0.874016 0.110236 -0.472441 
vn -0.425197 -0.724409 0.535433 
vn 0.755906 0.629921 -0.173228 
vn 0.653543 0.173228 -0.740157 
vn 0.779528 0.133858 -0.606299 
vn -0.0314961 0.708661 0.700787 
vn -0.700787 0.503937 0.503937 
vn -0.244094 0.0551181 0.968504 
vn -0.795276 0.456693 0.401575 
vn 0.834646 0.00787402 -0.551181 
vn 0.574803 0.181102 -0.795276 
vn 0.818898 0.141732 -0.559055 
vn -0.826772 0.165354 0.535433 
vn 0.818898 -0.0393701 -0.566929 
vn -0.23622 -0.133858 0.96063 
vn -0.480315 -0.283465 0.826772 
vn 0.645669 0.322835 -0.692913 
vn -0.330709 -0.133858 0.937008 
vn 0.322835 0.724409 -0.606299 
vn -0.149606 -0.15748 0.976378 
vn 0.88189 0.417323 -0.212598 
vn 0.377953 0.716535 -0.582677 
vn 0.503937 0.590551 -0.629921 
vn 0.480315 -0.322835 0.818898 
vn 0.181102 -0.834646 0.527559 
vn 0.496063 0.456693 -0.740157 
vn 0.0472441 -0.913386 0.401575 
vn 0.456693 0.433071 -0.771654 
vn 0.393701 0.299213 -0.866142 
vn -0.125984 -0.992126 0.0551181 
vn 0.566929 0.787402 -0.23622 
vn -0.338583 -0.905512 0.259843 
vn 0.0314961 -0.834646 0.543307 
vn 0.330709 0.866142 0.370079 
vn 0.125984 -0.944882 0.291339 
vn 0.84252 0.480315 -0.23622 
vn 0.401575 0.88189 0.244094 
vn 0.417323 0.905512 0.11811 
vn 0.23622 -0.96063 0.15748 
vn 0.519685 -0.740157 -0.425197 
vn 0.425197 0.905512 -0.0472441 
vn -0.15748 -0.80315 -0.574803 
vn 0.283465 0.952756 -0.110236 
vn -0.307087 -0.76378 -0.574803 
vn 0.19685 0.968504 -0.165354 
vn -0.283465 0.952756 -0.110236 
vn 0.307087 -0.76378 -0.574803 
vn 0.15748 -0.80315 -0.574803 
vn -0.425197 0.905512 -0.0472441 
vn -0.84252 0.480315 -0.23622 
vn -0.519685 -0.740157 -0.425197 
vn -0.417323 0.905512 0.11811 
vn -0.23622 -0.96063 0.15748 
vn -0.125984 -0.944882 0.291339 
vn -0.401575 0.88189 0.244094 
vn -0.330709 0.866142 0.370079 
vn -0.0314961 -0.834646 0.543307 
vn -0.566929 0.787402 -0.23622 
vn 0.338583 -0.905512 0.259843 
vn 0.125984 -0.992126 0.0551181 
vn -0.393701 0.299213 -0.866142 
vn -0.0472441 -0.913386 0.401575 
vn -0.88189 0.417323 -0.212598 
vn -0.456693 0.433071 -0.771654 
vn -0.496063 0.456693 -0.740157 
vn -0.181102 -0.834646 0.527559 
vn -0.503937 0.590551 -0.629921 
vn -0.480315 -0.322835 0.818898 
vn 0.149606 -0.15748 0.976378 
vn -0.377953 0.716535 -0.582677 
vn -0.322835 0.724409 -0.606299 
vn 0.330709 -0.133858 0.937008 
vn -0.645669 0.322835 -0.692913 
vn -0.755906 0.629921 -0.173228 
vn -0.952756 0.228346 0.19685 
vn -0.385827 0.826772 0.417323 
vn -0.275591 0.874016 -0.393701 
vn -0.677165 0.645669 -0.354331 
vn -0.905512 0.0551181 -0.425197 
vn -0.732283 0.582677 -0.346457 
vn -0.535433 0.440945 -0.724409 
vn 0.330709 0.370079 0.866142 
vn -0.826772 0.314961 0.472441 
vn -0.771654 0.527559 0.346457 
vn 0.204724 0.346457 0.913386 
vn 0.511811 0.362205 0.779528 
vn 0.0551181 0.338583 0.937008 
vn -0.622047 0.755906 0.188976 
vn 0.976378 0.0629921 0.204724 
vn -0.283465 0.724409 -0.629921 
vn -0.826772 0.188976 0.527559 
vn -0.80315 0.425197 0.425197 
vn 0.0314961 0.574803 0.818898 
vn -0.023622 0.866142 0.496063 
vn -0.692913 0.700787 0.188976 
vn 0.826772 0.314961 0.472441 
vn -0.330709 0.370079 0.866142 
vn 0.771654 0.527559 0.346457 
vn -0.511811 0.362205 0.779528 
vn -0.204724 0.346457 0.913386 
vn 0.622047 0.755906 0.188976 
vn -0.976378 0.0629921 0.204724 
vn 0.283465 0.724409 -0.629921 
vn -0.0551181 0.338583 0.937008 
vn 0.826772 0.188976 0.527559 
vn 0.80315 0.425197 0.425197 
vn -0.0314961 0.574803 0.818898 
vn 0.023622 0.866142 0.496063 
vn 0.692913 0.700787 0.188976 
vn -0.559055 0.480315 0.677165 
vn -0.566929 0.188976 0.795276 
vn -0.968504 0.0944882 -0.244094 
vn -0.976378 -0.165354 -0.141732 
vn -0.850394 0.338583 -0.401575 
vn -0.866142 -0.472441 -0.149606 
vn -0.755906 0.519685 -0.401575 
vn -0.314961 -0.125984 0.937008 
vn -0.700787 0.393701 -0.590551 
vn -0.685039 0.724409 -0.0866142 
vn -0.653543 0.401575 -0.637795 
vn -0.724409 -0.464567 0.519685 
vn -0.0787402 -0.220472 0.968504 
vn -0.110236 0.0314961 0.992126 
vn -0.858268 -0.228346 0.464567 
vn -0.874016 0.133858 0.472441 
vn -0.188976 0.385827 0.905512 
vn 0.968504 0.0944882 -0.244094 
vn 0.976378 -0.165354 -0.141732 
vn 0.566929 0.188976 0.795276 
vn 0.866142 -0.472441 -0.149606 
vn 0.559055 0.480315 0.677165 
vn 0.314961 -0.125984 0.937008 
vn 0.850394 0.338583 -0.401575 
vn 0.724409 -0.464567 0.519685 
vn 0.755906 0.519685 -0.401575 
vn 0.0787402 -0.220472 0.968504 
vn 0.700787 0.393701 -0.590551 
vn 0.685039 0.724409 -0.0866142 
vn 0.653543 0.401575 -0.637795 
vn 0.110236 0.0314961 0.992126 
vn 0.858268 -0.228346 0.464567 
vn 0.874016 0.133858 0.472441 
vn 0.188976 0.385827 0.905512 
vn -0.574803 0.496063 -0.653543 
vn 0.0866142 0.582677 -0.80315 
vn -0.425197 0.433071 -0.795276 
vn -0.330709 0.937008 0.0787402 
vn -0.582677 0.480315 -0.661417 
vn -0.661417 0.724409 0.220472 
vn -0.716535 0.385827 -0.582677 
vn -0.755906 0.464567 -0.464567 
vn -0.80315 0.488189 0.354331 
vn -0.748031 0.409449 -0.519685 
vn -0.866142 0.283465 0.409449 
vn -0.818898 0.299213 -0.496063 
vn -0.84252 0.212598 0.488189 
vn -0.755906 0.511811 -0.401575 
vn -0.740157 0.456693 0.503937 
vn -0.582677 0.748031 -0.307087 
vn -0.519685 0.685039 0.503937 
vn 0.574803 0.496063 -0.653543 
vn 0.425197 0.433071 -0.795276 
vn -0.0866142 0.582677 -0.80315 
vn 0.330709 0.937008 0.0787402 
vn 0.582677 0.480315 -0.661417 
vn 0.661417 0.724409 0.220472 
vn 0.716535 0.385827 -0.582677 
vn 0.755906 0.464567 -0.464567 
vn 0.80315 0.488189 0.354331 
vn 0.748031 0.409449 -0.519685 
vn 0.866142 0.283465 0.409449 
vn 0.818898 0.299213 -0.496063 
vn 0.84252 0.212598 0.488189 
vn 0.755906 0.511811 -0.401575 
vn 0.740157 0.456693 0.503937 
vn 0.582677 0.748031 -0.307087 
vn 0.519685 0.685039 0.503937 
vn -0.834646 0.251969 -0.480315 
vn -0.984252 -0.181102 0.015748 
vn -0.732283 -0.314961 -0.606299 
vn -0.80315 0.409449 -0.433071 
vn -0.96063 -0.259843 0.0629921 
vn -0.76378 0.362205 -0.527559 
vn -0.637795 0.0551181 -0.76378 
vn -0.818898 -0.519685 -0.244094 
vn 0.984252 -0.181102 0.015748 
vn 0.834646 0.251969 -0.480315 
vn 0.732283 -0.314961 -0.606299 
vn 0.80315 0.409449 -0.433071 
vn 0.96063 -0.259843 0.0629921 
vn 0.76378 0.370079 -0.527559 
vn 0.637795 0.0551181 -0.76378 
vn 0.818898 -0.519685 -0.244094 
vn -0.779528 0.133858 -0.606299 
vn -0.653543 0.173228 -0.740157 
vn 0.0314961 0.708661 0.700787 
vn 0.700787 0.503937 0.503937 
vn 0.244094 0.0551181 0.968504 
vn 0.787402 0.456693 0.401575 
vn -0.834646 0.00787402 -0.551181 
vn -0.574803 0.181102 -0.795276 
vn -0.818898 0.141732 -0.559055 
vn 0.826772 0.165354 0.535433 
vn -0.818898 -0.0393701 -0.566929 
vn 0.23622 -0.133858 0.96063 
vn 0.480315 -0.283465 0.826772 
vn -0.976378 0.212598 0.00787402 
vn 0.732283 0.393701 0.551181 
vn 0.787402 0.511811 0.338583 
vn -0.984252 0.173228 -0.0629921 
vn 0.677165 0.669291 -0.291339 
vn -0.96063 0.19685 -0.19685 
vn -0.96063 0.0787402 -0.267717 
vn 0.889764 0.149606 -0.425197 
vn -0.92126 0.023622 -0.377953 
vn 0.866142 -0.110236 -0.480315 
vn -0.84252 0.503937 0.204724 
vn 0.92126 -0.23622 -0.307087 
vn 0.858268 0.15748 -0.488189 
vn -0.661417 0.653543 0.362205 
vn -0.771654 0.566929 0.291339 
vn 0.795276 0.0708661 -0.598425 
vn 0.220472 -0.0551181 -0.976378 
vn -0.850394 0.480315 0.204724 
vn -0.889764 0.362205 0.259843 
vn 0.346457 -0.637795 -0.685039 
vn -0.913386 0.283465 0.283465 
vn 0.314961 -0.787402 -0.535433 
vn 0.456693 -0.826772 -0.338583 
vn -0.574803 0.811024 0.0944882 
vn -0.19685 0.968504 -0.165354 
vn -0.976378 0.133858 0.173228 
vn -0.559055 -0.0708661 -0.826772 
vn -0.480315 0.0551181 -0.874016 
vn -0.968504 -0.0866142 0.23622 
vn -0.76378 0.574803 -0.299213 
vn -0.377953 0.173228 -0.905512 
vn -0.535433 0.212598 -0.818898 
vn -0.968504 -0.102362 0.23622 
vn -0.614173 -0.0944882 -0.787402 
vn -0.637795 0.173228 -0.748031 
vn -0.952756 0.188976 0.244094 
vn -0.566929 0.559055 -0.606299 
vn -0.787402 0.574803 0.212598 
vn 0.559055 -0.0708661 -0.826772 
vn 0.976378 0.133858 0.173228 
vn 0.480315 0.0551181 -0.874016 
vn 0.76378 0.574803 -0.299213 
vn 0.377953 0.173228 -0.905512 
vn 0.535433 0.212598 -0.818898 
vn 0.968504 -0.0866142 0.23622 
vn 0.968504 -0.102362 0.23622 
vn 0.614173 -0.0944882 -0.787402 
vn 0.637795 0.173228 -0.748031 
vn 0.952756 0.188976 0.244094 
vn 0.566929 0.559055 -0.606299 
vn 0.787402 0.574803 0.212598 
vn 0.574803 0.811024 0.0944882 
vn -0.456693 -0.826772 -0.338583 
vn 0.913386 0.283465 0.283465 
vn -0.314961 -0.787402 -0.535433 
vn -0.346457 -0.637795 -0.685039 
vn 0.732283 0.582677 -0.346457 
vn 0.889764 0.362205 0.259843 
vn -0.220472 -0.0551181 -0.976378 
vn 0.850394 0.480315 0.204724 
vn 0.771654 0.566929 0.291339 
vn -0.795276 0.0708661 -0.598425 
vn -0.858268 0.15748 -0.488189 
vn 0.661417 0.653543 0.362205 
vn 0.84252 0.503937 0.204724 
vn -0.92126 -0.23622 -0.307087 
vn -0.866142 -0.110236 -0.480315 
vn 0.92126 0.023622 -0.377953 
vn -0.889764 0.149606 -0.425197 
vn 0.677165 0.645669 -0.354331 
vn 0.96063 0.0787402 -0.267717 
vn -0.677165 0.669291 -0.291339 
vn 0.96063 0.19685 -0.19685 
vn 0.984252 0.173228 -0.0629921 
vn -0.787402 0.511811 0.338583 
vn 0.976378 0.212598 0.00787402 
vn -0.732283 0.393701 0.551181 
vn 0.535433 0.440945 -0.724409 
vn 0.275591 0.874016 -0.393701 
vn 0.905512 0.0551181 -0.425197 
vn 0.385827 0.826772 0.417323 
vn 0.952756 0.228346 0.19685 
vn -0.92126 0.133858 0.362205 
vn -0.944882 -0.149606 -0.283465 
vn -0.464567 -0.0314961 -0.88189 
vn -0.84252 -0.133858 0.511811 
vn -0.88189 0.409449 0.220472 
vn -0.787402 -0.149606 0.606299 
vn -0.354331 -0.0944882 -0.929134 
vn -0.913386 -0.133858 -0.385827 
vn -0.826772 0.503937 -0.259843 
vn -0.755906 0.519685 -0.401575 
vn -0.685039 0.724409 -0.0866142 
vn -0.795276 0.11811 0.590551 
vn -0.905512 0.165354 -0.393701 
vn -0.787402 0.551181 -0.283465 
vn -0.692913 0.488189 0.527559 
vn 0.92126 0.133858 0.362205 
vn 0.944882 -0.149606 -0.283465 
vn 0.84252 -0.133858 0.511811 
vn 0.787402 -0.149606 0.606299 
vn 0.464567 -0.0314961 -0.88189 
vn 0.913386 -0.133858 -0.385827 
vn 0.88189 0.409449 0.220472 
vn 0.795276 0.11811 0.590551 
vn 0.354331 -0.0944882 -0.929134 
vn 0.905512 0.165354 -0.393701 
vn 0.787402 0.551181 -0.283465 
vn 0.692913 0.488189 0.527559 
vn 0.818898 0.503937 -0.259843 
vn 0.755906 0.519685 -0.401575 
vn 0.685039 0.724409 -0.0866142 
vn -0.771654 0.527559 0.346457 
vn -0.826772 0.314961 0.472441 
vn -0.905512 0.181102 -0.377953 
vn -0.929134 -0.0787402 -0.354331 
vn -0.818898 0.267717 -0.511811 
vn -0.826772 0.188976 0.527559 
vn -0.622047 0.755906 0.188976 
vn -0.283465 0.724409 -0.629921 
vn -0.755906 0.464567 -0.464567 
vn -0.92126 -0.23622 -0.314961 
vn -0.80315 0.425197 0.425197 
vn -0.889764 -0.0393701 -0.448819 
vn -0.692913 0.700787 0.188976 
vn -0.740157 0.346457 -0.582677 
vn 0.905512 0.181102 -0.377953 
vn 0.929134 -0.0787402 -0.354331 
vn 0.826772 0.314961 0.472441 
vn 0.826772 0.188976 0.527559 
vn 0.771654 0.527559 0.346457 
vn 0.92126 -0.23622 -0.314961 
vn 0.818898 0.267717 -0.511811 
vn 0.80315 0.425197 0.425197 
vn 0.622047 0.755906 0.188976 
vn 0.283465 0.724409 -0.629921 
vn 0.755906 0.464567 -0.464567 
vn 0.889764 -0.0393701 -0.448819 
vn 0.692913 0.700787 0.188976 
vn 0.740157 0.346457 -0.582677 
vn -0.724409 -0.464567 0.519685 
vn -0.858268 -0.0393701 -0.511811 
vn -0.748031 -0.377953 -0.543307 
vn -0.866142 -0.472441 -0.149606 
vn -0.858268 -0.228346 0.464567 
vn -0.866142 0.346457 -0.362205 
vn -0.874016 0.133858 0.472441 
vn 0.724409 -0.464567 0.519685 
vn 0.858268 -0.0393701 -0.511811 
vn 0.858268 -0.228346 0.464567 
vn 0.866142 0.346457 -0.362205 
vn 0.874016 0.133858 0.472441 
vn 0.748031 -0.377953 -0.543307 
vn 0.866142 -0.472441 -0.149606 

vt 0.904551 0.0227495 
vt 0.906618 0.0451567 
vt 0.902861 0.0446931 
vt 0.902861 0.0717672 
vt 0.906618 0.0713003 
vt 0.906618 0.0971814 
vt 0.902861 0.0976881 
vt 0.906618 0.119125 
vt 0.902861 0.118953 
vt 0.902861 0.128363 
vt 0.906618 0.128141 
vt 0.906618 0.137639 
vt 0.902861 0.138145 
vt 0.906618 0.146006 
vt 0.902861 0.146006 
vt 0.904551 0.0227495 
vt 0.902861 0.0446931 
vt 0.906618 0.0451567 
vt 0.902861 0.0717672 
vt 0.906618 0.0713003 
vt 0.906618 0.0971814 
vt 0.902861 0.0976881 
vt 0.906618 0.119125 
vt 0.902861 0.118953 
vt 0.902861 0.128363 
vt 0.906618 0.128141 
vt 0.906618 0.137639 
vt 0.902861 0.138145 
vt 0.906618 0.146006 
vt 0.902861 0.146006 
vt 0.890063 0.218351 
vt 0.890063 0.198144 
vt 0.894016 0.217061 
vt 0.890063 0.239034 
vt 0.894016 0.196244 
vt 0.894189 0.238485 
vt 0.890063 0.173415 
vt 0.894016 0.171497 
vt 0.890063 0.149576 
vt 0.894189 0.251791 
vt 0.890063 0.252447 
vt 0.894189 0.262828 
vt 0.890063 0.263429 
vt 0.894189 0.272841 
vt 0.890063 0.272841 
vt 0.890063 0.198144 
vt 0.890063 0.218351 
vt 0.894016 0.217061 
vt 0.890063 0.239034 
vt 0.894016 0.196244 
vt 0.894189 0.238485 
vt 0.890063 0.173415 
vt 0.894016 0.171497 
vt 0.890063 0.149576 
vt 0.894189 0.251791 
vt 0.890063 0.252447 
vt 0.894189 0.262828 
vt 0.890063 0.263429 
vt 0.894189 0.272841 
vt 0.890063 0.272841 
vt 0.941872 0.245266 
vt 0.938182 0.236449 
vt 0.941877 0.236449 
vt 0.938182 0.245868 
vt 0.941872 0.254542 
vt 0.938182 0.254487 
vt 0.941872 0.260509 
vt 0.938182 0.260509 
vt 0.938182 0.245868 
vt 0.941872 0.245266 
vt 0.938182 0.236449 
vt 0.941877 0.236449 
vt 0.941872 0.254542 
vt 0.938182 0.254487 
vt 0.941872 0.260509 
vt 0.938182 0.260509 
vt 0.929099 0.241145 
vt 0.924854 0.247929 
vt 0.924854 0.241056 
vt 0.929062 0.247929 
vt 0.924854 0.23361 
vt 0.929099 0.233733 
vt 0.924854 0.218345 
vt 0.929099 0.218558 
vt 0.929099 0.205273 
vt 0.924854 0.204635 
vt 0.924854 0.190951 
vt 0.929099 0.241145 
vt 0.924854 0.247929 
vt 0.929062 0.247929 
vt 0.924854 0.241056 
vt 0.924854 0.23361 
vt 0.929099 0.233733 
vt 0.924854 0.218345 
vt 0.929099 0.218558 
vt 0.929099 0.205273 
vt 0.924854 0.204635 
vt 0.924854 0.190951 
vt 0.835445 0.356819 
vt 0.835445 0.378426 
vt 0.832397 0.37853 
vt 0.830725 0.391994 
vt 0.835445 0.401557 
vt 0.830725 0.404181 
vt 0.835445 0.417128 
vt 0.830725 0.42061 
vt 0.835445 0.434996 
vt 0.830725 0.436253 
vt 0.835445 0.450055 
vt 0.830725 0.450037 
vt 0.835445 0.45936 
vt 0.830725 0.458567 
vt 0.830725 0.468813 
vt 0.835445 0.46933 
vt 0.830725 0.475575 
vt 0.835445 0.475575 
vt 0.835445 0.356819 
vt 0.832397 0.37853 
vt 0.835445 0.378426 
vt 0.830725 0.391994 
vt 0.835445 0.401557 
vt 0.830725 0.404181 
vt 0.835445 0.417128 
vt 0.830725 0.42061 
vt 0.835445 0.434996 
vt 0.830725 0.436253 
vt 0.835445 0.450055 
vt 0.830725 0.450037 
vt 0.835445 0.45936 
vt 0.830725 0.458567 
vt 0.830725 0.468813 
vt 0.835445 0.46933 
vt 0.830725 0.475575 
vt 0.835445 0.475575 
vt 0.903442 0.399401 
vt 0.90669 0.417579 
vt 0.903405 0.425817 
vt 0.90669 0.42902 
vt 0.903405 0.440409 
vt 0.90669 0.439467 
vt 0.903405 0.452652 
vt 0.90669 0.451933 
vt 0.90669 0.45981 
vt 0.903405 0.460918 
vt 0.903405 0.468058 
vt 0.90669 0.467009 
vt 0.90669 0.475326 
vt 0.903405 0.475326 
vt 0.903442 0.399401 
vt 0.903405 0.425817 
vt 0.90669 0.417579 
vt 0.90669 0.42902 
vt 0.903405 0.440409 
vt 0.90669 0.439467 
vt 0.903405 0.452652 
vt 0.90669 0.451933 
vt 0.90669 0.45981 
vt 0.903405 0.460918 
vt 0.903405 0.468058 
vt 0.90669 0.467009 
vt 0.90669 0.475326 
vt 0.903405 0.475326 
vt 0.856384 0.0456437 
vt 0.85642 0.0231729 
vt 0.860756 0.0442 
vt 0.860756 0.0658014 
vt 0.856384 0.0664928 
vt 0.860756 0.0871624 
vt 0.856384 0.088068 
vt 0.856384 0.0996953 
vt 0.860756 0.105988 
vt 0.856384 0.125326 
vt 0.860756 0.126492 
vt 0.856384 0.150907 
vt 0.860756 0.150626 
vt 0.856384 0.176612 
vt 0.860756 0.176954 
vt 0.860756 0.185487 
vt 0.856384 0.185988 
vt 0.856384 0.193393 
vt 0.860756 0.192788 
vt 0.856384 0.199307 
vt 0.860756 0.199307 
vt 0.856384 0.0456437 
vt 0.860756 0.0442 
vt 0.85642 0.0231729 
vt 0.860756 0.0658014 
vt 0.856384 0.0664928 
vt 0.860756 0.0871624 
vt 0.856384 0.088068 
vt 0.856384 0.0996953 
vt 0.860756 0.105988 
vt 0.856384 0.125326 
vt 0.860756 0.126492 
vt 0.856384 0.150907 
vt 0.860756 0.150626 
vt 0.856384 0.176612 
vt 0.860756 0.176954 
vt 0.860756 0.185487 
vt 0.856384 0.185988 
vt 0.856384 0.193393 
vt 0.860756 0.192788 
vt 0.856384 0.199307 
vt 0.860756 0.199307 
vt 0.902949 0.285684 
vt 0.904976 0.26338 
vt 0.907302 0.285684 
vt 0.902949 0.303826 
vt 0.907302 0.303247 
vt 0.902949 0.326839 
vt 0.907302 0.328045 
vt 0.902949 0.350462 
vt 0.907302 0.351774 
vt 0.902949 0.376029 
vt 0.907302 0.376663 
vt 0.905097 0.38951 
vt 0.902949 0.285684 
vt 0.907302 0.285684 
vt 0.904976 0.26338 
vt 0.902949 0.303826 
vt 0.907302 0.303247 
vt 0.902949 0.326839 
vt 0.907302 0.328045 
vt 0.902949 0.350462 
vt 0.907302 0.351774 
vt 0.902949 0.376029 
vt 0.907302 0.376663 
vt 0.905097 0.38951 
vt 0.972105 0.391188 
vt 0.973782 0.393449 
vt 0.971758 0.396033 
vt 0.974057 0.398266 
vt 0.969949 0.393756 
vt 0.972216 0.401505 
vt 0.969751 0.398107 
vt 0.972105 0.391188 
vt 0.971758 0.396033 
vt 0.973782 0.393449 
vt 0.974057 0.398266 
vt 0.969949 0.393756 
vt 0.972216 0.401505 
vt 0.969751 0.398107 
vt 0.945219 0.443344 
vt 0.940176 0.443466 
vt 0.942487 0.435237 
vt 0.945219 0.443344 
vt 0.942487 0.435237 
vt 0.940176 0.443466 
vt 0.925257 0.33205 
vt 0.928331 0.322094 
vt 0.928331 0.33164 
vt 0.925257 0.322094 
vt 0.928331 0.344163 
vt 0.925257 0.344197 
vt 0.928331 0.35184 
vt 0.925257 0.351961 
vt 0.928331 0.35892 
vt 0.925257 0.358322 
vt 0.928331 0.366017 
vt 0.925257 0.366017 
vt 0.925257 0.33205 
vt 0.928331 0.322094 
vt 0.925257 0.322094 
vt 0.928331 0.33164 
vt 0.928331 0.344163 
vt 0.925257 0.344197 
vt 0.928331 0.35184 
vt 0.925257 0.351961 
vt 0.928331 0.35892 
vt 0.925257 0.358322 
vt 0.928331 0.366017 
vt 0.925257 0.366017 
vt 0.984849 0.101563 
vt 0.985378 0.104045 
vt 0.98312 0.103085 
vt 0.986657 0.100871 
vt 0.987083 0.0970825 
vt 0.983719 0.0962448 
vt 0.981459 0.100711 
vt 0.986604 0.0929561 
vt 0.980549 0.096437 
vt 0.983014 0.0916774 
vt 0.985089 0.0865304 
vt 0.979892 0.0889174 
vt 0.98747 0.0868407 
vt 0.988802 0.0922539 
vt 0.981982 0.0856192 
vt 0.978026 0.0918893 
vt 0.978937 0.09904 
vt 0.989488 0.0867029 
vt 0.990484 0.0898323 
vt 0.991494 0.0865642 
vt 0.9903 0.0827941 
vt 0.988574 0.0806257 
vt 0.986529 0.0803355 
vt 0.984388 0.0821978 
vt 0.983785 0.076293 
vt 0.987318 0.0752317 
vt 0.982795 0.080709 
vt 0.980149 0.0827383 
vt 0.980678 0.0754473 
vt 0.981627 0.0715347 
vt 0.984712 0.0716861 
vt 0.986676 0.071192 
vt 0.983374 0.0691971 
vt 0.985383 0.0682483 
vt 0.978435 0.079631 
vt 0.978957 0.0725505 
vt 0.978201 0.0858672 
vt 0.976356 0.0840906 
vt 0.976257 0.0878327 
vt 0.974825 0.0810728 
vt 0.974878 0.0903081 
vt 0.976379 0.0755674 
vt 0.97714 0.0716997 
vt 0.974308 0.077148 
vt 0.974847 0.0726212 
vt 0.976121 0.0954789 
vt 0.974308 0.0938111 
vt 0.974622 0.0985548 
vt 0.976925 0.0998749 
vt 0.984849 0.101563 
vt 0.98312 0.103085 
vt 0.985378 0.104045 
vt 0.986657 0.100871 
vt 0.987083 0.0970825 
vt 0.983719 0.0962448 
vt 0.981459 0.100711 
vt 0.986604 0.0929561 
vt 0.980549 0.096437 
vt 0.983014 0.0916774 
vt 0.985089 0.0865304 
vt 0.979892 0.0889174 
vt 0.98747 0.0868407 
vt 0.988802 0.0922539 
vt 0.981982 0.0856192 
vt 0.978026 0.0918893 
vt 0.978937 0.09904 
vt 0.989488 0.0867029 
vt 0.990484 0.0898323 
vt 0.991494 0.0865642 
vt 0.9903 0.0827941 
vt 0.988574 0.0806257 
vt 0.986529 0.0803355 
vt 0.984388 0.0821978 
vt 0.983785 0.076293 
vt 0.987318 0.0752317 
vt 0.982795 0.080709 
vt 0.980149 0.0827383 
vt 0.980678 0.0754473 
vt 0.981627 0.0715347 
vt 0.978435 0.079631 
vt 0.984712 0.0716861 
vt 0.983374 0.0691971 
vt 0.986676 0.071192 
vt 0.985383 0.0682483 
vt 0.978957 0.0725505 
vt 0.978201 0.0858672 
vt 0.976356 0.0840906 
vt 0.976257 0.0878327 
vt 0.974825 0.0810728 
vt 0.974878 0.0903081 
vt 0.976379 0.0755674 
vt 0.974308 0.077148 
vt 0.97714 0.0716997 
vt 0.974847 0.0726212 
vt 0.976121 0.0954789 
vt 0.974308 0.0938111 
vt 0.974622 0.0985548 
vt 0.976925 0.0998749 
vt 0.810081 0.0516981 
vt 0.802837 0.0542603 
vt 0.802837 0.02488 
vt 0.810081 0.02488 
vt 0.810081 0.0776472 
vt 0.802837 0.0827214 
vt 0.802837 0.110998 
vt 0.810081 0.103744 
vt 0.810081 0.128184 
vt 0.802837 0.134859 
vt 0.810081 0.168143 
vt 0.802837 0.169631 
vt 0.810081 0.203907 
vt 0.802837 0.204083 
vt 0.810081 0.239695 
vt 0.802837 0.239384 
vt 0.810081 0.267803 
vt 0.802837 0.271181 
vt 0.810081 0.301046 
vt 0.802837 0.296957 
vt 0.802837 0.326305 
vt 0.810081 0.33111 
vt 0.802837 0.349947 
vt 0.810081 0.351629 
vt 0.802837 0.378309 
vt 0.810081 0.378059 
vt 0.810081 0.401646 
vt 0.802837 0.4014 
vt 0.803669 0.425477 
vt 0.810081 0.02488 
vt 0.802837 0.02488 
vt 0.810081 0.0516981 
vt 0.802837 0.0542603 
vt 0.810081 0.0776472 
vt 0.802837 0.0827214 
vt 0.802837 0.110998 
vt 0.810081 0.103744 
vt 0.810081 0.128184 
vt 0.802837 0.134859 
vt 0.810081 0.168143 
vt 0.802837 0.169631 
vt 0.810081 0.203907 
vt 0.802837 0.204083 
vt 0.810081 0.239695 
vt 0.802837 0.239384 
vt 0.810081 0.267803 
vt 0.802837 0.271181 
vt 0.810081 0.301046 
vt 0.802837 0.296957 
vt 0.802837 0.326305 
vt 0.810081 0.33111 
vt 0.802837 0.349947 
vt 0.810081 0.351629 
vt 0.802837 0.378309 
vt 0.810081 0.378059 
vt 0.810081 0.401646 
vt 0.802837 0.4014 
vt 0.803669 0.425477 
vt 0.860682 0.369576 
vt 0.860682 0.39619 
vt 0.856468 0.39211 
vt 0.856517 0.401645 
vt 0.860682 0.421509 
vt 0.856517 0.420716 
vt 0.860682 0.445446 
vt 0.856517 0.446252 
vt 0.860682 0.454083 
vt 0.856517 0.455451 
vt 0.860682 0.461378 
vt 0.856517 0.462475 
vt 0.860682 0.467732 
vt 0.856517 0.467732 
vt 0.860682 0.369576 
vt 0.856468 0.39211 
vt 0.860682 0.39619 
vt 0.856517 0.401645 
vt 0.860682 0.421509 
vt 0.856517 0.420716 
vt 0.860682 0.445446 
vt 0.856517 0.446252 
vt 0.860682 0.454083 
vt 0.856517 0.455451 
vt 0.860682 0.461378 
vt 0.856517 0.462475 
vt 0.860682 0.467732 
vt 0.856517 0.467732 
vt 0.957923 0.416799 
vt 0.958067 0.412863 
vt 0.959786 0.414329 
vt 0.956157 0.41472 
vt 0.959961 0.418267 
vt 0.956162 0.419147 
vt 0.958201 0.421596 
vt 0.957923 0.416799 
vt 0.959786 0.414329 
vt 0.958067 0.412863 
vt 0.959961 0.418267 
vt 0.956157 0.41472 
vt 0.958201 0.421596 
vt 0.956162 0.419147 
vt 0.983865 0.41916 
vt 0.983762 0.415114 
vt 0.985287 0.416725 
vt 0.9853 0.413013 
vt 0.985944 0.420276 
vt 0.987104 0.414618 
vt 0.987106 0.417768 
vt 0.983865 0.41916 
vt 0.985287 0.416725 
vt 0.983762 0.415114 
vt 0.9853 0.413013 
vt 0.985944 0.420276 
vt 0.987104 0.414618 
vt 0.987106 0.417768 
vt 0.866422 0.0650078 
vt 0.868702 0.022456 
vt 0.870439 0.0648011 
vt 0.866422 0.0949797 
vt 0.870439 0.0950645 
vt 0.870439 0.122717 
vt 0.866422 0.123454 
vt 0.870439 0.14914 
vt 0.866422 0.149121 
vt 0.870439 0.171407 
vt 0.866422 0.171031 
vt 0.870439 0.18075 
vt 0.866422 0.181187 
vt 0.866422 0.191865 
vt 0.870439 0.190854 
vt 0.870439 0.200224 
vt 0.866422 0.200224 
vt 0.866422 0.0650078 
vt 0.870439 0.0648011 
vt 0.868702 0.022456 
vt 0.866422 0.0949797 
vt 0.870439 0.0950645 
vt 0.870439 0.122717 
vt 0.866422 0.123454 
vt 0.870439 0.14914 
vt 0.866422 0.149121 
vt 0.870439 0.171407 
vt 0.866422 0.171031 
vt 0.870439 0.18075 
vt 0.866422 0.181187 
vt 0.866422 0.191865 
vt 0.870439 0.190854 
vt 0.870439 0.200224 
vt 0.866422 0.200224 
vt 0.924672 0.0588301 
vt 0.928625 0.073068 
vt 0.924609 0.0731678 
vt 0.928625 0.0822184 
vt 0.928625 0.0580764 
vt 0.924609 0.0822855 
vt 0.924672 0.0402695 
vt 0.928625 0.0913483 
vt 0.928625 0.0402639 
vt 0.924672 0.025465 
vt 0.928625 0.025465 
vt 0.924609 0.0917524 
vt 0.924609 0.0985159 
vt 0.928625 0.0985159 
vt 0.928625 0.073068 
vt 0.928625 0.0580764 
vt 0.924672 0.0588301 
vt 0.924672 0.0402695 
vt 0.924609 0.0731678 
vt 0.928625 0.0402639 
vt 0.924672 0.025465 
vt 0.928625 0.025465 
vt 0.928625 0.0822184 
vt 0.924609 0.0822855 
vt 0.928625 0.0913483 
vt 0.924609 0.0917524 
vt 0.924609 0.0985159 
vt 0.928625 0.0985159 
vt 0.915011 0.324289 
vt 0.917331 0.348358 
vt 0.915011 0.348039 
vt 0.915011 0.372587 
vt 0.919303 0.374719 
vt 0.91897 0.386389 
vt 0.915011 0.384727 
vt 0.921362 0.389223 
vt 0.918415 0.397738 
vt 0.915011 0.39723 
vt 0.921362 0.398504 
vt 0.918294 0.405412 
vt 0.915011 0.404795 
vt 0.915011 0.410909 
vt 0.921362 0.405352 
vt 0.918124 0.410909 
vt 0.921362 0.410909 
vt 0.915011 0.324289 
vt 0.915011 0.348039 
vt 0.917331 0.348358 
vt 0.915011 0.372587 
vt 0.919303 0.374719 
vt 0.91897 0.386389 
vt 0.921362 0.389223 
vt 0.915011 0.384727 
vt 0.918415 0.397738 
vt 0.921362 0.398504 
vt 0.915011 0.39723 
vt 0.918294 0.405412 
vt 0.915011 0.404795 
vt 0.915011 0.410909 
vt 0.921362 0.405352 
vt 0.918124 0.410909 
vt 0.921362 0.410909 
vt 0.942542 0.349987 
vt 0.939863 0.343952 
vt 0.942542 0.343952 
vt 0.939863 0.350437 
vt 0.942542 0.35563 
vt 0.939863 0.35563 
vt 0.942542 0.349987 
vt 0.939863 0.343952 
vt 0.939863 0.350437 
vt 0.942542 0.343952 
vt 0.942542 0.35563 
vt 0.939863 0.35563 
vt 0.972775 0.308736 
vt 0.97419 0.31211 
vt 0.972662 0.316911 
vt 0.971044 0.311673 
vt 0.969979 0.306957 
vt 0.975275 0.30734 
vt 0.969401 0.302688 
vt 0.972666 0.300723 
vt 0.97595 0.302908 
vt 0.97035 0.296564 
vt 0.975258 0.297947 
vt 0.972706 0.293899 
vt 0.972775 0.308736 
vt 0.972662 0.316911 
vt 0.97419 0.31211 
vt 0.971044 0.311673 
vt 0.969979 0.306957 
vt 0.975275 0.30734 
vt 0.969401 0.302688 
vt 0.972666 0.300723 
vt 0.97595 0.302908 
vt 0.97035 0.296564 
vt 0.975258 0.297947 
vt 0.972706 0.293899 
vt 0.844034 0.250737 
vt 0.846654 0.230995 
vt 0.846584 0.250917 
vt 0.844034 0.230995 
vt 0.844034 0.271413 
vt 0.846584 0.271062 
vt 0.844034 0.288446 
vt 0.846584 0.288565 
vt 0.844034 0.308065 
vt 0.846584 0.308215 
vt 0.844034 0.332263 
vt 0.846584 0.332322 
vt 0.844034 0.35825 
vt 0.846584 0.35879 
vt 0.844034 0.366588 
vt 0.846584 0.36792 
vt 0.844034 0.373786 
vt 0.846584 0.374888 
vt 0.844034 0.380237 
vt 0.846584 0.380237 
vt 0.846654 0.230995 
vt 0.844034 0.250737 
vt 0.846584 0.250917 
vt 0.844034 0.230995 
vt 0.844034 0.271413 
vt 0.846584 0.271062 
vt 0.844034 0.288446 
vt 0.846584 0.288565 
vt 0.844034 0.308065 
vt 0.846584 0.308215 
vt 0.844034 0.332263 
vt 0.846584 0.332322 
vt 0.844034 0.35825 
vt 0.846584 0.35879 
vt 0.844034 0.366588 
vt 0.846584 0.36792 
vt 0.844034 0.373786 
vt 0.846584 0.374888 
vt 0.844034 0.380237 
vt 0.846584 0.380237 
vt 0.983475 0.152405 
vt 0.984161 0.150824 
vt 0.984461 0.152452 
vt 0.985245 0.151273 
vt 0.983274 0.154133 
vt 0.986027 0.152406 
vt 0.984853 0.154352 
vt 0.983544 0.156203 
vt 0.986477 0.154349 
vt 0.985376 0.156736 
vt 0.984323 0.159224 
vt 0.987005 0.157553 
vt 0.987836 0.156272 
vt 0.985978 0.15948 
vt 0.98727 0.153112 
vt 0.983189 0.159173 
vt 0.982566 0.15643 
vt 0.98214 0.159266 
vt 0.981809 0.157468 
vt 0.981245 0.159262 
vt 0.981755 0.161064 
vt 0.982567 0.162076 
vt 0.983724 0.162363 
vt 0.984705 0.161348 
vt 0.983475 0.152405 
vt 0.984461 0.152452 
vt 0.984161 0.150824 
vt 0.985245 0.151273 
vt 0.983274 0.154133 
vt 0.986027 0.152406 
vt 0.984853 0.154352 
vt 0.983544 0.156203 
vt 0.986477 0.154349 
vt 0.985376 0.156736 
vt 0.987005 0.157553 
vt 0.987836 0.156272 
vt 0.98727 0.153112 
vt 0.985978 0.15948 
vt 0.984323 0.159224 
vt 0.983189 0.159173 
vt 0.982566 0.15643 
vt 0.98214 0.159266 
vt 0.981809 0.157468 
vt 0.981245 0.159262 
vt 0.981755 0.161064 
vt 0.982567 0.162076 
vt 0.983724 0.162363 
vt 0.984705 0.161348 
vt 0.956944 0.373338 
vt 0.958513 0.373229 
vt 0.958428 0.377732 
vt 0.959819 0.373839 
vt 0.960615 0.370009 
vt 0.958456 0.368558 
vt 0.956305 0.370467 
vt 0.960113 0.365791 
vt 0.95667 0.366421 
vt 0.958545 0.36411 
vt 0.956944 0.373338 
vt 0.958428 0.377732 
vt 0.958513 0.373229 
vt 0.959819 0.373839 
vt 0.960615 0.370009 
vt 0.958456 0.368558 
vt 0.956305 0.370467 
vt 0.960113 0.365791 
vt 0.95667 0.366421 
vt 0.958545 0.36411 
vt 0.986982 0.311549 
vt 0.985106 0.316816 
vt 0.985153 0.308433 
vt 0.983438 0.311883 
vt 0.98239 0.307678 
vt 0.988065 0.307413 
vt 0.981821 0.303317 
vt 0.985186 0.300408 
vt 0.988671 0.302847 
vt 0.982662 0.29887 
vt 0.987698 0.298299 
vt 0.985266 0.295352 
vt 0.986982 0.311549 
vt 0.985153 0.308433 
vt 0.985106 0.316816 
vt 0.983438 0.311883 
vt 0.98239 0.307678 
vt 0.988065 0.307413 
vt 0.981821 0.303317 
vt 0.985186 0.300408 
vt 0.988671 0.302847 
vt 0.982662 0.29887 
vt 0.987698 0.298299 
vt 0.985266 0.295352 
vt 0.964841 0.457965 
vt 0.984461 0.431857 
vt 0.984998 0.462962 
vt 0.968493 0.431637 
vt 0.975082 0.476445 
vt 0.964841 0.457965 
vt 0.984461 0.431857 
vt 0.968493 0.431637 
vt 0.984998 0.462962 
vt 0.975082 0.476445 
vt 0.941471 0.200417 
vt 0.937694 0.210932 
vt 0.937749 0.200417 
vt 0.941471 0.21095 
vt 0.941471 0.221987 
vt 0.937694 0.220732 
vt 0.941471 0.227506 
vt 0.937694 0.227506 
vt 0.939299 0.316082 
vt 0.942591 0.307535 
vt 0.942591 0.316458 
vt 0.939299 0.307535 
vt 0.939299 0.325198 
vt 0.942569 0.324797 
vt 0.939299 0.330564 
vt 0.942569 0.330564 
vt 0.941471 0.200417 
vt 0.937749 0.200417 
vt 0.937694 0.210932 
vt 0.941471 0.21095 
vt 0.941471 0.221987 
vt 0.937694 0.220732 
vt 0.941471 0.227506 
vt 0.937694 0.227506 
vt 0.939299 0.316082 
vt 0.942591 0.307535 
vt 0.939299 0.307535 
vt 0.942591 0.316458 
vt 0.939299 0.325198 
vt 0.942569 0.324797 
vt 0.939299 0.330564 
vt 0.942569 0.330564 
vt 0.872188 0.38392 
vt 0.866455 0.363915 
vt 0.872188 0.363915 
vt 0.866433 0.386526 
vt 0.872188 0.404085 
vt 0.866433 0.405512 
vt 0.872188 0.426739 
vt 0.866433 0.428125 
vt 0.872188 0.448986 
vt 0.866433 0.449858 
vt 0.872188 0.473589 
vt 0.866433 0.473589 
vt 0.872188 0.38392 
vt 0.866455 0.363915 
vt 0.866433 0.386526 
vt 0.872188 0.363915 
vt 0.872188 0.404085 
vt 0.866433 0.405512 
vt 0.872188 0.426739 
vt 0.866433 0.428125 
vt 0.872188 0.448986 
vt 0.866433 0.449858 
vt 0.872188 0.473589 
vt 0.866433 0.473589 
vt 0.80551 0.467664 
vt 0.809032 0.466847 
vt 0.80551 0.47414 
vt 0.809032 0.47414 
vt 0.805475 0.460801 
vt 0.809032 0.459603 
vt 0.805475 0.446148 
vt 0.809032 0.446045 
vt 0.809032 0.43315 
vt 0.805475 0.43315 
vt 0.809032 0.466847 
vt 0.80551 0.47414 
vt 0.809032 0.47414 
vt 0.80551 0.467664 
vt 0.805475 0.460801 
vt 0.809032 0.459603 
vt 0.805475 0.446148 
vt 0.809032 0.446045 
vt 0.809032 0.43315 
vt 0.805475 0.43315 
vt 0.974641 0.41881 
vt 0.972427 0.421401 
vt 0.97251 0.41651 
vt 0.970515 0.418684 
vt 0.97438 0.4141 
vt 0.970385 0.414288 
vt 0.972416 0.412212 
vt 0.974641 0.41881 
vt 0.97251 0.41651 
vt 0.972427 0.421401 
vt 0.970515 0.418684 
vt 0.97438 0.4141 
vt 0.970385 0.414288 
vt 0.972416 0.412212 
vt 0.972915 0.352446 
vt 0.972921 0.345574 
vt 0.974454 0.348002 
vt 0.975568 0.343629 
vt 0.971517 0.348754 
vt 0.976214 0.339153 
vt 0.970254 0.344126 
vt 0.972854 0.338097 
vt 0.975382 0.334752 
vt 0.969539 0.339777 
vt 0.973018 0.331801 
vt 0.970444 0.33465 
vt 0.972915 0.352446 
vt 0.974454 0.348002 
vt 0.972921 0.345574 
vt 0.975568 0.343629 
vt 0.971517 0.348754 
vt 0.976214 0.339153 
vt 0.970254 0.344126 
vt 0.972854 0.338097 
vt 0.975382 0.334752 
vt 0.969539 0.339777 
vt 0.973018 0.331801 
vt 0.970444 0.33465 
vt 0.985556 0.343355 
vt 0.987032 0.344844 
vt 0.985498 0.349666 
vt 0.98784 0.341084 
vt 0.984024 0.344433 
vt 0.985676 0.337965 
vt 0.987533 0.336994 
vt 0.983306 0.340333 
vt 0.985692 0.334169 
vt 0.984 0.336309 
vt 0.985556 0.343355 
vt 0.985498 0.349666 
vt 0.987032 0.344844 
vt 0.984024 0.344433 
vt 0.98784 0.341084 
vt 0.985676 0.337965 
vt 0.983306 0.340333 
vt 0.987533 0.336994 
vt 0.984 0.336309 
vt 0.985692 0.334169 
vt 0.940151 0.418836 
vt 0.94015 0.415631 
vt 0.941736 0.417522 
vt 0.941595 0.414045 
vt 0.94139 0.421256 
vt 0.943292 0.415875 
vt 0.943287 0.419662 
vt 0.940151 0.418836 
vt 0.941736 0.417522 
vt 0.94015 0.415631 
vt 0.941595 0.414045 
vt 0.94139 0.421256 
vt 0.943292 0.415875 
vt 0.943287 0.419662 
vt 0.952207 0.0778028 
vt 0.952757 0.0735428 
vt 0.954115 0.0763061 
vt 0.954731 0.0722833 
vt 0.95264 0.0814806 
vt 0.956817 0.0730469 
vt 0.956162 0.0796633 
vt 0.953994 0.0843714 
vt 0.958703 0.0760764 
vt 0.95627 0.0866224 
vt 0.958026 0.0832056 
vt 0.960799 0.0820234 
vt 0.958187 0.0903367 
vt 0.962064 0.076233 
vt 0.959531 0.072497 
vt 0.95988 0.086799 
vt 0.956427 0.0927953 
vt 0.954765 0.0877005 
vt 0.952966 0.0903292 
vt 0.962761 0.0726044 
vt 0.960995 0.0699583 
vt 0.963396 0.0688848 
vt 0.964868 0.0726976 
vt 0.965214 0.0768156 
vt 0.964403 0.0806111 
vt 0.962693 0.0871333 
vt 0.965348 0.086748 
vt 0.966037 0.0810063 
vt 0.961041 0.0925727 
vt 0.964163 0.0927597 
vt 0.966464 0.0925876 
vt 0.967538 0.0867606 
vt 0.968145 0.0825597 
vt 0.968312 0.0905805 
vt 0.969543 0.0868038 
vt 0.961967 0.0973535 
vt 0.965132 0.0979244 
vt 0.958517 0.0971683 
vt 0.959586 0.101658 
vt 0.956668 0.0999935 
vt 0.962698 0.101836 
vt 0.964599 0.101769 
vt 0.961309 0.104106 
vt 0.96329 0.104714 
vt 0.954073 0.0963207 
vt 0.954618 0.100505 
vt 0.952207 0.0943248 
vt 0.952577 0.0990461 
vt 0.952207 0.0778028 
vt 0.954115 0.0763061 
vt 0.952757 0.0735428 
vt 0.954731 0.0722833 
vt 0.95264 0.0814806 
vt 0.956817 0.0730469 
vt 0.956162 0.0796633 
vt 0.953994 0.0843714 
vt 0.958703 0.0760764 
vt 0.95627 0.0866224 
vt 0.958026 0.0832056 
vt 0.960799 0.0820234 
vt 0.958187 0.0903367 
vt 0.962064 0.076233 
vt 0.959531 0.072497 
vt 0.95988 0.086799 
vt 0.956427 0.0927953 
vt 0.954765 0.0877005 
vt 0.952966 0.0903292 
vt 0.962761 0.0726044 
vt 0.960995 0.0699583 
vt 0.963396 0.0688848 
vt 0.964868 0.0726976 
vt 0.965214 0.0768156 
vt 0.964403 0.0806111 
vt 0.962693 0.0871333 
vt 0.965348 0.086748 
vt 0.966037 0.0810063 
vt 0.961041 0.0925727 
vt 0.964163 0.0927597 
vt 0.966464 0.0925876 
vt 0.967538 0.0867606 
vt 0.968145 0.0825597 
vt 0.968312 0.0905805 
vt 0.969543 0.0868038 
vt 0.961967 0.0973535 
vt 0.965132 0.0979244 
vt 0.958517 0.0971683 
vt 0.959586 0.101658 
vt 0.956668 0.0999935 
vt 0.962698 0.101836 
vt 0.961309 0.104106 
vt 0.964599 0.101769 
vt 0.96329 0.104714 
vt 0.954073 0.0963207 
vt 0.954618 0.100505 
vt 0.952577 0.0990461 
vt 0.952207 0.0943248 
vt 0.944458 0.0252095 
vt 0.935485 0.0499792 
vt 0.935485 0.0252095 
vt 0.944458 0.0494781 
vt 0.935485 0.0733581 
vt 0.944458 0.0733581 
vt 0.935485 0.0499792 
vt 0.944458 0.0252095 
vt 0.935485 0.0252095 
vt 0.944458 0.0494781 
vt 0.935485 0.0733581 
vt 0.944458 0.0733581 
vt 0.866951 0.235376 
vt 0.872598 0.214212 
vt 0.872598 0.23693 
vt 0.866951 0.257967 
vt 0.872598 0.257848 
vt 0.872598 0.279772 
vt 0.866951 0.280815 
vt 0.872598 0.292772 
vt 0.866951 0.301088 
vt 0.872598 0.304324 
vt 0.866951 0.317516 
vt 0.872598 0.318308 
vt 0.866951 0.334182 
vt 0.872598 0.335187 
vt 0.866951 0.342409 
vt 0.872598 0.343461 
vt 0.872598 0.350531 
vt 0.866951 0.350531 
vt 0.866951 0.235376 
vt 0.872598 0.23693 
vt 0.872598 0.214212 
vt 0.866951 0.257967 
vt 0.872598 0.257848 
vt 0.872598 0.279772 
vt 0.866951 0.280815 
vt 0.872598 0.292772 
vt 0.866951 0.301088 
vt 0.872598 0.304324 
vt 0.866951 0.317516 
vt 0.872598 0.318308 
vt 0.866951 0.334182 
vt 0.872598 0.335187 
vt 0.866951 0.342409 
vt 0.872598 0.343461 
vt 0.872598 0.350531 
vt 0.866951 0.350531 
vt 0.959103 0.317893 
vt 0.959142 0.30916 
vt 0.960666 0.313742 
vt 0.957431 0.313412 
vt 0.962005 0.30866 
vt 0.956024 0.308011 
vt 0.959111 0.299929 
vt 0.962902 0.302981 
vt 0.955267 0.302206 
vt 0.962039 0.298315 
vt 0.956428 0.29707 
vt 0.959158 0.294007 
vt 0.959103 0.317893 
vt 0.960666 0.313742 
vt 0.959142 0.30916 
vt 0.957431 0.313412 
vt 0.962005 0.30866 
vt 0.956024 0.308011 
vt 0.959111 0.299929 
vt 0.962902 0.302981 
vt 0.955267 0.302206 
vt 0.962039 0.298315 
vt 0.956428 0.29707 
vt 0.959158 0.294007 
vt 0.761629 0.311396 
vt 0.767658 0.33161 
vt 0.761629 0.332918 
vt 0.761629 0.35624 
vt 0.767658 0.355655 
vt 0.761629 0.380548 
vt 0.767658 0.380245 
vt 0.767658 0.39373 
vt 0.761629 0.403843 
vt 0.767658 0.423341 
vt 0.761629 0.424711 
vt 0.767658 0.439066 
vt 0.761629 0.439315 
vt 0.767658 0.451935 
vt 0.761629 0.452368 
vt 0.767658 0.460488 
vt 0.761629 0.461932 
vt 0.767658 0.46825 
vt 0.761629 0.47044 
vt 0.767658 0.476918 
vt 0.761629 0.476918 
vt 0.767658 0.33161 
vt 0.761629 0.311396 
vt 0.761629 0.332918 
vt 0.761629 0.35624 
vt 0.767658 0.355655 
vt 0.761629 0.380548 
vt 0.767658 0.380245 
vt 0.767658 0.39373 
vt 0.761629 0.403843 
vt 0.767658 0.423341 
vt 0.761629 0.424711 
vt 0.767658 0.439066 
vt 0.761629 0.439315 
vt 0.767658 0.451935 
vt 0.761629 0.452368 
vt 0.767658 0.460488 
vt 0.761629 0.461932 
vt 0.767658 0.46825 
vt 0.761629 0.47044 
vt 0.767658 0.476918 
vt 0.761629 0.476918 
vt 0.95846 0.351357 
vt 0.958539 0.34412 
vt 0.960008 0.347179 
vt 0.956984 0.347004 
vt 0.96114 0.342987 
vt 0.955847 0.342297 
vt 0.958709 0.336792 
vt 0.961868 0.338141 
vt 0.955366 0.337537 
vt 0.960955 0.333804 
vt 0.956511 0.333227 
vt 0.958601 0.331029 
vt 0.939138 0.378139 
vt 0.942978 0.370657 
vt 0.942121 0.379875 
vt 0.939138 0.368478 
vt 0.95846 0.351357 
vt 0.960008 0.347179 
vt 0.958539 0.34412 
vt 0.956984 0.347004 
vt 0.96114 0.342987 
vt 0.955847 0.342297 
vt 0.958709 0.336792 
vt 0.961868 0.338141 
vt 0.955366 0.337537 
vt 0.960955 0.333804 
vt 0.956511 0.333227 
vt 0.958601 0.331029 
vt 0.939138 0.378139 
vt 0.942978 0.370657 
vt 0.939138 0.368478 
vt 0.942121 0.379875 
vt 0.767658 0.0866073 
vt 0.767658 0.113617 
vt 0.761666 0.111898 
vt 0.761666 0.0866532 
vt 0.761629 0.137088 
vt 0.767658 0.0556764 
vt 0.767658 0.135187 
vt 0.761666 0.0536725 
vt 0.767658 0.023876 
vt 0.761666 0.023876 
vt 0.767658 0.171705 
vt 0.761629 0.173488 
vt 0.761629 0.210348 
vt 0.767658 0.209694 
vt 0.761629 0.247056 
vt 0.767658 0.24911 
vt 0.761629 0.284424 
vt 0.767658 0.287312 
vt 0.767658 0.311694 
vt 0.767658 0.0866073 
vt 0.761666 0.111898 
vt 0.767658 0.113617 
vt 0.761666 0.0866532 
vt 0.761629 0.137088 
vt 0.767658 0.0556764 
vt 0.767658 0.135187 
vt 0.761666 0.0536725 
vt 0.767658 0.023876 
vt 0.761666 0.023876 
vt 0.767658 0.171705 
vt 0.761629 0.173488 
vt 0.761629 0.210348 
vt 0.767658 0.209694 
vt 0.761629 0.247056 
vt 0.767658 0.24911 
vt 0.761629 0.284424 
vt 0.767658 0.287312 
vt 0.767658 0.311694 
vt 0.83671 0.0993615 
vt 0.830734 0.133824 
vt 0.83086 0.0989022 
vt 0.83671 0.132918 
vt 0.83671 0.0649412 
vt 0.83671 0.160825 
vt 0.83086 0.0636053 
vt 0.83671 0.0227336 
vt 0.83086 0.0227336 
vt 0.830734 0.161261 
vt 0.83671 0.190558 
vt 0.830734 0.192204 
vt 0.83671 0.219464 
vt 0.830734 0.218803 
vt 0.83671 0.24122 
vt 0.830734 0.237947 
vt 0.830734 0.26286 
vt 0.83671 0.264424 
vt 0.830734 0.285408 
vt 0.83671 0.288089 
vt 0.830734 0.308671 
vt 0.83671 0.309738 
vt 0.830734 0.323932 
vt 0.83671 0.324634 
vt 0.830734 0.336903 
vt 0.83671 0.336307 
vt 0.830734 0.346872 
vt 0.83671 0.346872 
vt 0.83671 0.0993615 
vt 0.830734 0.133824 
vt 0.83671 0.132918 
vt 0.83671 0.160825 
vt 0.83086 0.0989022 
vt 0.830734 0.161261 
vt 0.83671 0.0649412 
vt 0.83671 0.190558 
vt 0.83086 0.0636053 
vt 0.83671 0.0227336 
vt 0.83086 0.0227336 
vt 0.830734 0.192204 
vt 0.83671 0.219464 
vt 0.830734 0.218803 
vt 0.83671 0.24122 
vt 0.830734 0.237947 
vt 0.830734 0.26286 
vt 0.83671 0.264424 
vt 0.830734 0.285408 
vt 0.83671 0.288089 
vt 0.830734 0.308671 
vt 0.83671 0.309738 
vt 0.830734 0.323932 
vt 0.83671 0.324634 
vt 0.830734 0.336903 
vt 0.83671 0.336307 
vt 0.830734 0.346872 
vt 0.83671 0.346872 
vt 0.985539 0.372933 
vt 0.985525 0.376062 
vt 0.98449 0.373218 
vt 0.986633 0.372943 
vt 0.987129 0.370098 
vt 0.985601 0.369232 
vt 0.983956 0.370169 
vt 0.986761 0.36774 
vt 0.984447 0.367848 
vt 0.985599 0.366454 
vt 0.985539 0.372933 
vt 0.98449 0.373218 
vt 0.985525 0.376062 
vt 0.986633 0.372943 
vt 0.987129 0.370098 
vt 0.985601 0.369232 
vt 0.983956 0.370169 
vt 0.986761 0.36774 
vt 0.984447 0.367848 
vt 0.985599 0.366454 
vt 0.890028 0.36289 
vt 0.890028 0.339083 
vt 0.894107 0.340028 
vt 0.89399 0.363213 
vt 0.894107 0.311622 
vt 0.89399 0.373358 
vt 0.890028 0.310858 
vt 0.890028 0.284064 
vt 0.894107 0.284064 
vt 0.890028 0.373195 
vt 0.890028 0.384141 
vt 0.89399 0.383658 
vt 0.890028 0.392519 
vt 0.89399 0.392519 
vt 0.894107 0.340028 
vt 0.890028 0.36289 
vt 0.89399 0.363213 
vt 0.89399 0.373358 
vt 0.890028 0.339083 
vt 0.890028 0.373195 
vt 0.894107 0.311622 
vt 0.890028 0.384141 
vt 0.890028 0.310858 
vt 0.890028 0.284064 
vt 0.894107 0.284064 
vt 0.89399 0.383658 
vt 0.890028 0.392519 
vt 0.89399 0.392519 
vt 0.914797 0.246004 
vt 0.918886 0.242668 
vt 0.918886 0.257318 
vt 0.918886 0.230344 
vt 0.914753 0.256563 
vt 0.918886 0.271902 
vt 0.914753 0.271042 
vt 0.918886 0.285368 
vt 0.914753 0.284673 
vt 0.918886 0.293795 
vt 0.914753 0.294502 
vt 0.918886 0.304666 
vt 0.914753 0.303741 
vt 0.914753 0.311085 
vt 0.918886 0.311085 
vt 0.914753 0.256563 
vt 0.918886 0.257318 
vt 0.914797 0.246004 
vt 0.918886 0.242668 
vt 0.918886 0.230344 
vt 0.918886 0.271902 
vt 0.914753 0.271042 
vt 0.918886 0.285368 
vt 0.914753 0.284673 
vt 0.918886 0.293795 
vt 0.914753 0.294502 
vt 0.918886 0.304666 
vt 0.914753 0.303741 
vt 0.914753 0.311085 
vt 0.918886 0.311085 
vt 0.96948 0.136573 
vt 0.970852 0.130915 
vt 0.970596 0.136333 
vt 0.970721 0.137151 
vt 0.969327 0.137253 
vt 0.968428 0.135021 
vt 0.971652 0.135014 
vt 0.971885 0.1357 
vt 0.968784 0.134672 
vt 0.968605 0.132549 
vt 0.968234 0.132652 
vt 0.972358 0.133157 
vt 0.972396 0.133773 
vt 0.973383 0.135309 
vt 0.968811 0.13022 
vt 0.968545 0.130587 
vt 0.967595 0.130648 
vt 0.973463 0.134619 
vt 0.974754 0.135727 
vt 0.973265 0.129919 
vt 0.974692 0.134981 
vt 0.975987 0.134614 
vt 0.975726 0.134233 
vt 0.976281 0.131789 
vt 0.975934 0.131865 
vt 0.97594 0.129479 
vt 0.975608 0.12988 
vt 0.974705 0.128177 
vt 0.974935 0.127627 
vt 0.973691 0.127298 
vt 0.974183 0.127262 
vt 0.974824 0.126706 
vt 0.974565 0.126185 
vt 0.975863 0.125098 
vt 0.973206 0.124391 
vt 0.975507 0.124646 
vt 0.976281 0.122427 
vt 0.975899 0.122322 
vt 0.97571 0.120197 
vt 0.975999 0.119815 
vt 0.974856 0.118698 
vt 0.974746 0.119429 
vt 0.973518 0.118948 
vt 0.973598 0.119615 
vt 0.972411 0.120907 
vt 0.91466 0.0658773 
vt 0.91466 0.0460792 
vt 0.918098 0.0657812 
vt 0.91805 0.0460548 
vt 0.91805 0.0256591 
vt 0.91466 0.0256591 
vt 0.918098 0.086454 
vt 0.91466 0.0861634 
vt 0.91466 0.0989177 
vt 0.918098 0.0982394 
vt 0.918098 0.108878 
vt 0.91466 0.111002 
vt 0.918098 0.118838 
vt 0.91466 0.118838 
vt 0.91466 0.0460792 
vt 0.91466 0.0658773 
vt 0.918098 0.0657812 
vt 0.91805 0.0460548 
vt 0.91805 0.0256591 
vt 0.91466 0.0256591 
vt 0.918098 0.086454 
vt 0.91466 0.0861634 
vt 0.91466 0.0989177 
vt 0.918098 0.0982394 
vt 0.918098 0.108878 
vt 0.91466 0.111002 
vt 0.918098 0.118838 
vt 0.91466 0.118838 
vt 0.955452 0.150864 
vt 0.955031 0.14866 
vt 0.956537 0.149381 
vt 0.95398 0.151206 
vt 0.957597 0.151029 
vt 0.953738 0.153507 
vt 0.95585 0.153528 
vt 0.958247 0.153795 
vt 0.953964 0.156156 
vt 0.956503 0.157233 
vt 0.958495 0.158538 
vt 0.955169 0.160561 
vt 0.959908 0.156573 
vt 0.959278 0.152302 
vt 0.957035 0.161166 
vt 0.953404 0.160321 
vt 0.952774 0.156326 
vt 0.95632 0.164793 
vt 0.953948 0.164822 
vt 0.952555 0.16434 
vt 0.951806 0.160132 
vt 0.951553 0.157641 
vt 0.951286 0.162454 
vt 0.950727 0.160087 
vt 0.955606 0.167633 
vt 0.953594 0.167828 
vt 0.958185 0.163081 
vt 0.957875 0.168152 
vt 0.957264 0.170567 
vt 0.955061 0.170225 
vt 0.953743 0.170357 
vt 0.956028 0.172401 
vt 0.954628 0.172797 
vt 0.959774 0.165636 
vt 0.959142 0.170189 
vt 0.959584 0.161197 
vt 0.960994 0.162531 
vt 0.960842 0.160098 
vt 0.96196 0.164504 
vt 0.961801 0.158534 
vt 0.960801 0.167703 
vt 0.960701 0.170726 
vt 0.962314 0.167223 
vt 0.961907 0.169957 
vt 0.96125 0.154406 
vt 0.962314 0.156485 
vt 0.962215 0.153223 
vt 0.960576 0.151818 
vt 0.955452 0.150864 
vt 0.956537 0.149381 
vt 0.955031 0.14866 
vt 0.95398 0.151206 
vt 0.957597 0.151029 
vt 0.953738 0.153507 
vt 0.95585 0.153528 
vt 0.958247 0.153795 
vt 0.953964 0.156156 
vt 0.956503 0.157233 
vt 0.958495 0.158538 
vt 0.955169 0.160561 
vt 0.959908 0.156573 
vt 0.959278 0.152302 
vt 0.957035 0.161166 
vt 0.953404 0.160321 
vt 0.952774 0.156326 
vt 0.95632 0.164793 
vt 0.953948 0.164822 
vt 0.952555 0.16434 
vt 0.951806 0.160132 
vt 0.951553 0.157641 
vt 0.951286 0.162454 
vt 0.950727 0.160087 
vt 0.955606 0.167633 
vt 0.953594 0.167828 
vt 0.958185 0.163081 
vt 0.957875 0.168152 
vt 0.957264 0.170567 
vt 0.955061 0.170225 
vt 0.953743 0.170357 
vt 0.956028 0.172401 
vt 0.954628 0.172797 
vt 0.959774 0.165636 
vt 0.959142 0.170189 
vt 0.959584 0.161197 
vt 0.960994 0.162531 
vt 0.960842 0.160098 
vt 0.96196 0.164504 
vt 0.961801 0.158534 
vt 0.960801 0.167703 
vt 0.962314 0.167223 
vt 0.960701 0.170726 
vt 0.961907 0.169957 
vt 0.96125 0.154406 
vt 0.962314 0.156485 
vt 0.962215 0.153223 
vt 0.960576 0.151818 
vt 0.941403 0.394991 
vt 0.94142 0.391385 
vt 0.943119 0.393317 
vt 0.939903 0.393241 
vt 0.943192 0.39663 
vt 0.939904 0.397301 
vt 0.941806 0.398802 
vt 0.941403 0.394991 
vt 0.943119 0.393317 
vt 0.94142 0.391385 
vt 0.943192 0.39663 
vt 0.939903 0.393241 
vt 0.941806 0.398802 
vt 0.939904 0.397301 
vt 0.985051 0.117902 
vt 0.984078 0.11706 
vt 0.984189 0.117643 
vt 0.985024 0.12278 
vt 0.985157 0.117293 
vt 0.985819 0.119096 
vt 0.986021 0.1186 
vt 0.986296 0.1207 
vt 0.986398 0.119812 
vt 0.987072 0.119031 
vt 0.987129 0.119665 
vt 0.986962 0.12369 
vt 0.988015 0.119372 
vt 0.988083 0.118665 
vt 0.989179 0.11942 
vt 0.988916 0.119874 
vt 0.989146 0.121877 
vt 0.989496 0.121888 
vt 0.989202 0.123934 
vt 0.988882 0.123639 
vt 0.988438 0.125413 
vt 0.988228 0.124973 
vt 0.987489 0.125989 
vt 0.987844 0.125918 
vt 0.988587 0.1266 
vt 0.988332 0.12705 
vt 0.986977 0.128035 
vt 0.988959 0.12847 
vt 0.989314 0.128187 
vt 0.989143 0.130202 
vt 0.989496 0.130343 
vt 0.98906 0.132583 
vt 0.988858 0.132106 
vt 0.987873 0.132495 
vt 0.987891 0.133185 
vt 0.986865 0.13263 
vt 0.986965 0.13197 
vt 0.986314 0.131456 
vt 0.986255 0.130858 
vt 0.985054 0.128752 
vt 0.985327 0.127495 
vt 0.983976 0.12571 
vt 0.986434 0.127044 
vt 0.984666 0.125699 
vt 0.986602 0.124315 
vt 0.985247 0.123675 
vt 0.986021 0.1186 
vt 0.986398 0.119812 
vt 0.986296 0.1207 
vt 0.987072 0.119031 
vt 0.987129 0.119665 
vt 0.988015 0.119372 
vt 0.988083 0.118665 
vt 0.986962 0.12369 
vt 0.985024 0.12278 
vt 0.989179 0.11942 
vt 0.988916 0.119874 
vt 0.989146 0.121877 
vt 0.989496 0.121888 
vt 0.989202 0.123934 
vt 0.988882 0.123639 
vt 0.988438 0.125413 
vt 0.988228 0.124973 
vt 0.987489 0.125989 
vt 0.987844 0.125918 
vt 0.988587 0.1266 
vt 0.988332 0.12705 
vt 0.988959 0.12847 
vt 0.989314 0.128187 
vt 0.986977 0.128035 
vt 0.989143 0.130202 
vt 0.989496 0.130343 
vt 0.98906 0.132583 
vt 0.988858 0.132106 
vt 0.987873 0.132495 
vt 0.987891 0.133185 
vt 0.986865 0.13263 
vt 0.986965 0.13197 
vt 0.986255 0.130858 
vt 0.985054 0.128752 
vt 0.985327 0.127495 
vt 0.983976 0.12571 
vt 0.986434 0.127044 
vt 0.984666 0.125699 
vt 0.986602 0.124315 
vt 0.985247 0.123675 
vt 0.974856 0.118698 
vt 0.97571 0.120197 
vt 0.975999 0.119815 
vt 0.976281 0.122427 
vt 0.975899 0.122322 
vt 0.973206 0.124391 
vt 0.975507 0.124646 
vt 0.975863 0.125098 
vt 0.974565 0.126185 
vt 0.974824 0.126706 
vt 0.973691 0.127298 
vt 0.974183 0.127262 
vt 0.974935 0.127627 
vt 0.974705 0.128177 
vt 0.97594 0.129479 
vt 0.973265 0.129919 
vt 0.975608 0.12988 
vt 0.975934 0.131865 
vt 0.976281 0.131789 
vt 0.975726 0.134233 
vt 0.975987 0.134614 
vt 0.974692 0.134981 
vt 0.974754 0.135727 
vt 0.973463 0.134619 
vt 0.973383 0.135309 
vt 0.972358 0.133157 
vt 0.970852 0.130915 
vt 0.972601 0.128807 
vt 0.972686 0.125291 
vt 0.970945 0.123305 
vt 0.971168 0.129543 
vt 0.969552 0.126713 
vt 0.970379 0.126902 
vt 0.971185 0.124817 
vt 0.96948 0.136573 
vt 0.970596 0.136333 
vt 0.970721 0.137151 
vt 0.969327 0.137253 
vt 0.968428 0.135021 
vt 0.971652 0.135014 
vt 0.971885 0.1357 
vt 0.972396 0.133773 
vt 0.968784 0.134672 
vt 0.968605 0.132549 
vt 0.968234 0.132652 
vt 0.968811 0.13022 
vt 0.968545 0.130587 
vt 0.967595 0.130648 
vt 0.967766 0.129951 
vt 0.96641 0.129032 
vt 0.966688 0.1286 
vt 0.965869 0.126725 
vt 0.966215 0.126783 
vt 0.966462 0.124425 
vt 0.966726 0.124876 
vt 0.967551 0.122931 
vt 0.967745 0.123542 
vt 0.968908 0.123286 
vt 0.968402 0.122458 
vt 0.968499 0.120829 
vt 0.968814 0.121041 
vt 0.969159 0.11854 
vt 0.968885 0.118126 
vt 0.970019 0.116853 
vt 0.969943 0.116197 
vt 0.971239 0.116711 
vt 0.971082 0.117356 
vt 0.972249 0.11832 
vt 0.971977 0.118811 
vt 0.972411 0.120907 
vt 0.972571 0.119951 
vt 0.973518 0.118948 
vt 0.973598 0.119615 
vt 0.974746 0.119429 
vt 0.972375 0.376833 
vt 0.972569 0.371962 
vt 0.973751 0.373131 
vt 0.971228 0.372781 
vt 0.974344 0.369259 
vt 0.970768 0.369144 
vt 0.972612 0.368508 
vt 0.973811 0.36694 
vt 0.971425 0.366735 
vt 0.972538 0.365686 
vt 0.972375 0.376833 
vt 0.973751 0.373131 
vt 0.972569 0.371962 
vt 0.971228 0.372781 
vt 0.974344 0.369259 
vt 0.970768 0.369144 
vt 0.972612 0.368508 
vt 0.973811 0.36694 
vt 0.971425 0.366735 
vt 0.972538 0.365686 
vt 0.953047 0.136574 
vt 0.953947 0.138883 
vt 0.95521 0.13204 
vt 0.953795 0.139658 
vt 0.952634 0.136945 
vt 0.955501 0.139204 
vt 0.952307 0.134515 
vt 0.955371 0.138485 
vt 0.956394 0.136856 
vt 0.956656 0.137455 
vt 0.952708 0.134267 
vt 0.952399 0.132432 
vt 0.957098 0.134447 
vt 0.957217 0.135218 
vt 0.952864 0.131838 
vt 0.951738 0.131606 
vt 0.951465 0.132312 
vt 0.958108 0.135745 
vt 0.958021 0.136595 
vt 0.958092 0.130505 
vt 0.959327 0.136291 
vt 0.959394 0.137119 
vt 0.960792 0.135121 
vt 0.961054 0.135418 
vt 0.961355 0.132072 
vt 0.961087 0.132133 
vt 0.960621 0.130138 
vt 0.960881 0.129794 
vt 0.959733 0.128549 
vt 0.959912 0.128185 
vt 0.958635 0.12724 
vt 0.959075 0.127265 
vt 0.95998 0.126183 
vt 0.959688 0.125674 
vt 0.957809 0.124202 
vt 0.96057 0.12362 
vt 0.960966 0.123961 
vt 0.961355 0.120998 
vt 0.960876 0.121089 
vt 0.960465 0.118632 
vt 0.960791 0.118043 
vt 0.959424 0.117137 
vt 0.959394 0.117964 
vt 0.957908 0.11863 
vt 0.983365 0.400024 
vt 0.983344 0.393928 
vt 0.985368 0.396416 
vt 0.985461 0.391784 
vt 0.985913 0.401794 
vt 0.987626 0.394018 
vt 0.987764 0.398048 
vt 0.983365 0.400024 
vt 0.985368 0.396416 
vt 0.983344 0.393928 
vt 0.985461 0.391784 
vt 0.985913 0.401794 
vt 0.987626 0.394018 
vt 0.987764 0.398048 
vt 0.972571 0.119951 
vt 0.972249 0.11832 
vt 0.971977 0.118811 
vt 0.971082 0.117356 
vt 0.971239 0.116711 
vt 0.970945 0.123305 
vt 0.970019 0.116853 
vt 0.969943 0.116197 
vt 0.968885 0.118126 
vt 0.969159 0.11854 
vt 0.968499 0.120829 
vt 0.968814 0.121041 
vt 0.968908 0.123286 
vt 0.968402 0.122458 
vt 0.967551 0.122931 
vt 0.967745 0.123542 
vt 0.966726 0.124876 
vt 0.966462 0.124425 
vt 0.969552 0.126713 
vt 0.966215 0.126783 
vt 0.965869 0.126725 
vt 0.966688 0.1286 
vt 0.96641 0.129032 
vt 0.967766 0.129951 
vt 0.970379 0.126902 
vt 0.971168 0.129543 
vt 0.971185 0.124817 
vt 0.972686 0.125291 
vt 0.972601 0.128807 
vt 0.953047 0.136574 
vt 0.95521 0.13204 
vt 0.953947 0.138883 
vt 0.953795 0.139658 
vt 0.952634 0.136945 
vt 0.955501 0.139204 
vt 0.952307 0.134515 
vt 0.955371 0.138485 
vt 0.956394 0.136856 
vt 0.956656 0.137455 
vt 0.952708 0.134267 
vt 0.952399 0.132432 
vt 0.957098 0.134447 
vt 0.957217 0.135218 
vt 0.952864 0.131838 
vt 0.951738 0.131606 
vt 0.951465 0.132312 
vt 0.958108 0.135745 
vt 0.958021 0.136595 
vt 0.958092 0.130505 
vt 0.959327 0.136291 
vt 0.959394 0.137119 
vt 0.960792 0.135121 
vt 0.961054 0.135418 
vt 0.961355 0.132072 
vt 0.961087 0.132133 
vt 0.960621 0.130138 
vt 0.960881 0.129794 
vt 0.959733 0.128549 
vt 0.959912 0.128185 
vt 0.958635 0.12724 
vt 0.95998 0.126183 
vt 0.959075 0.127265 
vt 0.959688 0.125674 
vt 0.96057 0.12362 
vt 0.960966 0.123961 
vt 0.957809 0.124202 
vt 0.961355 0.120998 
vt 0.960876 0.121089 
vt 0.960465 0.118632 
vt 0.960791 0.118043 
vt 0.959424 0.117137 
vt 0.959394 0.117964 
vt 0.957908 0.11863 
vt 0.957811 0.117778 
vt 0.95668 0.120102 
vt 0.956796 0.119075 
vt 0.956375 0.117285 
vt 0.956118 0.117906 
vt 0.955038 0.115523 
vt 0.955094 0.123022 
vt 0.954904 0.116317 
vt 0.953478 0.11528 
vt 0.953632 0.116051 
vt 0.971673 0.269622 
vt 0.973581 0.267906 
vt 0.973065 0.27176 
vt 0.973912 0.267896 
vt 0.973377 0.272095 
vt 0.973216 0.264871 
vt 0.97172 0.275377 
vt 0.971721 0.276144 
vt 0.970074 0.272125 
vt 0.972946 0.265351 
vt 0.970403 0.271788 
vt 0.969939 0.267643 
vt 0.969558 0.267549 
vt 0.970311 0.26474 
vt 0.970519 0.265295 
vt 0.97174 0.264117 
vt 0.9719 0.263369 
vt 0.971673 0.269622 
vt 0.973065 0.27176 
vt 0.973581 0.267906 
vt 0.973912 0.267896 
vt 0.973377 0.272095 
vt 0.973216 0.264871 
vt 0.97172 0.275377 
vt 0.971721 0.276144 
vt 0.970074 0.272125 
vt 0.972946 0.265351 
vt 0.970403 0.271788 
vt 0.969939 0.267643 
vt 0.969558 0.267549 
vt 0.970311 0.26474 
vt 0.970519 0.265295 
vt 0.97174 0.264117 
vt 0.9719 0.263369 
vt 0.924687 0.131406 
vt 0.927758 0.142125 
vt 0.924687 0.141899 
vt 0.924687 0.155305 
vt 0.927749 0.13075 
vt 0.924687 0.12413 
vt 0.927749 0.109754 
vt 0.927758 0.156144 
vt 0.924687 0.163541 
vt 0.927758 0.165001 
vt 0.924687 0.170765 
vt 0.927758 0.172313 
vt 0.924687 0.179515 
vt 0.927758 0.179515 
vt 0.924687 0.131406 
vt 0.927758 0.142125 
vt 0.927749 0.13075 
vt 0.924687 0.12413 
vt 0.927749 0.109754 
vt 0.924687 0.141899 
vt 0.924687 0.155305 
vt 0.927758 0.156144 
vt 0.924687 0.163541 
vt 0.927758 0.165001 
vt 0.924687 0.170765 
vt 0.927758 0.172313 
vt 0.924687 0.179515 
vt 0.927758 0.179515 
vt 0.958052 0.395922 
vt 0.958116 0.389769 
vt 0.960326 0.392927 
vt 0.955926 0.392156 
vt 0.960585 0.39821 
vt 0.955267 0.398735 
vt 0.9582 0.402056 
vt 0.958052 0.395922 
vt 0.960326 0.392927 
vt 0.958116 0.389769 
vt 0.960585 0.39821 
vt 0.955926 0.392156 
vt 0.9582 0.402056 
vt 0.955267 0.398735 
vt 0.97467 0.166781 
vt 0.975811 0.168649 
vt 0.974737 0.169241 
vt 0.976117 0.166304 
vt 0.973515 0.168896 
vt 0.975717 0.163832 
vt 0.97358 0.164634 
vt 0.974816 0.16211 
vt 0.972343 0.166998 
vt 0.973741 0.161082 
vt 0.972649 0.163111 
vt 0.971152 0.164062 
vt 0.972457 0.159665 
vt 0.970625 0.166629 
vt 0.971822 0.169395 
vt 0.971628 0.1613 
vt 0.973789 0.157581 
vt 0.97474 0.160277 
vt 0.975726 0.158465 
vt 0.970122 0.169103 
vt 0.970855 0.170991 
vt 0.969683 0.171478 
vt 0.968801 0.169601 
vt 0.968513 0.167035 
vt 0.96902 0.164437 
vt 0.970147 0.161155 
vt 0.968471 0.160773 
vt 0.967637 0.164298 
vt 0.971096 0.158004 
vt 0.968958 0.157208 
vt 0.967801 0.157348 
vt 0.966616 0.15878 
vt 0.96709 0.160814 
vt 0.966559 0.162805 
vt 0.966021 0.160714 
vt 0.970495 0.155028 
vt 0.968502 0.1548 
vt 0.972314 0.155118 
vt 0.968763 0.152625 
vt 0.971816 0.152615 
vt 0.973508 0.153183 
vt 0.970771 0.151159 
vt 0.969881 0.152649 
vt 0.969571 0.150607 
vt 0.974851 0.15566 
vt 0.974783 0.153018 
vt 0.976117 0.156395 
vt 0.975917 0.153787 
vt 0.97467 0.166781 
vt 0.974737 0.169241 
vt 0.975811 0.168649 
vt 0.976117 0.166304 
vt 0.973515 0.168896 
vt 0.975717 0.163832 
vt 0.97358 0.164634 
vt 0.974816 0.16211 
vt 0.972343 0.166998 
vt 0.973741 0.161082 
vt 0.972649 0.163111 
vt 0.971152 0.164062 
vt 0.972457 0.159665 
vt 0.970625 0.166629 
vt 0.971822 0.169395 
vt 0.971628 0.1613 
vt 0.973789 0.157581 
vt 0.97474 0.160277 
vt 0.975726 0.158465 
vt 0.970122 0.169103 
vt 0.970855 0.170991 
vt 0.969683 0.171478 
vt 0.968801 0.169601 
vt 0.968513 0.167035 
vt 0.96902 0.164437 
vt 0.970147 0.161155 
vt 0.968471 0.160773 
vt 0.967637 0.164298 
vt 0.971096 0.158004 
vt 0.968958 0.157208 
vt 0.967801 0.157348 
vt 0.966616 0.15878 
vt 0.96709 0.160814 
vt 0.966559 0.162805 
vt 0.966021 0.160714 
vt 0.970495 0.155028 
vt 0.968502 0.1548 
vt 0.972314 0.155118 
vt 0.968763 0.152625 
vt 0.971816 0.152615 
vt 0.973508 0.153183 
vt 0.970771 0.151159 
vt 0.969881 0.152649 
vt 0.969571 0.150607 
vt 0.974851 0.15566 
vt 0.974783 0.153018 
vt 0.975917 0.153787 
vt 0.976117 0.156395 
vt 0.87824 0.0588911 
vt 0.87824 0.0383997 
vt 0.883402 0.0433464 
vt 0.883402 0.0208867 
vt 0.883465 0.061592 
vt 0.883465 0.080732 
vt 0.87824 0.0814956 
vt 0.87824 0.100509 
vt 0.883465 0.103374 
vt 0.883465 0.121304 
vt 0.87824 0.120479 
vt 0.87824 0.145445 
vt 0.883465 0.145848 
vt 0.87824 0.172007 
vt 0.883465 0.172269 
vt 0.87824 0.18073 
vt 0.883465 0.1819 
vt 0.87824 0.187878 
vt 0.883465 0.189096 
vt 0.87824 0.194537 
vt 0.883465 0.194537 
vt 0.883465 0.061592 
vt 0.883402 0.0433464 
vt 0.87824 0.0588911 
vt 0.87824 0.0383997 
vt 0.883402 0.0208867 
vt 0.883465 0.080732 
vt 0.87824 0.0814956 
vt 0.87824 0.100509 
vt 0.883465 0.103374 
vt 0.883465 0.121304 
vt 0.87824 0.120479 
vt 0.87824 0.145445 
vt 0.883465 0.145848 
vt 0.87824 0.172007 
vt 0.883465 0.172269 
vt 0.87824 0.18073 
vt 0.883465 0.1819 
vt 0.87824 0.187878 
vt 0.883465 0.189096 
vt 0.87824 0.194537 
vt 0.883465 0.194537 
vt 0.882608 0.430305 
vt 0.878655 0.44993 
vt 0.878655 0.430082 
vt 0.882649 0.450092 
vt 0.882608 0.406398 
vt 0.882649 0.459287 
vt 0.878655 0.407721 
vt 0.878655 0.459429 
vt 0.882608 0.38194 
vt 0.882649 0.468733 
vt 0.878655 0.381752 
vt 0.882608 0.354274 
vt 0.878655 0.354274 
vt 0.878655 0.469539 
vt 0.878655 0.477031 
vt 0.882649 0.477031 
vt 0.878655 0.44993 
vt 0.882608 0.430305 
vt 0.878655 0.430082 
vt 0.882608 0.406398 
vt 0.882649 0.450092 
vt 0.878655 0.407721 
vt 0.882649 0.459287 
vt 0.882608 0.38194 
vt 0.878655 0.459429 
vt 0.878655 0.381752 
vt 0.882608 0.354274 
vt 0.878655 0.354274 
vt 0.882649 0.468733 
vt 0.878655 0.469539 
vt 0.878655 0.477031 
vt 0.882649 0.477031 
vt 0.889589 0.449546 
vt 0.889589 0.425971 
vt 0.894153 0.448871 
vt 0.894153 0.42572 
vt 0.894153 0.406658 
vt 0.889589 0.406658 
vt 0.894149 0.457065 
vt 0.889589 0.458435 
vt 0.894149 0.463968 
vt 0.889589 0.465118 
vt 0.889589 0.470178 
vt 0.894149 0.470178 
vt 0.889589 0.425971 
vt 0.889589 0.449546 
vt 0.894153 0.448871 
vt 0.894149 0.457065 
vt 0.894153 0.42572 
vt 0.894153 0.406658 
vt 0.889589 0.406658 
vt 0.889589 0.458435 
vt 0.894149 0.463968 
vt 0.889589 0.465118 
vt 0.889589 0.470178 
vt 0.894149 0.470178 
vt 0.983362 0.132317 
vt 0.983978 0.133763 
vt 0.983081 0.132626 
vt 0.983849 0.134426 
vt 0.982863 0.130775 
vt 0.9851 0.134228 
vt 0.983184 0.130629 
vt 0.983315 0.128792 
vt 0.982919 0.129287 
vt 0.984959 0.133566 
vt 0.985941 0.133007 
vt 0.985737 0.132435 
vt 0.986314 0.131456 
vt 0.982455 0.128432 
vt 0.982233 0.128968 
vt 0.981744 0.127481 
vt 0.981467 0.127895 
vt 0.980923 0.125828 
vt 0.981263 0.125825 
vt 0.981692 0.124136 
vt 0.981433 0.123741 
vt 0.982401 0.123159 
vt 0.982228 0.122569 
vt 0.983425 0.122843 
vt 0.982965 0.12213 
vt 0.983047 0.120793 
vt 0.983347 0.120963 
vt 0.983302 0.118685 
vt 0.983595 0.11903 
vt 0.984078 0.11706 
vt 0.984189 0.117643 
vt 0.985051 0.117902 
vt 0.985157 0.117293 
vt 0.985819 0.119096 
vt 0.849859 0.051281 
vt 0.841877 0.0241005 
vt 0.849859 0.0241005 
vt 0.841877 0.0500078 
vt 0.841877 0.0770191 
vt 0.849859 0.0752673 
vt 0.849859 0.0909466 
vt 0.841877 0.102831 
vt 0.849859 0.120818 
vt 0.841877 0.121409 
vt 0.841877 0.143354 
vt 0.849859 0.143148 
vt 0.841877 0.166134 
vt 0.849859 0.164368 
vt 0.846476 0.188901 
vt 0.849859 0.187205 
vt 0.841877 0.19084 
vt 0.849859 0.198939 
vt 0.845716 0.20117 
vt 0.841877 0.203186 
vt 0.849859 0.210376 
vt 0.846064 0.211485 
vt 0.841877 0.211909 
vt 0.849859 0.216892 
vt 0.846147 0.2178 
vt 0.841877 0.21745 
vt 0.849859 0.222779 
vt 0.841877 0.222779 
vt 0.845938 0.222779 
vt 0.849859 0.051281 
vt 0.841877 0.0241005 
vt 0.841877 0.0500078 
vt 0.849859 0.0241005 
vt 0.841877 0.0770191 
vt 0.849859 0.0752673 
vt 0.849859 0.0909466 
vt 0.841877 0.102831 
vt 0.849859 0.120818 
vt 0.841877 0.121409 
vt 0.841877 0.143354 
vt 0.849859 0.143148 
vt 0.841877 0.166134 
vt 0.849859 0.164368 
vt 0.846476 0.188901 
vt 0.849859 0.187205 
vt 0.841877 0.19084 
vt 0.849859 0.198939 
vt 0.845716 0.20117 
vt 0.841877 0.203186 
vt 0.849859 0.210376 
vt 0.846064 0.211485 
vt 0.841877 0.211909 
vt 0.849859 0.216892 
vt 0.846147 0.2178 
vt 0.841877 0.21745 
vt 0.849859 0.222779 
vt 0.841877 0.222779 
vt 0.845938 0.222779 
vt 0.790475 0.449706 
vt 0.793498 0.460272 
vt 0.790475 0.461991 
vt 0.793498 0.467525 
vt 0.793498 0.44969 
vt 0.793498 0.43742 
vt 0.790475 0.43742 
vt 0.790475 0.468326 
vt 0.793498 0.473275 
vt 0.790475 0.473275 
vt 0.793498 0.460272 
vt 0.790475 0.449706 
vt 0.790475 0.461991 
vt 0.793498 0.44969 
vt 0.793498 0.43742 
vt 0.790475 0.43742 
vt 0.793498 0.467525 
vt 0.790475 0.468326 
vt 0.793498 0.473275 
vt 0.790475 0.473275 
vt 0.957811 0.117778 
vt 0.95668 0.120102 
vt 0.956796 0.119075 
vt 0.956375 0.117285 
vt 0.956118 0.117906 
vt 0.955038 0.115523 
vt 0.955094 0.123022 
vt 0.954904 0.116317 
vt 0.953478 0.11528 
vt 0.953632 0.116051 
vt 0.95272 0.11838 
vt 0.952358 0.11779 
vt 0.952006 0.120487 
vt 0.952488 0.120779 
vt 0.952652 0.123273 
vt 0.952007 0.122551 
vt 0.951375 0.12403 
vt 0.951085 0.12331 
vt 0.9499 0.125422 
vt 0.953578 0.127604 
vt 0.950291 0.125785 
vt 0.949397 0.128159 
vt 0.949792 0.12808 
vt 0.950253 0.130832 
vt 0.950597 0.130344 
vt 0.955578 0.130385 
vt 0.957366 0.129525 
vt 0.95473 0.127676 
vt 0.955496 0.124772 
vt 0.957288 0.125197 
vt 0.915682 0.464021 
vt 0.919675 0.471391 
vt 0.915682 0.471391 
vt 0.919722 0.464707 
vt 0.915682 0.456983 
vt 0.919722 0.456831 
vt 0.915682 0.442818 
vt 0.919722 0.441644 
vt 0.915682 0.430404 
vt 0.919722 0.420905 
vt 0.919675 0.471391 
vt 0.915682 0.464021 
vt 0.915682 0.471391 
vt 0.919722 0.464707 
vt 0.915682 0.456983 
vt 0.919722 0.456831 
vt 0.915682 0.442818 
vt 0.919722 0.441644 
vt 0.915682 0.430404 
vt 0.919722 0.420905 
vt 0.983959 0.269416 
vt 0.982391 0.268294 
vt 0.982894 0.265866 
vt 0.982049 0.268269 
vt 0.982588 0.265531 
vt 0.983944 0.263992 
vt 0.982842 0.271301 
vt 0.982545 0.271608 
vt 0.983921 0.274225 
vt 0.983906 0.274927 
vt 0.983934 0.26469 
vt 0.98534 0.265597 
vt 0.984957 0.271636 
vt 0.985227 0.271939 
vt 0.985034 0.266052 
vt 0.985516 0.268473 
vt 0.985819 0.26846 
vt 0.983959 0.269416 
vt 0.982894 0.265866 
vt 0.982391 0.268294 
vt 0.982049 0.268269 
vt 0.982588 0.265531 
vt 0.983944 0.263992 
vt 0.982842 0.271301 
vt 0.982545 0.271608 
vt 0.983934 0.26469 
vt 0.98534 0.265597 
vt 0.985034 0.266052 
vt 0.983921 0.274225 
vt 0.983906 0.274927 
vt 0.984957 0.271636 
vt 0.985227 0.271939 
vt 0.985516 0.268473 
vt 0.985819 0.26846 
vt 0.940866 0.160407 
vt 0.938012 0.172995 
vt 0.938012 0.160407 
vt 0.940866 0.173736 
vt 0.940866 0.183755 
vt 0.938012 0.183938 
vt 0.938012 0.189876 
vt 0.940866 0.189876 
vt 0.940866 0.173736 
vt 0.940866 0.160407 
vt 0.938012 0.172995 
vt 0.938012 0.160407 
vt 0.940866 0.183755 
vt 0.938012 0.183938 
vt 0.938012 0.189876 
vt 0.940866 0.189876 
vt 0.902979 0.211683 
vt 0.907421 0.193168 
vt 0.907421 0.211078 
vt 0.902979 0.193716 
vt 0.903006 0.226974 
vt 0.902979 0.182457 
vt 0.907421 0.174995 
vt 0.902979 0.157919 
vt 0.907421 0.226106 
vt 0.907421 0.23599 
vt 0.903006 0.236412 
vt 0.903006 0.246322 
vt 0.907421 0.24496 
vt 0.903006 0.25397 
vt 0.907421 0.25397 
vt 0.902979 0.211683 
vt 0.907421 0.193168 
vt 0.902979 0.193716 
vt 0.902979 0.182457 
vt 0.907421 0.174995 
vt 0.902979 0.157919 
vt 0.907421 0.211078 
vt 0.903006 0.226974 
vt 0.907421 0.226106 
vt 0.907421 0.23599 
vt 0.903006 0.236412 
vt 0.903006 0.246322 
vt 0.907421 0.24496 
vt 0.903006 0.25397 
vt 0.907421 0.25397 
vt 0.95272 0.11838 
vt 0.952358 0.11779 
vt 0.952006 0.120487 
vt 0.952488 0.120779 
vt 0.952652 0.123273 
vt 0.952007 0.122551 
vt 0.951375 0.12403 
vt 0.951085 0.12331 
vt 0.9499 0.125422 
vt 0.953578 0.127604 
vt 0.950291 0.125785 
vt 0.949397 0.128159 
vt 0.949792 0.12808 
vt 0.950253 0.130832 
vt 0.950597 0.130344 
vt 0.955578 0.130385 
vt 0.957366 0.129525 
vt 0.95473 0.127676 
vt 0.955496 0.124772 
vt 0.957288 0.125197 
vt 0.774871 0.0535591 
vt 0.774871 0.0240775 
vt 0.781569 0.0511085 
vt 0.781569 0.0240775 
vt 0.774836 0.0809954 
vt 0.781569 0.083575 
vt 0.774836 0.107114 
vt 0.781569 0.107045 
vt 0.781569 0.128594 
vt 0.774836 0.128815 
vt 0.781569 0.162107 
vt 0.774836 0.16203 
vt 0.781569 0.197072 
vt 0.774836 0.197756 
vt 0.781569 0.231296 
vt 0.774836 0.233627 
vt 0.781569 0.268202 
vt 0.774836 0.268803 
vt 0.774836 0.292984 
vt 0.781569 0.292409 
vt 0.781569 0.311178 
vt 0.774871 0.0240775 
vt 0.781569 0.0511085 
vt 0.781569 0.0240775 
vt 0.774871 0.0535591 
vt 0.774836 0.0809954 
vt 0.781569 0.083575 
vt 0.774836 0.107114 
vt 0.781569 0.107045 
vt 0.781569 0.128594 
vt 0.774836 0.128815 
vt 0.781569 0.162107 
vt 0.774836 0.16203 
vt 0.781569 0.197072 
vt 0.774836 0.197756 
vt 0.781569 0.231296 
vt 0.774836 0.233627 
vt 0.781569 0.268202 
vt 0.774836 0.268803 
vt 0.774836 0.292984 
vt 0.781569 0.292409 
vt 0.781569 0.311178 
vt 0.824392 0.0204166 
vt 0.824392 0.0507503 
vt 0.818298 0.0451375 
vt 0.818298 0.0834485 
vt 0.824392 0.0846751 
vt 0.824392 0.117028 
vt 0.818298 0.117588 
vt 0.824392 0.150296 
vt 0.818298 0.150891 
vt 0.818298 0.179231 
vt 0.824392 0.180078 
vt 0.818298 0.209422 
vt 0.824392 0.210049 
vt 0.818298 0.237122 
vt 0.824392 0.235265 
vt 0.818298 0.255718 
vt 0.824392 0.256373 
vt 0.818298 0.275973 
vt 0.824392 0.276807 
vt 0.818298 0.2964 
vt 0.824392 0.296455 
vt 0.824392 0.315754 
vt 0.818298 0.31621 
vt 0.818298 0.329914 
vt 0.824392 0.330059 
vt 0.824392 0.342187 
vt 0.818298 0.341719 
vt 0.824392 0.351621 
vt 0.818298 0.351621 
vt 0.824392 0.0204166 
vt 0.818298 0.0451375 
vt 0.824392 0.0507503 
vt 0.818298 0.0834485 
vt 0.824392 0.0846751 
vt 0.824392 0.117028 
vt 0.818298 0.117588 
vt 0.824392 0.150296 
vt 0.818298 0.150891 
vt 0.818298 0.179231 
vt 0.824392 0.180078 
vt 0.818298 0.209422 
vt 0.824392 0.210049 
vt 0.818298 0.237122 
vt 0.824392 0.235265 
vt 0.818298 0.255718 
vt 0.824392 0.256373 
vt 0.818298 0.275973 
vt 0.824392 0.276807 
vt 0.818298 0.2964 
vt 0.824392 0.296455 
vt 0.824392 0.315754 
vt 0.818298 0.31621 
vt 0.818298 0.329914 
vt 0.824392 0.330059 
vt 0.824392 0.342187 
vt 0.818298 0.341719 
vt 0.824392 0.351621 
vt 0.818298 0.351621 
vt 0.983362 0.132317 
vt 0.983978 0.133763 
vt 0.983081 0.132626 
vt 0.983849 0.134426 
vt 0.982863 0.130775 
vt 0.9851 0.134228 
vt 0.983184 0.130629 
vt 0.983315 0.128792 
vt 0.982919 0.129287 
vt 0.984959 0.133566 
vt 0.985941 0.133007 
vt 0.985737 0.132435 
vt 0.982455 0.128432 
vt 0.982233 0.128968 
vt 0.981744 0.127481 
vt 0.981467 0.127895 
vt 0.980923 0.125828 
vt 0.981263 0.125825 
vt 0.981692 0.124136 
vt 0.981433 0.123741 
vt 0.982401 0.123159 
vt 0.982228 0.122569 
vt 0.983425 0.122843 
vt 0.982965 0.12213 
vt 0.983047 0.120793 
vt 0.983347 0.120963 
vt 0.983302 0.118685 
vt 0.983595 0.11903 
vt 0.984857 0.164169 
vt 0.983237 0.164512 
vt 0.985466 0.162034 
vt 0.987034 0.161523 
vt 0.98445 0.166373 
vt 0.9835 0.166516 
vt 0.984141 0.168078 
vt 0.985107 0.167829 
vt 0.986022 0.166637 
vt 0.986452 0.164638 
vt 0.987498 0.159594 
vt 0.987811 0.162882 
vt 0.988536 0.160377 
vt 0.988546 0.158734 
vt 0.989277 0.161669 
vt 0.989268 0.157284 
vt 0.987379 0.166107 
vt 0.988601 0.164446 
vt 0.989563 0.16352 
vt 0.988338 0.166343 
vt 0.989335 0.165787 
vt 0.98866 0.15473 
vt 0.989563 0.155417 
vt 0.989316 0.153348 
vt 0.988266 0.152751 
vt 0.984857 0.164169 
vt 0.983237 0.164512 
vt 0.985466 0.162034 
vt 0.98445 0.166373 
vt 0.9835 0.166516 
vt 0.984141 0.168078 
vt 0.985107 0.167829 
vt 0.986022 0.166637 
vt 0.986452 0.164638 
vt 0.987034 0.161523 
vt 0.987811 0.162882 
vt 0.987379 0.166107 
vt 0.987498 0.159594 
vt 0.988536 0.160377 
vt 0.989277 0.161669 
vt 0.988546 0.158734 
vt 0.989268 0.157284 
vt 0.98866 0.15473 
vt 0.989563 0.155417 
vt 0.988266 0.152751 
vt 0.989316 0.153348 
vt 0.988601 0.164446 
vt 0.989563 0.16352 
vt 0.988338 0.166343 
vt 0.989335 0.165787 
vt 0.972296 0.23703 
vt 0.972202 0.248226 
vt 0.970633 0.244394 
vt 0.970279 0.245021 
vt 0.9722 0.249286 
vt 0.974213 0.245068 
vt 0.969571 0.239905 
vt 0.969063 0.240267 
vt 0.973836 0.244536 
vt 0.975135 0.239663 
vt 0.975591 0.239988 
vt 0.969077 0.234892 
vt 0.968612 0.234711 
vt 0.969726 0.229823 
vt 0.975599 0.234852 
vt 0.97605 0.234662 
vt 0.97015 0.23063 
vt 0.972314 0.228087 
vt 0.972495 0.227048 
vt 0.974426 0.230497 
vt 0.974865 0.229697 
vt 0.972296 0.23703 
vt 0.970633 0.244394 
vt 0.972202 0.248226 
vt 0.970279 0.245021 
vt 0.9722 0.249286 
vt 0.974213 0.245068 
vt 0.969571 0.239905 
vt 0.969063 0.240267 
vt 0.973836 0.244536 
vt 0.975135 0.239663 
vt 0.975591 0.239988 
vt 0.969077 0.234892 
vt 0.968612 0.234711 
vt 0.969726 0.229823 
vt 0.975599 0.234852 
vt 0.97605 0.234662 
vt 0.97015 0.23063 
vt 0.974426 0.230497 
vt 0.974865 0.229697 
vt 0.972495 0.227048 
vt 0.972314 0.228087 
vt 0.959912 0.128185 
vt 0.958635 0.12724 
vt 0.959075 0.127265 
vt 0.958635 0.12724 
vt 0.959912 0.128185 
vt 0.959075 0.127265 
vt 0.958296 0.188257 
vt 0.96093 0.19139 
vt 0.958282 0.199674 
vt 0.961416 0.190466 
vt 0.958224 0.187195 
vt 0.962185 0.196556 
vt 0.962687 0.196383 
vt 0.962007 0.202918 
vt 0.955392 0.192524 
vt 0.954852 0.191608 
vt 0.95395 0.197155 
vt 0.961475 0.202509 
vt 0.960394 0.208859 
vt 0.959913 0.208209 
vt 0.954461 0.197282 
vt 0.954758 0.203606 
vt 0.958286 0.212262 
vt 0.958304 0.213434 
vt 0.956283 0.209229 
vt 0.956774 0.208562 
vt 0.95531 0.203152 
vt 0.958296 0.188257 
vt 0.958282 0.199674 
vt 0.96093 0.19139 
vt 0.961416 0.190466 
vt 0.958224 0.187195 
vt 0.962185 0.196556 
vt 0.962687 0.196383 
vt 0.962007 0.202918 
vt 0.955392 0.192524 
vt 0.954852 0.191608 
vt 0.95395 0.197155 
vt 0.961475 0.202509 
vt 0.960394 0.208859 
vt 0.959913 0.208209 
vt 0.954461 0.197282 
vt 0.954758 0.203606 
vt 0.958286 0.212262 
vt 0.958304 0.213434 
vt 0.956283 0.209229 
vt 0.956774 0.208562 
vt 0.95531 0.203152 
vt 0.990141 0.0483803 
vt 0.985535 0.0439305 
vt 0.991459 0.0444677 
vt 0.99203 0.0445352 
vt 0.990527 0.0491308 
vt 0.99039 0.0407144 
vt 0.990921 0.0400619 
vt 0.988683 0.0384648 
vt 0.98915 0.0375569 
vt 0.988266 0.0500355 
vt 0.988552 0.0513138 
vt 0.987421 0.0509917 
vt 0.987121 0.0376459 
vt 0.987927 0.0367154 
vt 0.987764 0.0334084 
vt 0.986729 0.0497617 
vt 0.987464 0.0538684 
vt 0.987226 0.0337319 
vt 0.986913 0.0535862 
vt 0.983616 0.0379258 
vt 0.986694 0.0299791 
vt 0.987174 0.0292647 
vt 0.985713 0.0259928 
vt 0.985499 0.0270362 
vt 0.983678 0.0274445 
vt 0.983482 0.0264175 
vt 0.981631 0.0289136 
vt 0.981979 0.0296444 
vt 0.980867 0.0334539 
vt 0.980714 0.0324447 
vt 0.979124 0.0299711 
vt 0.978997 0.0309681 
vt 0.976984 0.0292923 
vt 0.979329 0.0390625 
vt 0.977044 0.0302987 
vt 0.974755 0.0308027 
vt 0.975157 0.0314401 
vt 0.974727 0.035718 
vt 0.974237 0.0358047 
vt 0.975456 0.0394586 
vt 0.990141 0.0483803 
vt 0.991459 0.0444677 
vt 0.985535 0.0439305 
vt 0.99203 0.0445352 
vt 0.990527 0.0491308 
vt 0.99039 0.0407144 
vt 0.990921 0.0400619 
vt 0.988683 0.0384648 
vt 0.98915 0.0375569 
vt 0.988266 0.0500355 
vt 0.988552 0.0513138 
vt 0.987421 0.0509917 
vt 0.987121 0.0376459 
vt 0.987927 0.0367154 
vt 0.987764 0.0334084 
vt 0.986729 0.0497617 
vt 0.987464 0.0538684 
vt 0.987226 0.0337319 
vt 0.986913 0.0535862 
vt 0.983616 0.0379258 
vt 0.986694 0.0299791 
vt 0.987174 0.0292647 
vt 0.985713 0.0259928 
vt 0.985499 0.0270362 
vt 0.983678 0.0274445 
vt 0.983482 0.0264175 
vt 0.981631 0.0289136 
vt 0.981979 0.0296444 
vt 0.980867 0.0334539 
vt 0.980714 0.0324447 
vt 0.979124 0.0299711 
vt 0.978997 0.0309681 
vt 0.976984 0.0292923 
vt 0.979329 0.0390625 
vt 0.977044 0.0302987 
vt 0.974755 0.0308027 
vt 0.975157 0.0314401 
vt 0.974727 0.035718 
vt 0.974237 0.0358047 
vt 0.975456 0.0394586 
vt 0.780625 0.461166 
vt 0.777601 0.452098 
vt 0.780625 0.452098 
vt 0.777557 0.461006 
vt 0.777557 0.469935 
vt 0.780625 0.470477 
vt 0.780625 0.475666 
vt 0.777557 0.475666 
vt 0.777557 0.461006 
vt 0.780625 0.461166 
vt 0.777601 0.452098 
vt 0.780625 0.452098 
vt 0.777557 0.469935 
vt 0.780625 0.470477 
vt 0.780625 0.475666 
vt 0.777557 0.475666 
vt 0.975001 0.0399892 
vt 0.976982 0.0422457 
vt 0.976647 0.0428448 
vt 0.977478 0.0436159 
vt 0.978148 0.0437974 
vt 0.976135 0.0454225 
vt 0.976486 0.0460961 
vt 0.975184 0.0490394 
vt 0.974692 0.0486016 
vt 0.979383 0.0484782 
vt 0.97475 0.0525414 
vt 0.974237 0.0525803 
vt 0.974886 0.0571394 
vt 0.975239 0.0565 
vt 0.977074 0.0574028 
vt 0.977038 0.0582705 
vt 0.979082 0.0566439 
vt 0.979184 0.057542 
vt 0.980749 0.0554687 
vt 0.980947 0.0541971 
vt 0.981625 0.057849 
vt 0.981152 0.0584894 
vt 0.982701 0.0612062 
vt 0.983311 0.0499792 
vt 0.982951 0.0601234 
vt 0.985336 0.0621892 
vt 0.985161 0.0611088 
vt 0.986623 0.057677 
vt 0.987109 0.0582353 
vt 0.983923 0.0438442 
vt 0.983045 0.040383 
vt 0.982789 0.0474339 
vt 0.980354 0.0469549 
vt 0.98033 0.0407275 
vt 0.975001 0.0399892 
vt 0.976982 0.0422457 
vt 0.976647 0.0428448 
vt 0.977478 0.0436159 
vt 0.978148 0.0437974 
vt 0.976135 0.0454225 
vt 0.976486 0.0460961 
vt 0.979383 0.0484782 
vt 0.975184 0.0490394 
vt 0.974692 0.0486016 
vt 0.97475 0.0525414 
vt 0.974237 0.0525803 
vt 0.974886 0.0571394 
vt 0.975239 0.0565 
vt 0.977074 0.0574028 
vt 0.977038 0.0582705 
vt 0.979082 0.0566439 
vt 0.979184 0.057542 
vt 0.980749 0.0554687 
vt 0.980947 0.0541971 
vt 0.981625 0.057849 
vt 0.981152 0.0584894 
vt 0.982701 0.0612062 
vt 0.983311 0.0499792 
vt 0.982951 0.0601234 
vt 0.985336 0.0621892 
vt 0.985161 0.0611088 
vt 0.986623 0.057677 
vt 0.987109 0.0582353 
vt 0.983923 0.0438442 
vt 0.983045 0.040383 
vt 0.982789 0.0474339 
vt 0.980354 0.0469549 
vt 0.98033 0.0407275 
vt 0.984404 0.236465 
vt 0.984443 0.244874 
vt 0.982891 0.240424 
vt 0.982523 0.240862 
vt 0.981776 0.23641 
vt 0.984455 0.245747 
vt 0.982191 0.236394 
vt 0.982266 0.231761 
vt 0.986034 0.240111 
vt 0.986416 0.240541 
vt 0.982653 0.232344 
vt 0.984435 0.22954 
vt 0.984418 0.228731 
vt 0.986428 0.231133 
vt 0.986024 0.231786 
vt 0.986754 0.23566 
vt 0.987136 0.23583 
vt 0.984404 0.236465 
vt 0.982891 0.240424 
vt 0.984443 0.244874 
vt 0.982523 0.240862 
vt 0.984455 0.245747 
vt 0.981776 0.23641 
vt 0.986034 0.240111 
vt 0.986416 0.240541 
vt 0.982191 0.236394 
vt 0.982266 0.231761 
vt 0.982653 0.232344 
vt 0.984435 0.22954 
vt 0.984418 0.228731 
vt 0.986428 0.231133 
vt 0.986024 0.231786 
vt 0.986754 0.23566 
vt 0.987136 0.23583 
vt 0.894674 0.046713 
vt 0.890451 0.0676581 
vt 0.890451 0.0452561 
vt 0.894674 0.0233655 
vt 0.890451 0.0233655 
vt 0.894674 0.0688844 
vt 0.890478 0.0857064 
vt 0.894674 0.0871338 
vt 0.890478 0.102625 
vt 0.894674 0.103166 
vt 0.890478 0.119882 
vt 0.894674 0.121004 
vt 0.890478 0.128554 
vt 0.894674 0.129677 
vt 0.890478 0.137228 
vt 0.894674 0.137228 
vt 0.894674 0.0688844 
vt 0.894674 0.046713 
vt 0.890451 0.0676581 
vt 0.890451 0.0452561 
vt 0.894674 0.0233655 
vt 0.890451 0.0233655 
vt 0.890478 0.0857064 
vt 0.894674 0.0871338 
vt 0.890478 0.102625 
vt 0.894674 0.103166 
vt 0.890478 0.119882 
vt 0.894674 0.121004 
vt 0.890478 0.128554 
vt 0.894674 0.129677 
vt 0.890478 0.137228 
vt 0.894674 0.137228 
vt 0.958791 0.248196 
vt 0.958723 0.236984 
vt 0.960212 0.244904 
vt 0.958746 0.249169 
vt 0.956792 0.2447 
vt 0.960637 0.245563 
vt 0.957299 0.244024 
vt 0.95554 0.239763 
vt 0.961472 0.239834 
vt 0.962004 0.240383 
vt 0.956108 0.239423 
vt 0.955016 0.234577 
vt 0.962055 0.23551 
vt 0.96267 0.235341 
vt 0.96163 0.229613 
vt 0.955542 0.234841 
vt 0.956044 0.229614 
vt 0.961286 0.230499 
vt 0.956445 0.230413 
vt 0.958753 0.227545 
vt 0.958754 0.226457 
vt 0.958791 0.248196 
vt 0.960212 0.244904 
vt 0.958723 0.236984 
vt 0.958746 0.249169 
vt 0.960637 0.245563 
vt 0.956792 0.2447 
vt 0.961472 0.239834 
vt 0.962004 0.240383 
vt 0.957299 0.244024 
vt 0.95554 0.239763 
vt 0.956108 0.239423 
vt 0.955016 0.234577 
vt 0.962055 0.23551 
vt 0.96267 0.235341 
vt 0.96163 0.229613 
vt 0.955542 0.234841 
vt 0.956044 0.229614 
vt 0.961286 0.230499 
vt 0.956445 0.230413 
vt 0.958753 0.227545 
vt 0.958754 0.226457 
vt 0.936474 0.126471 
vt 0.942814 0.126709 
vt 0.939316 0.150382 
vt 0.936474 0.105167 
vt 0.942814 0.100771 
vt 0.936474 0.0823342 
vt 0.936474 0.126471 
vt 0.939316 0.150382 
vt 0.942814 0.126709 
vt 0.936474 0.105167 
vt 0.942814 0.100771 
vt 0.936474 0.0823342 
vt 0.774836 0.31144 
vt 0.781569 0.332772 
vt 0.774836 0.332458 
vt 0.781569 0.355319 
vt 0.774836 0.35448 
vt 0.774836 0.375118 
vt 0.781569 0.374702 
vt 0.774836 0.394826 
vt 0.781569 0.394411 
vt 0.774836 0.407418 
vt 0.781569 0.407823 
vt 0.774836 0.419877 
vt 0.781569 0.419688 
vt 0.774836 0.428845 
vt 0.781569 0.42794 
vt 0.774836 0.436696 
vt 0.781569 0.435681 
vt 0.774836 0.442792 
vt 0.781569 0.442792 
vt 0.774836 0.31144 
vt 0.781569 0.332772 
vt 0.774836 0.332458 
vt 0.781569 0.355319 
vt 0.774836 0.35448 
vt 0.774836 0.375118 
vt 0.781569 0.374702 
vt 0.774836 0.394826 
vt 0.781569 0.394411 
vt 0.774836 0.407418 
vt 0.781569 0.407823 
vt 0.774836 0.419877 
vt 0.781569 0.419688 
vt 0.774836 0.428845 
vt 0.781569 0.42794 
vt 0.774836 0.436696 
vt 0.781569 0.435681 
vt 0.774836 0.442792 
vt 0.781569 0.442792 
vt 0.971964 0.211473 
vt 0.970084 0.206558 
vt 0.97192 0.199667 
vt 0.971947 0.212431 
vt 0.974158 0.207627 
vt 0.969632 0.207166 
vt 0.973693 0.206985 
vt 0.97536 0.202848 
vt 0.96899 0.202011 
vt 0.968448 0.202365 
vt 0.967991 0.197075 
vt 0.974849 0.202471 
vt 0.975924 0.197804 
vt 0.975394 0.197938 
vt 0.974505 0.193334 
vt 0.97502 0.192547 
vt 0.968507 0.197259 
vt 0.969121 0.191843 
vt 0.969532 0.192704 
vt 0.971962 0.189754 
vt 0.972002 0.1888 
vt 0.971964 0.211473 
vt 0.97192 0.199667 
vt 0.970084 0.206558 
vt 0.971947 0.212431 
vt 0.969632 0.207166 
vt 0.974158 0.207627 
vt 0.96899 0.202011 
vt 0.968448 0.202365 
vt 0.967991 0.197075 
vt 0.973693 0.206985 
vt 0.97536 0.202848 
vt 0.968507 0.197259 
vt 0.969121 0.191843 
vt 0.969532 0.192704 
vt 0.971962 0.189754 
vt 0.972002 0.1888 
vt 0.97502 0.192547 
vt 0.974505 0.193334 
vt 0.975924 0.197804 
vt 0.975394 0.197938 
vt 0.974849 0.202471 
vt 0.957258 0.272832 
vt 0.958692 0.270027 
vt 0.958703 0.276451 
vt 0.956899 0.273268 
vt 0.95872 0.277322 
vt 0.960636 0.272813 
vt 0.956491 0.2688 
vt 0.95603 0.268713 
vt 0.960285 0.272361 
vt 0.960924 0.26926 
vt 0.961321 0.269289 
vt 0.960852 0.264609 
vt 0.957112 0.264485 
vt 0.956795 0.263907 
vt 0.958694 0.261917 
vt 0.958661 0.262758 
vt 0.960552 0.265182 
vt 0.957258 0.272832 
vt 0.958703 0.276451 
vt 0.958692 0.270027 
vt 0.956899 0.273268 
vt 0.95872 0.277322 
vt 0.960636 0.272813 
vt 0.956491 0.2688 
vt 0.95603 0.268713 
vt 0.960285 0.272361 
vt 0.960924 0.26926 
vt 0.961321 0.269289 
vt 0.960852 0.264609 
vt 0.957112 0.264485 
vt 0.956795 0.263907 
vt 0.958694 0.261917 
vt 0.960552 0.265182 
vt 0.958661 0.262758 
vt 0.925414 0.405152 
vt 0.928691 0.395338 
vt 0.928691 0.404569 
vt 0.928691 0.414452 
vt 0.925414 0.395325 
vt 0.926872 0.37405 
vt 0.925414 0.415228 
vt 0.928691 0.422713 
vt 0.925414 0.422713 
vt 0.928691 0.395338 
vt 0.925414 0.405152 
vt 0.928691 0.404569 
vt 0.928691 0.414452 
vt 0.925414 0.395325 
vt 0.926872 0.37405 
vt 0.925414 0.415228 
vt 0.928691 0.422713 
vt 0.925414 0.422713 
vt 0.794871 0.105768 
vt 0.788699 0.12377 
vt 0.788699 0.0960063 
vt 0.788699 0.0784305 
vt 0.794871 0.126518 
vt 0.794871 0.078663 
vt 0.788699 0.156791 
vt 0.788699 0.0513569 
vt 0.794871 0.0510719 
vt 0.792246 0.0232998 
vt 0.794871 0.158239 
vt 0.788699 0.190417 
vt 0.794871 0.191105 
vt 0.788699 0.224746 
vt 0.794871 0.224516 
vt 0.788699 0.257032 
vt 0.794871 0.258287 
vt 0.794871 0.281165 
vt 0.788699 0.284161 
vt 0.788699 0.300889 
vt 0.794871 0.300219 
vt 0.788699 0.319828 
vt 0.794871 0.319906 
vt 0.788699 0.339573 
vt 0.794871 0.341 
vt 0.794871 0.360482 
vt 0.788699 0.361294 
vt 0.788699 0.379377 
vt 0.794871 0.3794 
vt 0.794871 0.391454 
vt 0.788699 0.390487 
vt 0.794871 0.403312 
vt 0.788699 0.403442 
vt 0.794871 0.412034 
vt 0.788699 0.411051 
vt 0.794871 0.419689 
vt 0.788699 0.417791 
vt 0.788699 0.425708 
vt 0.794871 0.425708 
vt 0.794871 0.105768 
vt 0.788699 0.12377 
vt 0.794871 0.126518 
vt 0.788699 0.156791 
vt 0.788699 0.0960063 
vt 0.794871 0.158239 
vt 0.788699 0.0784305 
vt 0.788699 0.190417 
vt 0.794871 0.078663 
vt 0.794871 0.191105 
vt 0.788699 0.0513569 
vt 0.794871 0.0510719 
vt 0.792246 0.0232998 
vt 0.788699 0.224746 
vt 0.794871 0.224516 
vt 0.788699 0.257032 
vt 0.794871 0.258287 
vt 0.794871 0.281165 
vt 0.788699 0.284161 
vt 0.788699 0.300889 
vt 0.794871 0.300219 
vt 0.788699 0.319828 
vt 0.794871 0.319906 
vt 0.788699 0.339573 
vt 0.794871 0.341 
vt 0.794871 0.360482 
vt 0.788699 0.361294 
vt 0.788699 0.379377 
vt 0.794871 0.3794 
vt 0.794871 0.391454 
vt 0.788699 0.390487 
vt 0.794871 0.403312 
vt 0.788699 0.403442 
vt 0.794871 0.412034 
vt 0.788699 0.411051 
vt 0.794871 0.419689 
vt 0.788699 0.417791 
vt 0.788699 0.425708 
vt 0.794871 0.425708 
vt 0.982642 0.20842 
vt 0.984267 0.200535 
vt 0.984143 0.212819 
vt 0.984142 0.213791 
vt 0.986345 0.208831 
vt 0.982165 0.209018 
vt 0.985877 0.208187 
vt 0.987666 0.203676 
vt 0.981526 0.203316 
vt 0.980976 0.203678 
vt 0.987144 0.203261 
vt 0.988238 0.198754 
vt 0.981028 0.198623 
vt 0.980488 0.198512 
vt 0.981392 0.192886 
vt 0.987735 0.198882 
vt 0.986775 0.192935 
vt 0.98709 0.192079 
vt 0.981888 0.193711 
vt 0.984437 0.189899 
vt 0.98445 0.188901 
vt 0.982642 0.20842 
vt 0.984143 0.212819 
vt 0.984267 0.200535 
vt 0.984142 0.213791 
vt 0.982165 0.209018 
vt 0.986345 0.208831 
vt 0.981526 0.203316 
vt 0.980976 0.203678 
vt 0.985877 0.208187 
vt 0.987666 0.203676 
vt 0.981028 0.198623 
vt 0.980488 0.198512 
vt 0.981392 0.192886 
vt 0.987144 0.203261 
vt 0.988238 0.198754 
vt 0.981888 0.193711 
vt 0.987735 0.198882 
vt 0.986775 0.192935 
vt 0.98709 0.192079 
vt 0.984437 0.189899 
vt 0.98445 0.188901 
vt 0.961577 0.0367863 
vt 0.965352 0.0294273 
vt 0.964166 0.0262478 
vt 0.964408 0.0253633 
vt 0.965809 0.0289862 
vt 0.961827 0.0253342 
vt 0.966225 0.0330813 
vt 0.961915 0.0264221 
vt 0.965687 0.0332429 
vt 0.96534 0.0367375 
vt 0.965965 0.0360114 
vt 0.960232 0.0286295 
vt 0.959917 0.0277961 
vt 0.958946 0.0314078 
vt 0.959038 0.0320575 
vt 0.957647 0.0289726 
vt 0.957504 0.0300165 
vt 0.95548 0.0280801 
vt 0.957565 0.0382459 
vt 0.955565 0.0290692 
vt 0.953391 0.0303939 
vt 0.952954 0.0296565 
vt 0.952241 0.0348156 
vt 0.952829 0.0347322 
vt 0.952913 0.0386496 
vt 0.953469 0.0380153 
vt 0.954664 0.0405456 
vt 0.954218 0.0414888 
vt 0.956533 0.0428036 
vt 0.955912 0.0428163 
vt 0.954525 0.0441447 
vt 0.954878 0.044876 
vt 0.952817 0.0472482 
vt 0.957686 0.0473355 
vt 0.953321 0.0477475 
vt 0.952834 0.0516039 
vt 0.952241 0.0515655 
vt 0.95292 0.0564569 
vt 0.953292 0.0557889 
vt 0.955356 0.0578701 
vt 0.955401 0.056875 
vt 0.957313 0.0571 
vt 0.95719 0.0561189 
vt 0.955401 0.056875 
vt 0.957313 0.0571 
vt 0.955356 0.0578701 
vt 0.953292 0.0557889 
vt 0.957686 0.0473355 
vt 0.95292 0.0564569 
vt 0.952834 0.0516039 
vt 0.952241 0.0515655 
vt 0.952817 0.0472482 
vt 0.953321 0.0477475 
vt 0.954878 0.044876 
vt 0.954525 0.0441447 
vt 0.956533 0.0428036 
vt 0.955912 0.0428163 
vt 0.954218 0.0414888 
vt 0.954664 0.0405456 
vt 0.952913 0.0386496 
vt 0.957565 0.0382459 
vt 0.953469 0.0380153 
vt 0.952829 0.0347322 
vt 0.952241 0.0348156 
vt 0.953391 0.0303939 
vt 0.952954 0.0296565 
vt 0.95548 0.0280801 
vt 0.955565 0.0290692 
vt 0.957504 0.0300165 
vt 0.957647 0.0289726 
vt 0.959038 0.0320575 
vt 0.961577 0.0367863 
vt 0.958619 0.040277 
vt 0.960925 0.0394183 
vt 0.962199 0.0431256 
vt 0.963758 0.0433 
vt 0.958708 0.0456334 
vt 0.961471 0.0491945 
vt 0.960985 0.0467992 
vt 0.928065 0.2775 
vt 0.925259 0.289054 
vt 0.925211 0.277506 
vt 0.928065 0.289019 
vt 0.928065 0.26534 
vt 0.928065 0.296705 
vt 0.925211 0.265206 
vt 0.928065 0.257665 
vt 0.925211 0.257665 
vt 0.925259 0.29741 
vt 0.925259 0.305601 
vt 0.928065 0.304922 
vt 0.928065 0.311399 
vt 0.925259 0.311399 
vt 0.925259 0.289054 
vt 0.928065 0.2775 
vt 0.925211 0.277506 
vt 0.928065 0.26534 
vt 0.928065 0.289019 
vt 0.925211 0.265206 
vt 0.928065 0.257665 
vt 0.925211 0.257665 
vt 0.928065 0.296705 
vt 0.925259 0.29741 
vt 0.925259 0.305601 
vt 0.928065 0.304922 
vt 0.928065 0.311399 
vt 0.925259 0.311399 
vt 0.882582 0.27226 
vt 0.882582 0.290331 
vt 0.87852 0.272817 
vt 0.87852 0.29061 
vt 0.87852 0.25393 
vt 0.87852 0.308105 
vt 0.882582 0.254177 
vt 0.882582 0.309115 
vt 0.87852 0.233958 
vt 0.882582 0.229968 
vt 0.87852 0.208284 
vt 0.87852 0.31977 
vt 0.882582 0.320777 
vt 0.882582 0.331704 
vt 0.87852 0.331016 
vt 0.87852 0.338789 
vt 0.882582 0.338789 
vt 0.87852 0.272817 
vt 0.87852 0.29061 
vt 0.882582 0.290331 
vt 0.87852 0.308105 
vt 0.882582 0.27226 
vt 0.882582 0.309115 
vt 0.87852 0.25393 
vt 0.87852 0.31977 
vt 0.882582 0.254177 
vt 0.882582 0.320777 
vt 0.87852 0.233958 
vt 0.882582 0.229968 
vt 0.87852 0.208284 
vt 0.882582 0.331704 
vt 0.87852 0.331016 
vt 0.87852 0.338789 
vt 0.882582 0.338789 
vt 0.856046 0.211778 
vt 0.861528 0.241499 
vt 0.856087 0.244877 
vt 0.861528 0.26559 
vt 0.856087 0.265829 
vt 0.861528 0.287577 
vt 0.856087 0.286436 
vt 0.856087 0.302125 
vt 0.861528 0.306746 
vt 0.856087 0.322282 
vt 0.861528 0.322245 
vt 0.856087 0.338586 
vt 0.861528 0.338797 
vt 0.856087 0.346737 
vt 0.861528 0.3472 
vt 0.856087 0.354789 
vt 0.861528 0.354789 
vt 0.856046 0.211778 
vt 0.856087 0.244877 
vt 0.861528 0.241499 
vt 0.861528 0.26559 
vt 0.856087 0.265829 
vt 0.861528 0.287577 
vt 0.856087 0.286436 
vt 0.856087 0.302125 
vt 0.861528 0.306746 
vt 0.856087 0.322282 
vt 0.861528 0.322245 
vt 0.856087 0.338586 
vt 0.861528 0.338797 
vt 0.856087 0.346737 
vt 0.861528 0.3472 
vt 0.856087 0.354789 
vt 0.861528 0.354789 
vt 0.941996 0.268718 
vt 0.938944 0.278455 
vt 0.938944 0.268718 
vt 0.941996 0.279982 
vt 0.938944 0.289396 
vt 0.941996 0.290252 
vt 0.941996 0.296173 
vt 0.938944 0.296173 
vt 0.938944 0.278455 
vt 0.941996 0.268718 
vt 0.938944 0.268718 
vt 0.941996 0.279982 
vt 0.938944 0.289396 
vt 0.941996 0.290252 
vt 0.941996 0.296173 
vt 0.938944 0.296173 
vt 0.964166 0.0262478 
vt 0.965352 0.0294273 
vt 0.964408 0.0253633 
vt 0.965809 0.0289862 
vt 0.961827 0.0253342 
vt 0.966225 0.0330813 
vt 0.961915 0.0264221 
vt 0.965687 0.0332429 
vt 0.96534 0.0367375 
vt 0.965965 0.0360114 
vt 0.960232 0.0286295 
vt 0.959917 0.0277961 
vt 0.958946 0.0314078 
vt 0.967315 0.0377669 
vt 0.967575 0.03694 
vt 0.96927 0.0395885 
vt 0.968826 0.0402274 
vt 0.970116 0.043496 
vt 0.969679 0.0433783 
vt 0.968525 0.0470129 
vt 0.968946 0.0477517 
vt 0.966945 0.0490848 
vt 0.967158 0.050028 
vt 0.964947 0.0495405 
vt 0.965667 0.0504597 
vt 0.965623 0.0543714 
vt 0.965139 0.05407 
vt 0.964489 0.0581036 
vt 0.964925 0.0587097 
vt 0.963301 0.0616474 
vt 0.963188 0.0607666 
vt 0.961305 0.0598328 
vt 0.961059 0.0609039 
vt 0.959732 0.0574675 
vt 0.959359 0.0581514 
vt 0.958763 0.0550328 
vt 0.958943 0.0538543 
vt 0.95719 0.0561189 
vt 0.919007 0.173287 
vt 0.914538 0.19615 
vt 0.914538 0.172951 
vt 0.919028 0.196307 
vt 0.919007 0.151041 
vt 0.914538 0.150995 
vt 0.914538 0.133858 
vt 0.919028 0.204955 
vt 0.914538 0.204327 
vt 0.914538 0.210799 
vt 0.919028 0.211499 
vt 0.914538 0.216502 
vt 0.919028 0.216502 
vt 0.914538 0.19615 
vt 0.919007 0.173287 
vt 0.914538 0.172951 
vt 0.919007 0.151041 
vt 0.914538 0.150995 
vt 0.914538 0.133858 
vt 0.919028 0.196307 
vt 0.919028 0.204955 
vt 0.914538 0.204327 
vt 0.914538 0.210799 
vt 0.919028 0.211499 
vt 0.914538 0.216502 
vt 0.919028 0.216502 
vt 0.958943 0.0538543 
vt 0.958763 0.0550328 
vt 0.959732 0.0574675 
vt 0.959359 0.0581514 
vt 0.961059 0.0609039 
vt 0.961471 0.0491945 
vt 0.961305 0.0598328 
vt 0.963301 0.0616474 
vt 0.963188 0.0607666 
vt 0.964489 0.0581036 
vt 0.964925 0.0587097 
vt 0.965623 0.0543714 
vt 0.965139 0.05407 
vt 0.964947 0.0495405 
vt 0.965667 0.0504597 
vt 0.967158 0.050028 
vt 0.966945 0.0490848 
vt 0.968946 0.0477517 
vt 0.963758 0.0433 
vt 0.968525 0.0470129 
vt 0.970116 0.043496 
vt 0.969679 0.0433783 
vt 0.968826 0.0402274 
vt 0.96927 0.0395885 
vt 0.967315 0.0377669 
vt 0.967575 0.03694 
vt 0.960985 0.0467992 
vt 0.962199 0.0431256 
vt 0.958708 0.0456334 
vt 0.960925 0.0394183 
vt 0.958619 0.040277 
vt 0.824079 0.428682 
vt 0.819545 0.448538 
vt 0.819545 0.428085 
vt 0.824079 0.448244 
vt 0.824079 0.405509 
vt 0.824079 0.457638 
vt 0.819545 0.403122 
vt 0.819545 0.458225 
vt 0.824079 0.379691 
vt 0.819545 0.379467 
vt 0.821872 0.358516 
vt 0.824079 0.467908 
vt 0.819545 0.467595 
vt 0.819545 0.47555 
vt 0.824079 0.47555 
vt 0.824079 0.428682 
vt 0.819545 0.448538 
vt 0.824079 0.448244 
vt 0.824079 0.457638 
vt 0.819545 0.428085 
vt 0.819545 0.458225 
vt 0.824079 0.405509 
vt 0.824079 0.467908 
vt 0.819545 0.403122 
vt 0.819545 0.467595 
vt 0.819545 0.47555 
vt 0.824079 0.47555 
vt 0.824079 0.379691 
vt 0.819545 0.379467 
vt 0.821872 0.358516 
vt 0.847713 0.431464 
vt 0.847713 0.444894 
vt 0.844012 0.432252 
vt 0.844008 0.446326 
vt 0.844012 0.416094 
vt 0.847713 0.454301 
vt 0.847713 0.416973 
vt 0.847713 0.408078 
vt 0.844012 0.397644 
vt 0.844008 0.455431 
vt 0.847713 0.463647 
vt 0.844008 0.464327 
vt 0.847713 0.471337 
vt 0.844008 0.471337 
vt 0.844012 0.432252 
vt 0.844008 0.446326 
vt 0.847713 0.444894 
vt 0.847713 0.454301 
vt 0.847713 0.431464 
vt 0.844008 0.455431 
vt 0.844012 0.416094 
vt 0.847713 0.463647 
vt 0.847713 0.416973 
vt 0.847713 0.408078 
vt 0.844012 0.397644 
vt 0.844008 0.464327 
vt 0.847713 0.471337 
vt 0.844008 0.471337 
vt 0.928875 0.451178 
vt 0.92536 0.461769 
vt 0.92536 0.450577 
vt 0.927066 0.438386 
vt 0.928875 0.463334 
vt 0.92536 0.470938 
vt 0.928875 0.470938 
vt 0.928875 0.451178 
vt 0.92536 0.461769 
vt 0.928875 0.463334 
vt 0.92536 0.470938 
vt 0.928875 0.470938 
vt 0.92536 0.450577 
vt 0.927066 0.438386 

usemtl Handle1Mtl

f 1/1/1 2/2/2 3/3/3 
f 2/2/2 4/4/4 3/3/3 
f 4/4/4 2/2/2 5/5/5 
f 6/6/6 4/4/4 5/5/5 
f 6/6/6 7/7/7 4/4/4 
f 8/8/8 7/7/7 6/6/6 
f 7/7/7 8/8/8 9/9/9 
f 8/8/8 10/10/10 9/9/9 
f 10/10/10 8/8/8 11/11/11 
f 12/12/12 10/10/10 11/11/11 
f 10/10/10 12/12/12 13/13/13 
f 13/13/13 12/12/12 14/14/14 
f 14/14/14 15/15/15 13/13/13 
f 16/16/16 17/17/17 18/18/18 
f 19/19/19 18/18/18 17/17/17 
f 18/18/18 19/19/19 20/20/20 
f 21/21/21 20/20/20 19/19/19 
f 21/21/21 19/19/19 22/22/22 
f 22/22/22 23/23/23 21/21/21 
f 23/23/23 22/22/22 24/24/24 
f 25/25/25 23/23/23 24/24/24 
f 23/23/23 25/25/25 26/26/26 
f 25/25/25 27/27/27 26/26/26 
f 27/27/27 25/25/25 28/28/28 
f 27/27/27 28/28/28 29/29/29 
f 28/28/28 30/30/30 29/29/29 
f 31/31/31 32/32/32 33/33/33 
f 33/33/33 34/34/34 31/31/31 
f 35/35/35 33/33/33 32/32/32 
f 34/34/34 33/33/33 36/36/36 
f 37/37/37 35/35/35 32/32/32 
f 35/35/35 37/37/37 38/38/38 
f 39/39/39 38/38/38 37/37/37 
f 40/40/40 34/34/34 36/36/36 
f 34/34/34 40/40/40 41/41/41 
f 41/41/41 40/40/40 42/42/42 
f 42/42/42 43/43/43 41/41/41 
f 44/44/44 43/43/43 42/42/42 
f 43/43/43 44/44/44 45/45/45 
f 46/46/46 47/47/47 48/48/48 
f 49/49/49 48/48/48 47/47/47 
f 48/48/48 50/50/50 46/46/46 
f 48/48/48 49/49/49 51/51/51 
f 50/50/50 52/52/52 46/46/46 
f 52/52/52 50/50/50 53/53/53 
f 54/54/54 52/52/52 53/53/53 
f 49/49/49 55/55/55 51/51/51 
f 55/55/55 49/49/49 56/56/56 
f 55/55/55 56/56/56 57/57/57 
f 56/56/56 58/58/58 57/57/57 
f 58/58/58 59/59/59 57/57/57 
f 59/59/59 58/58/58 60/60/60 
f 61/61/61 62/62/62 63/63/63 
f 62/62/62 61/61/61 64/64/64 
f 65/65/65 64/64/64 61/61/61 
f 64/64/64 65/65/65 66/66/66 
f 67/67/67 66/66/66 65/65/65 
f 66/66/66 67/67/67 68/68/68 
f 69/69/69 70/70/70 71/71/71 
f 71/71/71 70/70/70 72/72/72 
f 69/69/69 73/73/73 70/70/70 
f 69/69/69 74/74/74 73/73/73 
f 74/74/74 75/75/75 73/73/73 
f 75/75/75 74/74/74 76/76/76 
f 77/77/77 78/78/78 79/79/79 
f 78/78/78 77/77/77 80/80/80 
f 81/81/81 77/77/77 79/79/79 
f 77/77/77 81/81/81 82/82/82 
f 83/83/83 82/82/82 81/81/81 
f 82/82/82 83/83/83 84/84/84 
f 83/83/83 85/85/85 84/84/84 
f 85/85/85 83/83/83 86/86/86 
f 85/85/85 86/86/86 87/87/87 
f 88/88/88 89/89/89 90/90/90 
f 89/89/89 88/88/88 91/91/91 
f 88/88/88 92/92/92 91/91/91 
f 92/92/92 88/88/88 93/93/93 
f 93/93/93 94/94/94 92/92/92 
f 94/94/94 93/93/93 95/95/95 
f 96/96/96 94/94/94 95/95/95 
f 97/97/97 94/94/94 96/96/96 
f 96/96/96 98/98/98 97/97/97 
f 99/99/99 100/100/100 101/101/101 
f 100/100/100 102/102/102 101/101/101 
f 102/102/102 100/100/100 103/103/103 
f 103/103/103 104/104/104 102/102/102 
f 103/103/103 105/105/105 104/104/104 
f 105/105/105 106/106/106 104/104/104 
f 105/105/105 107/107/107 106/106/106 
f 108/108/108 106/106/106 107/107/107 
f 107/107/107 109/109/109 108/108/108 
f 110/110/110 108/108/108 109/109/109 
f 111/111/111 110/110/110 109/109/109 
f 110/110/110 111/111/111 112/112/112 
f 111/111/111 113/113/113 112/112/112 
f 113/113/113 111/111/111 114/114/114 
f 114/114/114 115/115/115 113/113/113 
f 115/115/115 114/114/114 116/116/116 
f 117/117/117 118/118/118 119/119/119 
f 120/120/120 119/119/119 118/118/118 
f 119/119/119 120/120/120 121/121/121 
f 121/121/121 120/120/120 122/122/122 
f 123/123/123 121/121/121 122/122/122 
f 122/122/122 124/124/124 123/123/123 
f 125/125/125 123/123/123 124/124/124 
f 124/124/124 126/126/126 125/125/125 
f 126/126/126 127/127/127 125/125/125 
f 126/126/126 128/128/128 127/127/127 
f 128/128/128 129/129/129 127/127/127 
f 129/129/129 128/128/128 130/130/130 
f 131/131/131 129/129/129 130/130/130 
f 129/129/129 131/131/131 132/132/132 
f 133/133/133 132/132/132 131/131/131 
f 132/132/132 133/133/133 134/134/134 
f 135/135/135 136/136/136 137/137/137 
f 137/137/137 136/136/136 138/138/138 
f 138/138/138 139/139/139 137/137/137 
f 139/139/139 138/138/138 140/140/140 
f 141/141/141 139/139/139 140/140/140 
f 141/141/141 140/140/140 142/142/142 
f 141/141/141 142/142/142 143/143/143 
f 144/144/144 141/141/141 143/143/143 
f 143/143/143 145/145/145 144/144/144 
f 145/145/145 143/143/143 146/146/146 
f 147/147/147 145/145/145 146/146/146 
f 145/145/145 147/147/147 148/148/148 
f 149/149/149 150/150/150 151/151/151 
f 150/150/150 152/152/152 151/151/151 
f 153/153/153 152/152/152 150/150/150 
f 152/152/152 153/153/153 154/154/154 
f 155/155/155 154/154/154 153/153/153 
f 154/154/154 155/155/155 156/156/156 
f 157/157/157 156/156/156 155/155/155 
f 157/157/157 155/155/155 158/158/158 
f 159/159/159 157/157/157 158/158/158 
f 157/157/157 159/159/159 160/160/160 
f 159/159/159 161/161/161 160/160/160 
f 161/161/161 159/159/159 162/162/162 
f 163/163/163 164/164/164 165/165/165 
f 166/166/166 163/163/163 165/165/165 
f 163/163/163 166/166/166 167/167/167 
f 168/168/168 167/167/167 166/166/166 
f 167/167/167 168/168/168 169/169/169 
f 168/168/168 170/170/170 169/169/169 
f 171/171/171 170/170/170 168/168/168 
f 171/171/171 172/172/172 170/170/170 
f 172/172/172 171/171/171 173/173/173 
f 173/173/173 174/174/174 172/172/172 
f 174/174/174 173/173/173 175/175/175 
f 175/175/175 176/176/176 174/174/174 
f 176/176/176 175/175/175 177/177/177 
f 178/178/178 176/176/176 177/177/177 
f 178/178/178 179/179/179 176/176/176 
f 178/178/178 180/180/180 179/179/179 
f 180/180/180 178/178/178 181/181/181 
f 181/181/181 182/182/182 180/180/180 
f 182/182/182 181/181/181 183/183/183 
f 184/184/184 185/185/185 186/186/186 
f 185/185/185 184/184/184 187/187/187 
f 187/187/187 184/184/184 188/188/188 
f 188/188/188 189/189/189 187/187/187 
f 189/189/189 188/188/188 190/190/190 
f 189/189/189 190/190/190 191/191/191 
f 192/192/192 189/189/189 191/191/191 
f 193/193/193 192/192/192 191/191/191 
f 192/192/192 193/193/193 194/194/194 
f 195/195/195 194/194/194 193/193/193 
f 194/194/194 195/195/195 196/196/196 
f 197/197/197 196/196/196 195/195/195 
f 196/196/196 197/197/197 198/198/198 
f 198/198/198 197/197/197 199/199/199 
f 197/197/197 200/200/200 199/199/199 
f 201/201/201 199/199/199 200/200/200 
f 199/199/199 201/201/201 202/202/202 
f 203/203/203 202/202/202 201/201/201 
f 202/202/202 203/203/203 204/204/204 
f 205/205/205 206/206/206 207/207/207 
f 207/207/207 208/208/208 205/205/205 
f 208/208/208 207/207/207 209/209/209 
f 209/209/209 210/210/210 208/208/208 
f 209/209/209 211/211/211 210/210/210 
f 211/211/211 212/212/212 210/210/210 
f 212/212/212 211/211/211 213/213/213 
f 213/213/213 214/214/214 212/212/212 
f 214/214/214 213/213/213 215/215/215 
f 214/214/214 215/215/215 216/216/216 
f 217/217/217 218/218/218 219/219/219 
f 220/220/220 218/218/218 217/217/217 
f 218/218/218 220/220/220 221/221/221 
f 222/222/222 221/221/221 220/220/220 
f 221/221/221 222/222/222 223/223/223 
f 224/224/224 223/223/223 222/222/222 
f 223/223/223 224/224/224 225/225/225 
f 226/226/226 225/225/225 224/224/224 
f 225/225/225 226/226/226 227/227/227 
f 226/226/226 228/228/228 227/227/227 
f 229/229/229 230/230/230 231/231/231 
f 231/231/231 230/230/230 232/232/232 
f 229/229/229 231/231/231 233/233/233 
f 234/234/234 231/231/231 232/232/232 
f 231/231/231 235/235/235 233/233/233 
f 234/234/234 235/235/235 231/231/231 
f 236/236/236 237/237/237 238/238/238 
f 237/237/237 239/239/239 238/238/238 
f 236/236/236 240/240/240 237/237/237 
f 241/241/241 239/239/239 237/237/237 
f 237/237/237 240/240/240 242/242/242 
f 241/241/241 237/237/237 242/242/242 
f 243/243/243 244/244/244 245/245/245 
f 246/246/246 247/247/247 248/248/248 
f 249/249/249 250/250/250 251/251/251 
f 250/250/250 249/249/249 252/252/252 
f 253/253/253 249/249/249 251/251/251 
f 249/249/249 253/253/253 254/254/254 
f 254/254/254 253/253/253 255/255/255 
f 256/256/256 254/254/254 255/255/255 
f 257/257/257 256/256/256 255/255/255 
f 256/256/256 257/257/257 258/258/258 
f 259/259/259 258/258/258 257/257/257 
f 258/258/258 259/259/259 260/260/260 
f 261/261/261 262/262/262 263/263/263 
f 262/262/262 261/261/261 264/264/264 
f 261/261/261 265/265/265 264/264/264 
f 265/265/265 261/261/261 266/266/266 
f 267/267/267 265/265/265 266/266/266 
f 266/266/266 268/268/268 267/267/267 
f 268/268/268 269/269/269 267/267/267 
f 269/269/269 268/268/268 270/270/270 
f 270/270/270 271/271/271 269/269/269 
f 271/271/271 270/270/270 272/272/272 
f 273/273/273 274/274/274 275/275/275 
f 276/276/276 274/274/274 273/273/273 
f 273/273/273 277/277/277 276/276/276 
f 275/275/275 278/278/278 273/273/273 
f 277/277/277 273/273/273 278/278/278 
f 278/278/278 275/275/275 279/279/279 
f 280/280/280 277/277/277 278/278/278 
f 278/278/278 279/279/279 281/281/281 
f 282/282/282 280/280/280 278/278/278 
f 282/282/282 278/278/278 281/281/281 
f 283/283/283 280/280/280 282/282/282 
f 284/284/284 282/282/282 281/281/281 
f 283/283/283 285/285/285 280/280/280 
f 285/285/285 286/286/286 280/280/280 
f 282/282/282 287/287/287 283/283/283 
f 284/284/284 287/287/287 282/282/282 
f 284/284/284 281/281/281 288/288/288 
f 288/288/288 281/281/281 289/289/289 
f 286/286/286 285/285/285 290/290/290 
f 286/286/286 290/290/290 291/291/291 
f 290/290/290 292/292/292 291/291/291 
f 293/293/293 292/292/292 290/290/290 
f 290/290/290 294/294/294 293/293/293 
f 294/294/294 290/290/290 285/285/285 
f 294/294/294 285/285/285 295/295/295 
f 283/283/283 295/295/295 285/285/285 
f 295/295/295 283/283/283 296/296/296 
f 287/287/287 296/296/296 283/283/283 
f 297/297/297 295/295/295 296/296/296 
f 297/297/297 298/298/298 295/295/295 
f 287/287/287 299/299/299 296/296/296 
f 297/297/297 296/296/296 299/299/299 
f 300/300/300 299/299/299 287/287/287 
f 300/300/300 287/287/287 284/284/284 
f 301/301/301 297/297/297 299/299/299 
f 301/301/301 299/299/299 300/300/300 
f 297/297/297 301/301/301 302/302/302 
f 298/298/298 297/297/297 303/303/303 
f 297/297/297 302/302/302 303/303/303 
f 298/298/298 303/303/303 304/304/304 
f 303/303/303 302/302/302 305/305/305 
f 303/303/303 306/306/306 304/304/304 
f 305/305/305 306/306/306 303/303/303 
f 300/300/300 307/307/307 301/301/301 
f 307/307/307 308/308/308 301/301/301 
f 300/300/300 284/284/284 309/309/309 
f 300/300/300 309/309/309 307/307/307 
f 284/284/284 288/288/288 309/309/309 
f 309/309/309 310/310/310 307/307/307 
f 288/288/288 311/311/311 309/309/309 
f 307/307/307 310/310/310 312/312/312 
f 311/311/311 288/288/288 313/313/313 
f 308/308/308 307/307/307 314/314/314 
f 312/312/312 314/314/314 307/307/307 
f 308/308/308 314/314/314 315/315/315 
f 314/314/314 312/312/312 316/316/316 
f 314/314/314 317/317/317 315/315/315 
f 316/316/316 317/317/317 314/314/314 
f 318/318/318 313/313/313 288/288/288 
f 313/313/313 318/318/318 319/319/319 
f 289/289/289 318/318/318 288/288/288 
f 318/318/318 320/320/320 319/319/319 
f 318/318/318 289/289/289 321/321/321 
f 321/321/321 320/320/320 318/318/318 
f 322/322/322 323/323/323 324/324/324 
f 325/325/325 322/322/322 324/324/324 
f 326/326/326 322/322/322 325/325/325 
f 327/327/327 323/323/323 322/322/322 
f 322/322/322 326/326/326 327/327/327 
f 323/323/323 327/327/327 328/328/328 
f 329/329/329 327/327/327 326/326/326 
f 327/327/327 330/330/330 328/328/328 
f 331/331/331 327/327/327 329/329/329 
f 331/331/331 330/330/330 327/327/327 
f 332/332/332 331/331/331 329/329/329 
f 333/333/333 330/330/330 331/331/331 
f 332/332/332 329/329/329 334/334/334 
f 334/334/334 329/329/329 335/335/335 
f 331/331/331 332/332/332 336/336/336 
f 333/333/333 331/331/331 336/336/336 
f 333/333/333 337/337/337 330/330/330 
f 337/337/337 338/338/338 330/330/330 
f 339/339/339 334/334/334 335/335/335 
f 340/340/340 339/339/339 335/335/335 
f 339/339/339 340/340/340 341/341/341 
f 342/342/342 339/339/339 341/341/341 
f 343/343/343 339/339/339 342/342/342 
f 339/339/339 343/343/343 334/334/334 
f 343/343/343 344/344/344 334/334/334 
f 344/344/344 332/332/332 334/334/334 
f 332/332/332 344/344/344 345/345/345 
f 336/336/336 332/332/332 345/345/345 
f 344/344/344 346/346/346 345/345/345 
f 346/346/346 344/344/344 347/347/347 
f 336/336/336 345/345/345 348/348/348 
f 346/346/346 348/348/348 345/345/345 
f 349/349/349 336/336/336 348/348/348 
f 349/349/349 333/333/333 336/336/336 
f 350/350/350 348/348/348 346/346/346 
f 350/350/350 349/349/349 348/348/348 
f 346/346/346 351/351/351 350/350/350 
f 349/349/349 350/350/350 352/352/352 
f 351/351/351 346/346/346 353/353/353 
f 346/346/346 347/347/347 353/353/353 
f 351/351/351 353/353/353 354/354/354 
f 353/353/353 347/347/347 355/355/355 
f 354/354/354 353/353/353 356/356/356 
f 353/353/353 355/355/355 356/356/356 
f 352/352/352 350/350/350 357/357/357 
f 349/349/349 358/358/358 333/333/333 
f 349/349/349 352/352/352 358/358/358 
f 333/333/333 358/358/358 337/337/337 
f 358/358/358 352/352/352 359/359/359 
f 337/337/337 358/358/358 360/360/360 
f 352/352/352 361/361/361 359/359/359 
f 360/360/360 362/362/362 337/337/337 
f 363/363/363 361/361/361 352/352/352 
f 363/363/363 352/352/352 357/357/357 
f 361/361/361 363/363/363 364/364/364 
f 365/365/365 363/363/363 357/357/357 
f 364/364/364 363/363/363 366/366/366 
f 363/363/363 365/365/365 366/366/366 
f 337/337/337 362/362/362 367/367/367 
f 367/367/367 362/362/362 368/368/368 
f 367/367/367 338/338/338 337/337/337 
f 367/367/367 368/368/368 369/369/369 
f 338/338/338 367/367/367 370/370/370 
f 370/370/370 367/367/367 369/369/369 
f 371/371/371 372/372/372 373/373/373 
f 371/371/371 373/373/373 374/374/374 
f 375/375/375 372/372/372 371/371/371 
f 375/375/375 376/376/376 372/372/372 
f 375/375/375 377/377/377 376/376/376 
f 377/377/377 375/375/375 378/378/378 
f 378/378/378 379/379/379 377/377/377 
f 380/380/380 377/377/377 379/379/379 
f 381/381/381 380/380/380 379/379/379 
f 380/380/380 381/381/381 382/382/382 
f 383/383/383 382/382/382 381/381/381 
f 382/382/382 383/383/383 384/384/384 
f 385/385/385 384/384/384 383/383/383 
f 384/384/384 385/385/385 386/386/386 
f 387/387/387 386/386/386 385/385/385 
f 388/388/388 386/386/386 387/387/387 
f 388/388/388 387/387/387 389/389/389 
f 390/390/390 388/388/388 389/389/389 
f 391/391/391 390/390/390 389/389/389 
f 389/389/389 392/392/392 391/391/391 
f 392/392/392 393/393/393 391/391/391 
f 393/393/393 392/392/392 394/394/394 
f 394/394/394 395/395/395 393/393/393 
f 394/394/394 396/396/396 395/395/395 
f 397/397/397 395/395/395 396/396/396 
f 397/397/397 398/398/398 395/395/395 
f 398/398/398 397/397/397 399/399/399 
f 400/400/400 401/401/401 402/402/402 
f 401/401/401 403/403/403 402/402/402 
f 402/402/402 403/403/403 404/404/404 
f 403/403/403 405/405/405 404/404/404 
f 406/406/406 404/404/404 405/405/405 
f 404/404/404 406/406/406 407/407/407 
f 406/406/406 408/408/408 407/407/407 
f 408/408/408 406/406/406 409/409/409 
f 409/409/409 410/410/410 408/408/408 
f 410/410/410 409/409/409 411/411/411 
f 411/411/411 412/412/412 410/410/410 
f 412/412/412 411/411/411 413/413/413 
f 413/413/413 414/414/414 412/412/412 
f 414/414/414 413/413/413 415/415/415 
f 415/415/415 416/416/416 414/414/414 
f 415/415/415 417/417/417 416/416/416 
f 417/417/417 418/418/418 416/416/416 
f 419/419/419 418/418/418 417/417/417 
f 419/419/419 420/420/420 418/418/418 
f 420/420/420 421/421/421 418/418/418 
f 422/422/422 421/421/421 420/420/420 
f 421/421/421 422/422/422 423/423/423 
f 424/424/424 423/423/423 422/422/422 
f 423/423/423 424/424/424 425/425/425 
f 426/426/426 425/425/425 424/424/424 
f 426/426/426 424/424/424 427/427/427 
f 427/427/427 428/428/428 426/426/426 
f 429/429/429 430/430/430 431/431/431 
f 431/431/431 430/430/430 432/432/432 
f 430/430/430 433/433/433 432/432/432 
f 432/432/432 433/433/433 434/434/434 
f 433/433/433 435/435/435 434/434/434 
f 436/436/436 434/434/434 435/435/435 
f 437/437/437 436/436/436 435/435/435 
f 436/436/436 437/437/437 438/438/438 
f 437/437/437 439/439/439 438/438/438 
f 439/439/439 440/440/440 438/438/438 
f 439/439/439 441/441/441 440/440/440 
f 441/441/441 442/442/442 440/440/440 
f 443/443/443 444/444/444 445/445/445 
f 444/444/444 446/446/446 445/445/445 
f 447/447/447 445/445/445 446/446/446 
f 446/446/446 448/448/448 447/447/447 
f 448/448/448 449/449/449 447/447/447 
f 448/448/448 450/450/450 449/449/449 
f 450/450/450 451/451/451 449/449/449 
f 452/452/452 451/451/451 450/450/450 
f 452/452/452 453/453/453 451/451/451 
f 452/452/452 454/454/454 453/453/453 
f 454/454/454 455/455/455 453/453/453 
f 454/454/454 456/456/456 455/455/455 
f 457/457/457 458/458/458 459/459/459 
f 460/460/460 458/458/458 457/457/457 
f 457/457/457 459/459/459 461/461/461 
f 460/460/460 457/457/457 462/462/462 
f 461/461/461 463/463/463 457/457/457 
f 457/457/457 463/463/463 462/462/462 
f 464/464/464 465/465/465 466/466/466 
f 464/464/464 467/467/467 465/465/465 
f 468/468/468 464/464/464 466/466/466 
f 467/467/467 464/464/464 469/469/469 
f 468/468/468 470/470/470 464/464/464 
f 464/464/464 470/470/470 469/469/469 
f 471/471/471 472/472/472 473/473/473 
f 474/474/474 473/473/473 472/472/472 
f 471/471/471 473/473/473 475/475/475 
f 476/476/476 473/473/473 474/474/474 
f 475/475/475 473/473/473 477/477/477 
f 477/477/477 473/473/473 476/476/476 
f 478/478/478 479/479/479 480/480/480 
f 481/481/481 480/480/480 479/479/479 
f 478/478/478 482/482/482 479/479/479 
f 483/483/483 481/481/481 479/479/479 
f 482/482/482 484/484/484 479/479/479 
f 484/484/484 483/483/483 479/479/479 
f 485/485/485 486/486/486 487/487/487 
f 488/488/488 485/485/485 487/487/487 
f 487/487/487 489/489/489 488/488/488 
f 489/489/489 490/490/490 488/488/488 
f 488/488/488 490/490/490 491/491/491 
f 490/490/490 492/492/492 491/491/491 
f 493/493/493 491/491/491 492/492/492 
f 494/494/494 493/493/493 492/492/492 
f 493/493/493 494/494/494 495/495/495 
f 496/496/496 495/495/495 494/494/494 
f 497/497/497 495/495/495 496/496/496 
f 496/496/496 498/498/498 497/497/497 
f 498/498/498 496/496/496 499/499/499 
f 500/500/500 498/498/498 499/499/499 
f 498/498/498 500/500/500 501/501/501 
f 502/502/502 503/503/503 504/504/504 
f 503/503/503 502/502/502 505/505/505 
f 506/506/506 503/503/503 505/505/505 
f 505/505/505 507/507/507 506/506/506 
f 507/507/507 505/505/505 508/508/508 
f 508/508/508 509/509/509 507/507/507 
f 509/509/509 508/508/508 510/510/510 
f 510/510/510 511/511/511 509/509/509 
f 511/511/511 510/510/510 512/512/512 
f 513/513/513 511/511/511 512/512/512 
f 512/512/512 514/514/514 513/513/513 
f 515/515/515 513/513/513 514/514/514 
f 513/513/513 515/515/515 516/516/516 
f 516/516/516 515/515/515 517/517/517 
f 515/515/515 518/518/518 517/517/517 
f 519/519/519 520/520/520 521/521/521 
f 522/522/522 521/521/521 520/520/520 
f 520/520/520 519/519/519 523/523/523 
f 521/521/521 522/522/522 524/524/524 
f 525/525/525 523/523/523 519/519/519 
f 524/524/524 522/522/522 526/526/526 
f 525/525/525 527/527/527 523/523/523 
f 528/528/528 527/527/527 525/525/525 
f 527/527/527 528/528/528 529/529/529 
f 530/530/530 524/524/524 526/526/526 
f 526/526/526 531/531/531 530/530/530 
f 531/531/531 526/526/526 532/532/532 
f 533/533/533 534/534/534 535/535/535 
f 534/534/534 536/536/536 535/535/535 
f 533/533/533 535/535/535 537/537/537 
f 534/534/534 538/538/538 536/536/536 
f 538/538/538 539/539/539 536/536/536 
f 539/539/539 538/538/538 540/540/540 
f 537/537/537 541/541/541 533/533/533 
f 541/541/541 537/537/537 542/542/542 
f 543/543/543 541/541/541 542/542/542 
f 542/542/542 544/544/544 543/543/543 
f 545/545/545 543/543/543 544/544/544 
f 543/543/543 545/545/545 546/546/546 
f 547/547/547 548/548/548 549/549/549 
f 548/548/548 550/550/550 549/549/549 
f 550/550/550 548/548/548 551/551/551 
f 551/551/551 552/552/552 550/550/550 
f 550/550/550 552/552/552 553/553/553 
f 551/551/551 554/554/554 552/552/552 
f 553/553/553 552/552/552 555/555/555 
f 552/552/552 554/554/554 555/555/555 
f 553/553/553 555/555/555 556/556/556 
f 554/554/554 557/557/557 555/555/555 
f 555/555/555 558/558/558 556/556/556 
f 557/557/557 558/558/558 555/555/555 
f 556/556/556 558/558/558 559/559/559 
f 559/559/559 558/558/558 560/560/560 
f 558/558/558 557/557/557 561/561/561 
f 560/560/560 558/558/558 562/562/562 
f 561/561/561 562/562/562 558/558/558 
f 562/562/562 561/561/561 563/563/563 
f 564/564/564 565/565/565 566/566/566 
f 567/567/567 566/566/566 565/565/565 
f 566/566/566 567/567/567 568/568/568 
f 567/567/567 569/569/569 568/568/568 
f 568/568/568 569/569/569 570/570/570 
f 569/569/569 567/567/567 571/571/571 
f 572/572/572 570/570/570 569/569/569 
f 572/572/572 569/569/569 571/571/571 
f 572/572/572 573/573/573 570/570/570 
f 572/572/572 571/571/571 574/574/574 
f 575/575/575 573/573/573 572/572/572 
f 574/574/574 575/575/575 572/572/572 
f 575/575/575 574/574/574 576/576/576 
f 577/577/577 575/575/575 576/576/576 
f 573/573/573 575/575/575 578/578/578 
f 575/575/575 577/577/577 579/579/579 
f 579/579/579 578/578/578 575/575/575 
f 578/578/578 579/579/579 580/580/580 
f 581/581/581 582/582/582 583/583/583 
f 582/582/582 581/581/581 584/584/584 
f 584/584/584 581/581/581 585/585/585 
f 584/584/584 585/585/585 586/586/586 
f 587/587/587 588/588/588 589/589/589 
f 588/588/588 587/587/587 590/590/590 
f 591/591/591 587/587/587 589/589/589 
f 592/592/592 591/591/591 589/589/589 
f 593/593/593 594/594/594 595/595/595 
f 593/593/593 595/595/595 596/596/596 
f 593/593/593 596/596/596 597/597/597 
f 598/598/598 594/594/594 593/593/593 
f 599/599/599 593/593/593 597/597/597 
f 600/600/600 598/598/598 593/593/593 
f 593/593/593 599/599/599 600/600/600 
f 598/598/598 600/600/600 601/601/601 
f 600/600/600 599/599/599 602/602/602 
f 600/600/600 603/603/603 601/601/601 
f 602/602/602 604/604/604 600/600/600 
f 604/604/604 603/603/603 600/600/600 
f 605/605/605 606/606/606 607/607/607 
f 605/605/605 608/608/608 606/606/606 
f 605/605/605 609/609/609 608/608/608 
f 610/610/610 605/605/605 607/607/607 
f 605/605/605 611/611/611 609/609/609 
f 605/605/605 610/610/610 612/612/612 
f 612/612/612 611/611/611 605/605/605 
f 613/613/613 612/612/612 610/610/610 
f 612/612/612 614/614/614 611/611/611 
f 612/612/612 613/613/613 615/615/615 
f 614/614/614 612/612/612 616/616/616 
f 616/616/616 612/612/612 615/615/615 
f 617/617/617 618/618/618 619/619/619 
f 618/618/618 617/617/617 620/620/620 
f 621/621/621 617/617/617 619/619/619 
f 621/621/621 619/619/619 622/622/622 
f 623/623/623 621/621/621 622/622/622 
f 623/623/623 622/622/622 624/624/624 
f 625/625/625 623/623/623 624/624/624 
f 624/624/624 626/626/626 625/625/625 
f 626/626/626 627/627/627 625/625/625 
f 627/627/627 626/626/626 628/628/628 
f 628/628/628 629/629/629 627/627/627 
f 629/629/629 628/628/628 630/630/630 
f 630/630/630 631/631/631 629/629/629 
f 631/631/631 630/630/630 632/632/632 
f 632/632/632 633/633/633 631/631/631 
f 633/633/633 632/632/632 634/634/634 
f 634/634/634 635/635/635 633/633/633 
f 635/635/635 634/634/634 636/636/636 
f 637/637/637 638/638/638 639/639/639 
f 638/638/638 637/637/637 640/640/640 
f 641/641/641 639/639/639 638/638/638 
f 639/639/639 641/641/641 642/642/642 
f 643/643/643 642/642/642 641/641/641 
f 642/642/642 643/643/643 644/644/644 
f 643/643/643 645/645/645 644/644/644 
f 644/644/644 645/645/645 646/646/646 
f 647/647/647 646/646/646 645/645/645 
f 646/646/646 647/647/647 648/648/648 
f 649/649/649 648/648/648 647/647/647 
f 648/648/648 649/649/649 650/650/650 
f 651/651/651 650/650/650 649/649/649 
f 650/650/650 651/651/651 652/652/652 
f 653/653/653 652/652/652 651/651/651 
f 652/652/652 653/653/653 654/654/654 
f 655/655/655 654/654/654 653/653/653 
f 654/654/654 655/655/655 656/656/656 
f 657/657/657 658/658/658 659/659/659 
f 659/659/659 658/658/658 660/660/660 
f 659/659/659 661/661/661 657/657/657 
f 662/662/662 659/659/659 660/660/660 
f 659/659/659 663/663/663 661/661/661 
f 662/662/662 663/663/663 659/659/659 
f 663/663/663 664/664/664 661/661/661 
f 665/665/665 663/663/663 662/662/662 
f 666/666/666 664/664/664 663/663/663 
f 663/663/663 665/665/665 666/666/666 
f 667/667/667 664/664/664 666/666/666 
f 666/666/666 665/665/665 668/668/668 
f 668/668/668 665/665/665 669/669/669 
f 670/670/670 666/666/666 668/668/668 
f 670/670/670 667/667/667 666/666/666 
f 671/671/671 669/669/669 665/665/665 
f 672/672/672 664/664/664 667/667/667 
f 672/672/672 673/673/673 664/664/664 
f 673/673/673 672/672/672 674/674/674 
f 673/673/673 674/674/674 675/675/675 
f 674/674/674 676/676/676 675/675/675 
f 677/677/677 676/676/676 674/674/674 
f 674/674/674 678/678/678 677/677/677 
f 678/678/678 674/674/674 672/672/672 
f 678/678/678 672/672/672 679/679/679 
f 672/672/672 667/667/667 679/679/679 
f 679/679/679 667/667/667 680/680/680 
f 680/680/680 667/667/667 670/670/670 
f 681/681/681 682/682/682 683/683/683 
f 682/682/682 684/684/684 683/683/683 
f 681/681/681 685/685/685 682/682/682 
f 684/684/684 682/682/682 686/686/686 
f 685/685/685 687/687/687 682/682/682 
f 682/682/682 687/687/687 686/686/686 
f 687/687/687 685/685/685 688/688/688 
f 689/689/689 686/686/686 687/687/687 
f 690/690/690 687/687/687 688/688/688 
f 687/687/687 690/690/690 689/689/689 
f 690/690/690 691/691/691 689/689/689 
f 691/691/691 692/692/692 689/689/689 
f 693/693/693 689/689/689 692/692/692 
f 694/694/694 691/691/691 690/690/690 
f 695/695/695 690/690/690 688/688/688 
f 694/694/694 690/690/690 695/695/695 
f 696/696/696 695/695/695 688/688/688 
f 696/696/696 688/688/688 697/697/697 
f 698/698/698 696/696/696 697/697/697 
f 698/698/698 697/697/697 699/699/699 
f 698/698/698 699/699/699 700/700/700 
f 701/701/701 698/698/698 700/700/700 
f 702/702/702 698/698/698 701/701/701 
f 698/698/698 702/702/702 696/696/696 
f 702/702/702 703/703/703 696/696/696 
f 696/696/696 703/703/703 695/695/695 
f 703/703/703 704/704/704 695/695/695 
f 704/704/704 694/694/694 695/695/695 
f 705/705/705 706/706/706 707/707/707 
f 707/707/707 706/706/706 708/708/708 
f 706/706/706 709/709/709 708/708/708 
f 705/705/705 710/710/710 706/706/706 
f 709/709/709 706/706/706 710/710/710 
f 710/710/710 705/705/705 711/711/711 
f 710/710/710 712/712/712 709/709/709 
f 713/713/713 710/710/710 711/711/711 
f 714/714/714 712/712/712 710/710/710 
f 710/710/710 713/713/713 714/714/714 
f 715/715/715 716/716/716 717/717/717 
f 716/716/716 718/718/718 717/717/717 
f 719/719/719 717/717/717 718/718/718 
f 720/720/720 715/715/715 717/717/717 
f 717/717/717 719/719/719 720/720/720 
f 715/715/715 720/720/720 721/721/721 
f 720/720/720 719/719/719 722/722/722 
f 723/723/723 721/721/721 720/720/720 
f 724/724/724 720/720/720 722/722/722 
f 720/720/720 724/724/724 723/723/723 
f 725/725/725 726/726/726 727/727/727 
f 727/727/727 726/726/726 728/728/728 
f 727/727/727 728/728/728 729/729/729 
f 727/727/727 730/730/730 725/725/725 
f 727/727/727 729/729/729 731/731/731 
f 727/727/727 732/732/732 730/730/730 
f 732/732/732 727/727/727 731/731/731 
f 730/730/730 732/732/732 733/733/733 
f 734/734/734 732/732/732 731/731/731 
f 732/732/732 735/735/735 733/733/733 
f 732/732/732 734/734/734 736/736/736 
f 736/736/736 735/735/735 732/732/732 
f 737/737/737 738/738/738 739/739/739 
f 738/738/738 740/740/740 739/739/739 
f 738/738/738 741/741/741 740/740/740 
f 738/738/738 737/737/737 742/742/742 
f 738/738/738 743/743/743 741/741/741 
f 742/742/742 744/744/744 738/738/738 
f 738/738/738 744/744/744 743/743/743 
f 745/745/745 744/744/744 742/742/742 
f 746/746/746 743/743/743 744/744/744 
f 744/744/744 745/745/745 747/747/747 
f 744/744/744 748/748/748 746/746/746 
f 748/748/748 744/744/744 747/747/747 
f 749/749/749 750/750/750 751/751/751 
f 750/750/750 749/749/749 752/752/752 
f 751/751/751 753/753/753 749/749/749 
f 754/754/754 755/755/755 756/756/756 
f 755/755/755 754/754/754 757/757/757 
f 757/757/757 754/754/754 758/758/758 
f 759/759/759 760/760/760 761/761/761 
f 762/762/762 760/760/760 759/759/759 
f 760/760/760 762/762/762 763/763/763 
f 764/764/764 760/760/760 763/763/763 
f 764/764/764 763/763/763 765/765/765 
f 766/766/766 764/764/764 765/765/765 
f 767/767/767 768/768/768 769/769/769 
f 768/768/768 767/767/767 770/770/770 
f 771/771/771 767/767/767 769/769/769 
f 769/769/769 772/772/772 771/771/771 
f 772/772/772 773/773/773 771/771/771 
f 773/773/773 772/772/772 774/774/774 
f 775/775/775 776/776/776 777/777/777 
f 778/778/778 775/775/775 777/777/777 
f 779/779/779 778/778/778 777/777/777 
f 779/779/779 777/777/777 780/780/780 
f 781/781/781 779/779/779 780/780/780 
f 780/780/780 782/782/782 781/781/781 
f 783/783/783 784/784/784 785/785/785 
f 784/784/784 783/783/783 786/786/786 
f 783/783/783 787/787/787 786/786/786 
f 787/787/787 788/788/788 786/786/786 
f 789/789/789 788/788/788 787/787/787 
f 788/788/788 789/789/789 790/790/790 
f 791/791/791 792/792/792 793/793/793 
f 792/792/792 791/791/791 794/794/794 
f 795/795/795 794/794/794 791/791/791 
f 794/794/794 795/795/795 796/796/796 
f 797/797/797 796/796/796 795/795/795 
f 796/796/796 797/797/797 798/798/798 
f 797/797/797 799/799/799 798/798/798 
f 798/798/798 799/799/799 800/800/800 
f 799/799/799 801/801/801 800/800/800 
f 801/801/801 802/802/802 800/800/800 
f 803/803/803 804/804/804 805/805/805 
f 804/804/804 803/803/803 806/806/806 
f 805/805/805 807/807/807 803/803/803 
f 808/808/808 807/807/807 805/805/805 
f 808/808/808 809/809/809 807/807/807 
f 809/809/809 808/808/808 810/810/810 
f 810/810/810 811/811/811 809/809/809 
f 811/811/811 810/810/810 812/812/812 
f 813/813/813 811/811/811 812/812/812 
f 812/812/812 814/814/814 813/813/813 
f 815/815/815 816/816/816 817/817/817 
f 817/817/817 816/816/816 818/818/818 
f 819/819/819 816/816/816 815/815/815 
f 816/816/816 819/819/819 820/820/820 
f 821/821/821 820/820/820 819/819/819 
f 820/820/820 821/821/821 822/822/822 
f 821/821/821 823/823/823 822/822/822 
f 823/823/823 821/821/821 824/824/824 
f 825/825/825 826/826/826 827/827/827 
f 826/826/826 825/825/825 828/828/828 
f 825/825/825 829/829/829 828/828/828 
f 829/829/829 825/825/825 830/830/830 
f 829/829/829 830/830/830 831/831/831 
f 830/830/830 832/832/832 831/831/831 
f 833/833/833 831/831/831 832/832/832 
f 831/831/831 833/833/833 834/834/834 
f 835/835/835 836/836/836 837/837/837 
f 837/837/837 836/836/836 838/838/838 
f 835/835/835 837/837/837 839/839/839 
f 840/840/840 837/837/837 838/838/838 
f 837/837/837 841/841/841 839/839/839 
f 840/840/840 841/841/841 837/837/837 
f 842/842/842 843/843/843 844/844/844 
f 843/843/843 845/845/845 844/844/844 
f 842/842/842 846/846/846 843/843/843 
f 847/847/847 845/845/845 843/843/843 
f 843/843/843 846/846/846 848/848/848 
f 847/847/847 843/843/843 848/848/848 
f 849/849/849 850/850/850 851/851/851 
f 851/851/851 850/850/850 852/852/852 
f 853/853/853 850/850/850 849/849/849 
f 850/850/850 854/854/854 852/852/852 
f 850/850/850 853/853/853 855/855/855 
f 854/854/854 850/850/850 856/856/856 
f 855/855/855 856/856/856 850/850/850 
f 854/854/854 856/856/856 857/857/857 
f 856/856/856 855/855/855 858/858/858 
f 859/859/859 857/857/857 856/856/856 
f 860/860/860 856/856/856 858/858/858 
f 860/860/860 859/859/859 856/856/856 
f 861/861/861 862/862/862 863/863/863 
f 862/862/862 864/864/864 863/863/863 
f 865/865/865 861/861/861 863/863/863 
f 866/866/866 863/863/863 864/864/864 
f 863/863/863 867/867/867 865/865/865 
f 863/863/863 866/866/866 868/868/868 
f 868/868/868 867/867/867 863/863/863 
f 866/866/866 869/869/869 868/868/868 
f 867/867/867 868/868/868 870/870/870 
f 871/871/871 868/868/868 869/869/869 
f 872/872/872 870/870/870 868/868/868 
f 872/872/872 868/868/868 871/871/871 
f 873/873/873 874/874/874 875/875/875 
f 873/873/873 876/876/876 874/874/874 
f 873/873/873 875/875/875 877/877/877 
f 876/876/876 873/873/873 878/878/878 
f 878/878/878 873/873/873 877/877/877 
f 876/876/876 878/878/878 879/879/879 
f 880/880/880 878/878/878 877/877/877 
f 881/881/881 879/879/879 878/878/878 
f 878/878/878 880/880/880 882/882/882 
f 882/882/882 881/881/881 878/878/878 
f 883/883/883 884/884/884 885/885/885 
f 883/883/883 886/886/886 884/884/884 
f 887/887/887 883/883/883 885/885/885 
f 888/888/888 886/886/886 883/883/883 
f 883/883/883 887/887/887 888/888/888 
f 886/886/886 888/888/888 889/889/889 
f 887/887/887 890/890/890 888/888/888 
f 888/888/888 891/891/891 889/889/889 
f 892/892/892 888/888/888 890/890/890 
f 891/891/891 888/888/888 892/892/892 
f 893/893/893 894/894/894 895/895/895 
f 896/896/896 895/895/895 894/894/894 
f 893/893/893 895/895/895 897/897/897 
f 898/898/898 895/895/895 896/896/896 
f 897/897/897 895/895/895 899/899/899 
f 899/899/899 895/895/895 898/898/898 
f 900/900/900 901/901/901 902/902/902 
f 903/903/903 902/902/902 901/901/901 
f 900/900/900 904/904/904 901/901/901 
f 905/905/905 903/903/903 901/901/901 
f 904/904/904 906/906/906 901/901/901 
f 906/906/906 905/905/905 901/901/901 
f 907/907/907 908/908/908 909/909/909 
f 909/909/909 908/908/908 910/910/910 
f 909/909/909 911/911/911 907/907/907 
f 909/909/909 910/910/910 912/912/912 
f 911/911/911 909/909/909 913/913/913 
f 913/913/913 909/909/909 912/912/912 
f 911/911/911 913/913/913 914/914/914 
f 913/913/913 912/912/912 915/915/915 
f 914/914/914 913/913/913 916/916/916 
f 913/913/913 915/915/915 917/917/917 
f 917/917/917 916/916/916 913/913/913 
f 918/918/918 917/917/917 915/915/915 
f 917/917/917 919/919/919 916/916/916 
f 918/918/918 915/915/915 920/920/920 
f 920/920/920 915/915/915 921/921/921 
f 917/917/917 918/918/918 922/922/922 
f 922/922/922 919/919/919 917/917/917 
f 919/919/919 923/923/923 916/916/916 
f 916/916/916 923/923/923 924/924/924 
f 923/923/923 925/925/925 924/924/924 
f 921/921/921 926/926/926 920/920/920 
f 926/926/926 921/921/921 927/927/927 
f 927/927/927 928/928/928 926/926/926 
f 926/926/926 928/928/928 929/929/929 
f 930/930/930 926/926/926 929/929/929 
f 930/930/930 920/920/920 926/926/926 
f 920/920/920 930/930/930 931/931/931 
f 918/918/918 920/920/920 931/931/931 
f 918/918/918 931/931/931 932/932/932 
f 918/918/918 932/932/932 922/922/922 
f 932/932/932 931/931/931 933/933/933 
f 934/934/934 933/933/933 931/931/931 
f 922/922/922 932/932/932 935/935/935 
f 919/919/919 922/922/922 935/935/935 
f 936/936/936 932/932/932 933/933/933 
f 936/936/936 935/935/935 932/932/932 
f 933/933/933 937/937/937 936/936/936 
f 934/934/934 938/938/938 933/933/933 
f 937/937/937 933/933/933 938/938/938 
f 938/938/938 934/934/934 939/939/939 
f 937/937/937 938/938/938 940/940/940 
f 939/939/939 941/941/941 938/938/938 
f 938/938/938 941/941/941 940/940/940 
f 936/936/936 942/942/942 935/935/935 
f 942/942/942 936/936/936 943/943/943 
f 935/935/935 944/944/944 919/919/919 
f 944/944/944 935/935/935 942/942/942 
f 919/919/919 944/944/944 923/923/923 
f 944/944/944 942/942/942 945/945/945 
f 923/923/923 944/944/944 946/946/946 
f 943/943/943 947/947/947 942/942/942 
f 945/945/945 942/942/942 947/947/947 
f 947/947/947 943/943/943 948/948/948 
f 945/945/945 947/947/947 949/949/949 
f 948/948/948 950/950/950 947/947/947 
f 947/947/947 950/950/950 949/949/949 
f 946/946/946 951/951/951 923/923/923 
f 925/925/925 923/923/923 951/951/951 
f 951/951/951 946/946/946 952/952/952 
f 925/925/925 951/951/951 953/953/953 
f 952/952/952 954/954/954 951/951/951 
f 951/951/951 954/954/954 953/953/953 
f 955/955/955 956/956/956 957/957/957 
f 956/956/956 958/958/958 957/957/957 
f 959/959/959 956/956/956 955/955/955 
f 960/960/960 958/958/958 956/956/956 
f 956/956/956 959/959/959 961/961/961 
f 956/956/956 961/961/961 960/960/960 
f 959/959/959 962/962/962 961/961/961 
f 961/961/961 963/963/963 960/960/960 
f 962/962/962 964/964/964 961/961/961 
f 961/961/961 965/965/965 963/963/963 
f 965/965/965 961/961/961 964/964/964 
f 966/966/966 963/963/963 965/965/965 
f 965/965/965 964/964/964 967/967/967 
f 966/966/966 968/968/968 963/963/963 
f 968/968/968 969/969/969 963/963/963 
f 965/965/965 970/970/970 966/966/966 
f 970/970/970 965/965/965 967/967/967 
f 967/967/967 964/964/964 971/971/971 
f 964/964/964 972/972/972 971/971/971 
f 971/971/971 972/972/972 973/973/973 
f 974/974/974 969/969/969 968/968/968 
f 969/969/969 974/974/974 975/975/975 
f 975/975/975 974/974/974 976/976/976 
f 974/974/974 977/977/977 976/976/976 
f 974/974/974 978/978/978 977/977/977 
f 968/968/968 978/978/978 974/974/974 
f 968/968/968 979/979/979 978/978/978 
f 966/966/966 979/979/979 968/968/968 
f 966/966/966 980/980/980 979/979/979 
f 966/966/966 970/970/970 980/980/980 
f 980/980/980 981/981/981 979/979/979 
f 982/982/982 979/979/979 981/981/981 
f 970/970/970 983/983/983 980/980/980 
f 967/967/967 983/983/983 970/970/970 
f 984/984/984 981/981/981 980/980/980 
f 984/984/984 980/980/980 983/983/983 
f 981/981/981 984/984/984 985/985/985 
f 986/986/986 982/982/982 981/981/981 
f 986/986/986 981/981/981 985/985/985 
f 982/982/982 986/986/986 987/987/987 
f 988/988/988 986/986/986 985/985/985 
f 987/987/987 986/986/986 989/989/989 
f 986/986/986 988/988/988 989/989/989 
f 984/984/984 983/983/983 990/990/990 
f 990/990/990 991/991/991 984/984/984 
f 983/983/983 967/967/967 992/992/992 
f 992/992/992 990/990/990 983/983/983 
f 967/967/967 971/971/971 992/992/992 
f 992/992/992 993/993/993 990/990/990 
f 971/971/971 994/994/994 992/992/992 
f 990/990/990 993/993/993 995/995/995 
f 995/995/995 991/991/991 990/990/990 
f 993/993/993 996/996/996 995/995/995 
f 991/991/991 995/995/995 997/997/997 
f 995/995/995 996/996/996 998/998/998 
f 997/997/997 995/995/995 998/998/998 
f 999/999/999 994/994/994 971/971/971 
f 994/994/994 999/999/999 1000/1000/1000 
f 971/971/971 973/973/973 999/999/999 
f 1000/1000/1000 999/999/999 1001/1001/1001 
f 999/999/999 973/973/973 1002/1002/1002 
f 999/999/999 1002/1002/1002 1001/1001/1001 
f 1003/1003/1003 1004/1004/1004 1005/1005/1005 
f 1004/1004/1004 1003/1003/1003 1006/1006/1006 
f 1006/1006/1006 1007/1007/1007 1004/1004/1004 
f 1007/1007/1007 1006/1006/1006 1008/1008/1008 
f 1009/1009/1009 1010/1010/1010 1011/1011/1011 
f 1010/1010/1010 1009/1009/1009 1012/1012/1012 
f 1013/1013/1013 1012/1012/1012 1009/1009/1009 
f 1012/1012/1012 1013/1013/1013 1014/1014/1014 
f 1015/1015/1015 1016/1016/1016 1017/1017/1017 
f 1017/1017/1017 1018/1018/1018 1015/1015/1015 
f 1018/1018/1018 1017/1017/1017 1019/1019/1019 
f 1020/1020/1020 1018/1018/1018 1019/1019/1019 
f 1018/1018/1018 1020/1020/1020 1021/1021/1021 
f 1022/1022/1022 1021/1021/1021 1020/1020/1020 
f 1021/1021/1021 1022/1022/1022 1023/1023/1023 
f 1024/1024/1024 1023/1023/1023 1022/1022/1022 
f 1024/1024/1024 1025/1025/1025 1023/1023/1023 
f 1025/1025/1025 1024/1024/1024 1026/1026/1026 
f 1026/1026/1026 1027/1027/1027 1025/1025/1025 
f 1027/1027/1027 1026/1026/1026 1028/1028/1028 
f 1028/1028/1028 1029/1029/1029 1027/1027/1027 
f 1029/1029/1029 1028/1028/1028 1030/1030/1030 
f 1031/1031/1031 1029/1029/1029 1030/1030/1030 
f 1029/1029/1029 1031/1031/1031 1032/1032/1032 
f 1033/1033/1033 1034/1034/1034 1035/1035/1035 
f 1036/1036/1036 1034/1034/1034 1033/1033/1033 
f 1034/1034/1034 1036/1036/1036 1037/1037/1037 
f 1036/1036/1036 1038/1038/1038 1037/1037/1037 
f 1038/1038/1038 1036/1036/1036 1039/1039/1039 
f 1040/1040/1040 1038/1038/1038 1039/1039/1039 
f 1041/1041/1041 1040/1040/1040 1039/1039/1039 
f 1042/1042/1042 1040/1040/1040 1041/1041/1041 
f 1043/1043/1043 1042/1042/1042 1041/1041/1041 
f 1042/1042/1042 1043/1043/1043 1044/1044/1044 
f 1045/1045/1045 1044/1044/1044 1043/1043/1043 
f 1044/1044/1044 1045/1045/1045 1046/1046/1046 
f 1047/1047/1047 1046/1046/1046 1045/1045/1045 
f 1047/1047/1047 1048/1048/1048 1046/1046/1046 
f 1047/1047/1047 1049/1049/1049 1048/1048/1048 
f 1049/1049/1049 1047/1047/1047 1050/1050/1050 
f 1051/1051/1051 1052/1052/1052 1053/1053/1053 
f 1054/1054/1054 1052/1052/1052 1051/1051/1051 
f 1052/1052/1052 1055/1055/1055 1053/1053/1053 
f 1052/1052/1052 1054/1054/1054 1056/1056/1056 
f 1057/1057/1057 1055/1055/1055 1052/1052/1052 
f 1056/1056/1056 1057/1057/1057 1052/1052/1052 
f 1057/1057/1057 1058/1058/1058 1055/1055/1055 
f 1057/1057/1057 1056/1056/1056 1059/1059/1059 
f 1057/1057/1057 1060/1060/1060 1058/1058/1058 
f 1061/1061/1061 1057/1057/1057 1059/1059/1059 
f 1062/1062/1062 1060/1060/1060 1057/1057/1057 
f 1061/1061/1061 1062/1062/1062 1057/1057/1057 
f 1063/1063/1063 1064/1064/1064 1065/1065/1065 
f 1066/1066/1066 1063/1063/1063 1065/1065/1065 
f 1065/1065/1065 1064/1064/1064 1067/1067/1067 
f 1065/1065/1065 1068/1068/1068 1066/1066/1066 
f 1065/1065/1065 1067/1067/1067 1069/1069/1069 
f 1069/1069/1069 1068/1068/1068 1065/1065/1065 
f 1067/1067/1067 1070/1070/1070 1069/1069/1069 
f 1068/1068/1068 1069/1069/1069 1071/1071/1071 
f 1069/1069/1069 1070/1070/1070 1072/1072/1072 
f 1073/1073/1073 1071/1071/1071 1069/1069/1069 
f 1074/1074/1074 1069/1069/1069 1072/1072/1072 
f 1073/1073/1073 1069/1069/1069 1074/1074/1074 
f 1075/1075/1075 1076/1076/1076 1077/1077/1077 
f 1076/1076/1076 1078/1078/1078 1077/1077/1077 
f 1078/1078/1078 1076/1076/1076 1079/1079/1079 
f 1079/1079/1079 1080/1080/1080 1078/1078/1078 
f 1080/1080/1080 1079/1079/1079 1081/1081/1081 
f 1082/1082/1082 1080/1080/1080 1081/1081/1081 
f 1082/1082/1082 1083/1083/1083 1080/1080/1080 
f 1084/1084/1084 1083/1083/1083 1082/1082/1082 
f 1083/1083/1083 1084/1084/1084 1085/1085/1085 
f 1084/1084/1084 1086/1086/1086 1085/1085/1085 
f 1087/1087/1087 1085/1085/1085 1086/1086/1086 
f 1088/1088/1088 1087/1087/1087 1086/1086/1086 
f 1087/1087/1087 1088/1088/1088 1089/1089/1089 
f 1090/1090/1090 1089/1089/1089 1088/1088/1088 
f 1090/1090/1090 1091/1091/1091 1089/1089/1089 
f 1092/1092/1092 1091/1091/1091 1090/1090/1090 
f 1093/1093/1093 1091/1091/1091 1092/1092/1092 
f 1094/1094/1094 1093/1093/1093 1092/1092/1092 
f 1095/1095/1095 1093/1093/1093 1094/1094/1094 
f 1096/1096/1096 1097/1097/1097 1098/1098/1098 
f 1099/1099/1099 1096/1096/1096 1098/1098/1098 
f 1096/1096/1096 1099/1099/1099 1100/1100/1100 
f 1101/1101/1101 1100/1100/1100 1099/1099/1099 
f 1100/1100/1100 1101/1101/1101 1102/1102/1102 
f 1103/1103/1103 1102/1102/1102 1101/1101/1101 
f 1103/1103/1103 1101/1101/1101 1104/1104/1104 
f 1104/1104/1104 1105/1105/1105 1103/1103/1103 
f 1105/1105/1105 1104/1104/1104 1106/1106/1106 
f 1106/1106/1106 1107/1107/1107 1105/1105/1105 
f 1107/1107/1107 1106/1106/1106 1108/1108/1108 
f 1108/1108/1108 1109/1109/1109 1107/1107/1107 
f 1109/1109/1109 1108/1108/1108 1110/1110/1110 
f 1109/1109/1109 1110/1110/1110 1111/1111/1111 
f 1110/1110/1110 1112/1112/1112 1111/1111/1111 
f 1112/1112/1112 1113/1113/1113 1111/1111/1111 
f 1113/1113/1113 1112/1112/1112 1114/1114/1114 
f 1114/1114/1114 1115/1115/1115 1113/1113/1113 
f 1115/1115/1115 1114/1114/1114 1116/1116/1116 
f 1117/1117/1117 1118/1118/1118 1119/1119/1119 
f 1120/1120/1120 1118/1118/1118 1117/1117/1117 
f 1118/1118/1118 1121/1121/1121 1119/1119/1119 
f 1122/1122/1122 1118/1118/1118 1120/1120/1120 
f 1123/1123/1123 1121/1121/1121 1118/1118/1118 
f 1122/1122/1122 1123/1123/1123 1118/1118/1118 
f 1123/1123/1123 1124/1124/1124 1121/1121/1121 
f 1123/1123/1123 1122/1122/1122 1125/1125/1125 
f 1124/1124/1124 1123/1123/1123 1126/1126/1126 
f 1127/1127/1127 1123/1123/1123 1125/1125/1125 
f 1123/1123/1123 1128/1128/1128 1126/1126/1126 
f 1127/1127/1127 1128/1128/1128 1123/1123/1123 
f 1129/1129/1129 1130/1130/1130 1131/1131/1131 
f 1130/1130/1130 1129/1129/1129 1132/1132/1132 
f 1133/1133/1133 1134/1134/1134 1135/1135/1135 
f 1136/1136/1136 1133/1133/1133 1135/1135/1135 
f 1135/1135/1135 1134/1134/1134 1137/1137/1137 
f 1138/1138/1138 1136/1136/1136 1135/1135/1135 
f 1137/1137/1137 1139/1139/1139 1135/1135/1135 
f 1139/1139/1139 1138/1138/1138 1135/1135/1135 
f 1140/1140/1140 1139/1139/1139 1137/1137/1137 
f 1138/1138/1138 1139/1139/1139 1141/1141/1141 
f 1140/1140/1140 1142/1142/1142 1139/1139/1139 
f 1143/1143/1143 1141/1141/1141 1139/1139/1139 
f 1139/1139/1139 1142/1142/1142 1144/1144/1144 
f 1143/1143/1143 1139/1139/1139 1144/1144/1144 
f 1145/1145/1145 1146/1146/1146 1147/1147/1147 
f 1146/1146/1146 1145/1145/1145 1148/1148/1148 
f 1149/1149/1149 1150/1150/1150 1151/1151/1151 
f 1152/1152/1152 1149/1149/1149 1151/1151/1151 
f 1150/1150/1150 1153/1153/1153 1151/1151/1151 
f 1152/1152/1152 1154/1154/1154 1149/1149/1149 
f 1153/1153/1153 1150/1150/1150 1155/1155/1155 
f 1154/1154/1154 1152/1152/1152 1156/1156/1156 
f 1156/1156/1156 1157/1157/1157 1154/1154/1154 
f 1157/1157/1157 1156/1156/1156 1158/1158/1158 
f 1155/1155/1155 1159/1159/1159 1153/1153/1153 
f 1159/1159/1159 1160/1160/1160 1153/1153/1153 
f 1159/1159/1159 1161/1161/1161 1160/1160/1160 
f 1161/1161/1161 1159/1159/1159 1162/1162/1162 
f 1162/1162/1162 1163/1163/1163 1161/1161/1161 
f 1163/1163/1163 1162/1162/1162 1164/1164/1164 
f 1164/1164/1164 1165/1165/1165 1163/1163/1163 
f 1165/1165/1165 1164/1164/1164 1166/1166/1166 
f 1166/1166/1166 1075/1075/1075 1165/1165/1165 
f 1075/1075/1075 1166/1166/1166 1167/1167/1167 
f 1076/1076/1076 1075/1075/1075 1167/1167/1167 
f 1168/1168/1168 1169/1169/1169 1170/1170/1170 
f 1171/1171/1171 1169/1169/1169 1168/1168/1168 
f 1172/1172/1172 1170/1170/1170 1169/1169/1169 
f 1173/1173/1173 1171/1171/1171 1168/1168/1168 
f 1170/1170/1170 1172/1172/1172 1174/1174/1174 
f 1171/1171/1171 1173/1173/1173 1175/1175/1175 
f 1176/1176/1176 1175/1175/1175 1173/1173/1173 
f 1175/1175/1175 1176/1176/1176 1177/1177/1177 
f 1178/1178/1178 1174/1174/1174 1172/1172/1172 
f 1172/1172/1172 1179/1179/1179 1178/1178/1178 
f 1180/1180/1180 1178/1178/1178 1179/1179/1179 
f 1181/1181/1181 1178/1178/1178 1180/1180/1180 
f 1182/1182/1182 1181/1181/1181 1180/1180/1180 
f 1183/1183/1183 1181/1181/1181 1182/1182/1182 
f 1184/1184/1184 1183/1183/1183 1182/1182/1182 
f 1183/1183/1183 1184/1184/1184 1185/1185/1185 
f 1097/1097/1097 1185/1185/1185 1184/1184/1184 
f 1186/1186/1186 1185/1185/1185 1097/1097/1097 
f 1097/1097/1097 1096/1096/1096 1186/1186/1186 
f 1187/1187/1187 1188/1188/1188 1189/1189/1189 
f 1188/1188/1188 1187/1187/1187 1190/1190/1190 
f 1189/1189/1189 1191/1191/1191 1187/1187/1187 
f 1190/1190/1190 1192/1192/1192 1188/1188/1188 
f 1191/1191/1191 1189/1189/1189 1193/1193/1193 
f 1194/1194/1194 1191/1191/1191 1193/1193/1193 
f 1193/1193/1193 1195/1195/1195 1194/1194/1194 
f 1188/1188/1188 1192/1192/1192 1196/1196/1196 
f 1197/1197/1197 1196/1196/1196 1192/1192/1192 
f 1196/1196/1196 1197/1197/1197 1198/1198/1198 
f 1197/1197/1197 1199/1199/1199 1198/1198/1198 
f 1198/1198/1198 1199/1199/1199 1200/1200/1200 
f 1199/1199/1199 1201/1201/1201 1200/1200/1200 
f 1200/1200/1200 1201/1201/1201 1202/1202/1202 
f 1203/1203/1203 1202/1202/1202 1201/1201/1201 
f 1201/1201/1201 1204/1204/1204 1203/1203/1203 
f 1204/1204/1204 1205/1205/1205 1203/1203/1203 
f 1205/1205/1205 1204/1204/1204 1206/1206/1206 
f 1206/1206/1206 1207/1207/1207 1205/1205/1205 
f 1207/1207/1207 1206/1206/1206 1208/1208/1208 
f 1208/1208/1208 1209/1209/1209 1207/1207/1207 
f 1209/1209/1209 1208/1208/1208 1210/1210/1210 
f 1210/1210/1210 1211/1211/1211 1209/1209/1209 
f 1211/1211/1211 1210/1210/1210 1212/1212/1212 
f 1213/1213/1213 1211/1211/1211 1212/1212/1212 
f 1212/1212/1212 1214/1214/1214 1213/1213/1213 
f 1215/1215/1215 1216/1216/1216 1217/1217/1217 
f 1216/1216/1216 1218/1218/1218 1217/1217/1217 
f 1216/1216/1216 1215/1215/1215 1219/1219/1219 
f 1218/1218/1218 1216/1216/1216 1220/1220/1220 
f 1215/1215/1215 1221/1221/1221 1219/1219/1219 
f 1220/1220/1220 1222/1222/1222 1218/1218/1218 
f 1219/1219/1219 1221/1221/1221 1223/1223/1223 
f 1221/1221/1221 1224/1224/1224 1223/1223/1223 
f 1224/1224/1224 1225/1225/1225 1223/1223/1223 
f 1222/1222/1222 1220/1220/1220 1226/1226/1226 
f 1226/1226/1226 1227/1227/1227 1222/1222/1222 
f 1227/1227/1227 1226/1226/1226 1228/1228/1228 
f 1228/1228/1228 1229/1229/1229 1227/1227/1227 
f 1229/1229/1229 1228/1228/1228 1230/1230/1230 
f 1229/1229/1229 1230/1230/1230 1231/1231/1231 
f 1232/1232/1232 1229/1229/1229 1231/1231/1231 
f 1233/1233/1233 1232/1232/1232 1231/1231/1231 
f 1232/1232/1232 1233/1233/1233 1234/1234/1234 
f 1235/1235/1235 1234/1234/1234 1233/1233/1233 
f 1234/1234/1234 1235/1235/1235 1236/1236/1236 
f 1235/1235/1235 1237/1237/1237 1236/1236/1236 
f 1236/1236/1236 1237/1237/1237 1238/1238/1238 
f 1239/1239/1239 1238/1238/1238 1237/1237/1237 
f 1238/1238/1238 1239/1239/1239 1240/1240/1240 
f 1239/1239/1239 1241/1241/1241 1240/1240/1240 
f 1240/1240/1240 1241/1241/1241 1242/1242/1242 
f 1243/1243/1243 1244/1244/1244 1245/1245/1245 
f 1246/1246/1246 1244/1244/1244 1243/1243/1243 
f 1243/1243/1243 1247/1247/1247 1246/1246/1246 
f 1245/1245/1245 1248/1248/1248 1243/1243/1243 
f 1247/1247/1247 1243/1243/1243 1248/1248/1248 
f 1248/1248/1248 1245/1245/1245 1249/1249/1249 
f 1248/1248/1248 1250/1250/1250 1247/1247/1247 
f 1251/1251/1251 1248/1248/1248 1249/1249/1249 
f 1248/1248/1248 1252/1252/1252 1250/1250/1250 
f 1248/1248/1248 1251/1251/1251 1252/1252/1252 
f 1253/1253/1253 1254/1254/1254 1255/1255/1255 
f 1256/1256/1256 1253/1253/1253 1255/1255/1255 
f 1257/1257/1257 1253/1253/1253 1256/1256/1256 
f 1258/1258/1258 1254/1254/1254 1253/1253/1253 
f 1253/1253/1253 1257/1257/1257 1258/1258/1258 
f 1254/1254/1254 1258/1258/1258 1259/1259/1259 
f 1258/1258/1258 1257/1257/1257 1260/1260/1260 
f 1261/1261/1261 1259/1259/1259 1258/1258/1258 
f 1258/1258/1258 1260/1260/1260 1262/1262/1262 
f 1258/1258/1258 1262/1262/1262 1261/1261/1261 
f 1263/1263/1263 1264/1264/1264 1265/1265/1265 
f 1263/1263/1263 1265/1265/1265 1266/1266/1266 
f 1264/1264/1264 1267/1267/1267 1265/1265/1265 
f 1268/1268/1268 1263/1263/1263 1266/1266/1266 
f 1267/1267/1267 1264/1264/1264 1269/1269/1269 
f 1270/1270/1270 1267/1267/1267 1269/1269/1269 
f 1271/1271/1271 1267/1267/1267 1270/1270/1270 
f 1263/1263/1263 1268/1268/1268 1272/1272/1272 
f 1268/1268/1268 1273/1273/1273 1272/1272/1272 
f 1273/1273/1273 1268/1268/1268 1274/1274/1274 
f 1274/1274/1274 1275/1275/1275 1273/1273/1273 
f 1275/1275/1275 1274/1274/1274 1276/1276/1276 
f 1277/1277/1277 1278/1278/1278 1279/1279/1279 
f 1278/1278/1278 1280/1280/1280 1279/1279/1279 
f 1278/1278/1278 1277/1277/1277 1281/1281/1281 
f 1280/1280/1280 1278/1278/1278 1282/1282/1282 
f 1283/1283/1283 1281/1281/1281 1277/1277/1277 
f 1284/1284/1284 1280/1280/1280 1282/1282/1282 
f 1281/1281/1281 1283/1283/1283 1285/1285/1285 
f 1283/1283/1283 1286/1286/1286 1285/1285/1285 
f 1286/1286/1286 1283/1283/1283 1287/1287/1287 
f 1280/1280/1280 1284/1284/1284 1288/1288/1288 
f 1289/1289/1289 1288/1288/1288 1284/1284/1284 
f 1288/1288/1288 1289/1289/1289 1290/1290/1290 
f 1291/1291/1291 1292/1292/1292 1293/1293/1293 
f 1294/1294/1294 1292/1292/1292 1291/1291/1291 
f 1291/1291/1291 1293/1293/1293 1295/1295/1295 
f 1296/1296/1296 1295/1295/1295 1293/1293/1293 
f 1295/1295/1295 1296/1296/1296 1297/1297/1297 
f 1296/1296/1296 1298/1298/1298 1297/1297/1297 
f 1298/1298/1298 1299/1299/1299 1297/1297/1297 
f 1300/1300/1300 1299/1299/1299 1298/1298/1298 
f 1299/1299/1299 1300/1300/1300 1301/1301/1301 
f 1302/1302/1302 1301/1301/1301 1300/1300/1300 
f 1301/1301/1301 1302/1302/1302 1303/1303/1303 
f 1302/1302/1302 1304/1304/1304 1303/1303/1303 
f 1304/1304/1304 1302/1302/1302 1305/1305/1305 
f 1306/1306/1306 1307/1307/1307 1308/1308/1308 
f 1307/1307/1307 1309/1309/1309 1308/1308/1308 
f 1310/1310/1310 1308/1308/1308 1309/1309/1309 
f 1306/1306/1306 1311/1311/1311 1307/1307/1307 
f 1311/1311/1311 1306/1306/1306 1312/1312/1312 
f 1313/1313/1313 1311/1311/1311 1312/1312/1312 
f 1312/1312/1312 1314/1314/1314 1313/1313/1313 
f 1314/1314/1314 1315/1315/1315 1313/1313/1313 
f 1315/1315/1315 1314/1314/1314 1316/1316/1316 
f 1316/1316/1316 1317/1317/1317 1315/1315/1315 
f 1317/1317/1317 1316/1316/1316 1318/1318/1318 
f 1319/1319/1319 1317/1317/1317 1318/1318/1318 
f 1317/1317/1317 1319/1319/1319 1320/1320/1320 
f 1321/1321/1321 1322/1322/1322 1323/1323/1323 
f 1324/1324/1324 1321/1321/1321 1323/1323/1323 
f 1321/1321/1321 1324/1324/1324 1325/1325/1325 
f 1325/1325/1325 1326/1326/1326 1321/1321/1321 
f 1327/1327/1327 1324/1324/1324 1323/1323/1323 
f 1322/1322/1322 1327/1327/1327 1323/1323/1323 
f 1324/1324/1324 1327/1327/1327 1328/1328/1328 
f 1329/1329/1329 1321/1321/1321 1326/1326/1326 
f 1322/1322/1322 1321/1321/1321 1329/1329/1329 
f 1326/1326/1326 1330/1330/1330 1329/1329/1329 
f 1329/1329/1329 1330/1330/1330 1322/1322/1322 
f 1326/1326/1326 1331/1331/1331 1330/1330/1330 
f 1332/1332/1332 1328/1328/1328 1327/1327/1327 
f 1322/1322/1322 1332/1332/1332 1327/1327/1327 
f 1328/1328/1328 1332/1332/1332 1333/1333/1333 
f 1334/1334/1334 1333/1333/1333 1332/1332/1332 
f 1335/1335/1335 1330/1330/1330 1331/1331/1331 
f 1322/1322/1322 1330/1330/1330 1335/1335/1335 
f 1331/1331/1331 1336/1336/1336 1335/1335/1335 
f 1337/1337/1337 1335/1335/1335 1336/1336/1336 
f 1334/1334/1334 1332/1332/1332 1338/1338/1338 
f 1338/1338/1338 1339/1339/1339 1334/1334/1334 
f 1340/1340/1340 1338/1338/1338 1332/1332/1332 
f 1340/1340/1340 1332/1332/1332 1322/1322/1322 
f 1339/1339/1339 1338/1338/1338 1341/1341/1341 
f 1338/1338/1338 1340/1340/1340 1341/1341/1341 
f 1341/1341/1341 1342/1342/1342 1339/1339/1339 
f 1342/1342/1342 1341/1341/1341 1343/1343/1343 
f 1341/1341/1341 1340/1340/1340 1343/1343/1343 
f 1343/1343/1343 1344/1344/1344 1342/1342/1342 
f 1344/1344/1344 1343/1343/1343 1345/1345/1345 
f 1340/1340/1340 1345/1345/1345 1343/1343/1343 
f 1346/1346/1346 1344/1344/1344 1345/1345/1345 
f 1346/1346/1346 1345/1345/1345 1347/1347/1347 
f 1340/1340/1340 1347/1347/1347 1345/1345/1345 
f 1348/1348/1348 1346/1346/1346 1347/1347/1347 
f 1348/1348/1348 1347/1347/1347 1340/1340/1340 
f 1346/1346/1346 1348/1348/1348 1349/1349/1349 
f 1350/1350/1350 1349/1349/1349 1348/1348/1348 
f 1348/1348/1348 1340/1340/1340 1350/1350/1350 
f 1349/1349/1349 1350/1350/1350 1351/1351/1351 
f 1350/1350/1350 1352/1352/1352 1351/1351/1351 
f 1350/1350/1350 1353/1353/1353 1352/1352/1352 
f 1354/1354/1354 1352/1352/1352 1353/1353/1353 
f 1355/1355/1355 1350/1350/1350 1340/1340/1340 
f 1350/1350/1350 1355/1355/1355 1353/1353/1353 
f 1353/1353/1353 1356/1356/1356 1354/1354/1354 
f 1355/1355/1355 1356/1356/1356 1353/1353/1353 
f 1357/1357/1357 1354/1354/1354 1356/1356/1356 
f 1356/1356/1356 1358/1358/1358 1357/1357/1357 
f 1358/1358/1358 1356/1356/1356 1355/1355/1355 
f 1357/1357/1357 1358/1358/1358 1359/1359/1359 
f 1358/1358/1358 1355/1355/1355 1359/1359/1359 
f 1360/1360/1360 1357/1357/1357 1359/1359/1359 
f 1359/1359/1359 1361/1361/1361 1360/1360/1360 
f 1361/1361/1361 1359/1359/1359 1362/1362/1362 
f 1355/1355/1355 1362/1362/1362 1359/1359/1359 
f 1363/1363/1363 1361/1361/1361 1362/1362/1362 
f 1362/1362/1362 1364/1364/1364 1363/1363/1363 
f 1364/1364/1364 1362/1362/1362 1355/1355/1355 
f 1365/1365/1365 1363/1363/1363 1364/1364/1364 
f 1355/1355/1355 1365/1365/1365 1364/1364/1364 
f 1366/1366/1366 1367/1367/1367 1368/1368/1368 
f 1369/1369/1369 1368/1368/1368 1367/1367/1367 
f 1370/1370/1370 1369/1369/1369 1367/1367/1367 
f 1370/1370/1370 1367/1367/1367 1371/1371/1371 
f 1372/1372/1372 1366/1366/1366 1368/1368/1368 
f 1366/1366/1366 1372/1372/1372 1373/1373/1373 
f 1372/1372/1372 1374/1374/1374 1373/1373/1373 
f 1374/1374/1374 1372/1372/1372 1375/1375/1375 
f 1376/1376/1376 1374/1374/1374 1375/1375/1375 
f 1376/1376/1376 1377/1377/1377 1374/1374/1374 
f 1378/1378/1378 1377/1377/1377 1376/1376/1376 
f 1377/1377/1377 1378/1378/1378 1379/1379/1379 
f 1380/1380/1380 1381/1381/1381 1382/1382/1382 
f 1380/1380/1380 1382/1382/1382 1383/1383/1383 
f 1384/1384/1384 1380/1380/1380 1383/1383/1383 
f 1380/1380/1380 1384/1384/1384 1385/1385/1385 
f 1381/1381/1381 1386/1386/1386 1382/1382/1382 
f 1386/1386/1386 1381/1381/1381 1387/1387/1387 
f 1388/1388/1388 1386/1386/1386 1387/1387/1387 
f 1386/1386/1386 1388/1388/1388 1389/1389/1389 
f 1389/1389/1389 1388/1388/1388 1390/1390/1390 
f 1388/1388/1388 1391/1391/1391 1390/1390/1390 
f 1391/1391/1391 1392/1392/1392 1390/1390/1390 
f 1392/1392/1392 1391/1391/1391 1393/1393/1393 
f 1394/1394/1394 1395/1395/1395 1396/1396/1396 
f 1397/1397/1397 1395/1395/1395 1394/1394/1394 
f 1398/1398/1398 1394/1394/1394 1396/1396/1396 
f 1394/1394/1394 1399/1399/1399 1397/1397/1397 
f 1398/1398/1398 1400/1400/1400 1394/1394/1394 
f 1394/1394/1394 1400/1400/1400 1399/1399/1399 
f 1401/1401/1401 1400/1400/1400 1398/1398/1398 
f 1400/1400/1400 1402/1402/1402 1399/1399/1399 
f 1401/1401/1401 1403/1403/1403 1400/1400/1400 
f 1403/1403/1403 1402/1402/1402 1400/1400/1400 
f 1401/1401/1401 1404/1404/1404 1403/1403/1403 
f 1402/1402/1402 1403/1403/1403 1405/1405/1405 
f 1406/1406/1406 1404/1404/1404 1401/1401/1401 
f 1406/1406/1406 1401/1401/1401 1407/1407/1407 
f 1403/1403/1403 1404/1404/1404 1408/1408/1408 
f 1408/1408/1408 1405/1405/1405 1403/1403/1403 
f 1402/1402/1402 1405/1405/1405 1409/1409/1409 
f 1409/1409/1409 1410/1410/1410 1402/1402/1402 
f 1408/1408/1408 1411/1411/1411 1405/1405/1405 
f 1412/1412/1412 1409/1409/1409 1405/1405/1405 
f 1411/1411/1411 1412/1412/1412 1405/1405/1405 
f 1413/1413/1413 1409/1409/1409 1412/1412/1412 
f 1410/1410/1410 1409/1409/1409 1414/1414/1414 
f 1413/1413/1413 1414/1414/1414 1409/1409/1409 
f 1410/1410/1410 1414/1414/1414 1415/1415/1415 
f 1414/1414/1414 1413/1413/1413 1416/1416/1416 
f 1414/1414/1414 1417/1417/1417 1415/1415/1415 
f 1416/1416/1416 1417/1417/1417 1414/1414/1414 
f 1418/1418/1418 1412/1412/1412 1411/1411/1411 
f 1418/1418/1418 1419/1419/1419 1412/1412/1412 
f 1411/1411/1411 1408/1408/1408 1420/1420/1420 
f 1404/1404/1404 1420/1420/1420 1408/1408/1408 
f 1421/1421/1421 1418/1418/1418 1411/1411/1411 
f 1421/1421/1421 1411/1411/1411 1420/1420/1420 
f 1418/1418/1418 1421/1421/1421 1422/1422/1422 
f 1419/1419/1419 1418/1418/1418 1423/1423/1423 
f 1422/1422/1422 1423/1423/1423 1418/1418/1418 
f 1419/1419/1419 1423/1423/1423 1424/1424/1424 
f 1423/1423/1423 1422/1422/1422 1425/1425/1425 
f 1423/1423/1423 1426/1426/1426 1424/1424/1424 
f 1425/1425/1425 1426/1426/1426 1423/1423/1423 
f 1421/1421/1421 1420/1420/1420 1427/1427/1427 
f 1421/1421/1421 1427/1427/1427 1428/1428/1428 
f 1404/1404/1404 1429/1429/1429 1420/1420/1420 
f 1420/1420/1420 1429/1429/1429 1427/1427/1427 
f 1404/1404/1404 1406/1406/1406 1429/1429/1429 
f 1427/1427/1427 1429/1429/1429 1430/1430/1430 
f 1429/1429/1429 1406/1406/1406 1431/1431/1431 
f 1427/1427/1427 1430/1430/1430 1432/1432/1432 
f 1406/1406/1406 1433/1433/1433 1431/1431/1431 
f 1428/1428/1428 1427/1427/1427 1434/1434/1434 
f 1432/1432/1432 1434/1434/1434 1427/1427/1427 
f 1428/1428/1428 1434/1434/1434 1435/1435/1435 
f 1434/1434/1434 1432/1432/1432 1436/1436/1436 
f 1434/1434/1434 1437/1437/1437 1435/1435/1435 
f 1436/1436/1436 1437/1437/1437 1434/1434/1434 
f 1438/1438/1438 1433/1433/1433 1406/1406/1406 
f 1433/1433/1433 1438/1438/1438 1439/1439/1439 
f 1407/1407/1407 1438/1438/1438 1406/1406/1406 
f 1440/1440/1440 1439/1439/1439 1438/1438/1438 
f 1438/1438/1438 1407/1407/1407 1441/1441/1441 
f 1441/1441/1441 1440/1440/1440 1438/1438/1438 
f 1442/1442/1442 1443/1443/1443 1444/1444/1444 
f 1445/1445/1445 1442/1442/1442 1444/1444/1444 
f 1443/1443/1443 1442/1442/1442 1446/1446/1446 
f 1445/1445/1445 1447/1447/1447 1442/1442/1442 
f 1442/1442/1442 1448/1448/1448 1446/1446/1446 
f 1447/1447/1447 1448/1448/1448 1442/1442/1442 
f 1449/1449/1449 1446/1446/1446 1448/1448/1448 
f 1448/1448/1448 1447/1447/1447 1450/1450/1450 
f 1449/1449/1449 1448/1448/1448 1451/1451/1451 
f 1451/1451/1451 1448/1448/1448 1450/1450/1450 
f 1449/1449/1449 1451/1451/1451 1452/1452/1452 
f 1450/1450/1450 1453/1453/1453 1451/1451/1451 
f 1454/1454/1454 1449/1449/1449 1452/1452/1452 
f 1454/1454/1454 1455/1455/1455 1449/1449/1449 
f 1451/1451/1451 1456/1456/1456 1452/1452/1452 
f 1456/1456/1456 1451/1451/1451 1453/1453/1453 
f 1450/1450/1450 1457/1457/1457 1453/1453/1453 
f 1457/1457/1457 1450/1450/1450 1458/1458/1458 
f 1456/1456/1456 1453/1453/1453 1459/1459/1459 
f 1460/1460/1460 1453/1453/1453 1457/1457/1457 
f 1459/1459/1459 1453/1453/1453 1460/1460/1460 
f 1461/1461/1461 1460/1460/1460 1457/1457/1457 
f 1462/1462/1462 1457/1457/1457 1458/1458/1458 
f 1462/1462/1462 1461/1461/1461 1457/1457/1457 
f 1463/1463/1463 1462/1462/1462 1458/1458/1458 
f 1461/1461/1461 1462/1462/1462 1464/1464/1464 
f 1462/1462/1462 1463/1463/1463 1465/1465/1465 
f 1464/1464/1464 1462/1462/1462 1465/1465/1465 
f 1466/1466/1466 1459/1459/1459 1460/1460/1460 
f 1466/1466/1466 1460/1460/1460 1467/1467/1467 
f 1459/1459/1459 1468/1468/1468 1456/1456/1456 
f 1452/1452/1452 1456/1456/1456 1468/1468/1468 
f 1469/1469/1469 1459/1459/1459 1466/1466/1466 
f 1469/1469/1469 1468/1468/1468 1459/1459/1459 
f 1466/1466/1466 1470/1470/1470 1469/1469/1469 
f 1466/1466/1466 1467/1467/1467 1471/1471/1471 
f 1471/1471/1471 1470/1470/1470 1466/1466/1466 
f 1471/1471/1471 1467/1467/1467 1472/1472/1472 
f 1470/1470/1470 1471/1471/1471 1473/1473/1473 
f 1471/1471/1471 1472/1472/1472 1474/1474/1474 
f 1473/1473/1473 1471/1471/1471 1474/1474/1474 
f 1469/1469/1469 1475/1475/1475 1468/1468/1468 
f 1469/1469/1469 1476/1476/1476 1475/1475/1475 
f 1452/1452/1452 1468/1468/1468 1477/1477/1477 
f 1468/1468/1468 1475/1475/1475 1477/1477/1477 
f 1452/1452/1452 1477/1477/1477 1454/1454/1454 
f 1475/1475/1475 1478/1478/1478 1477/1477/1477 
f 1477/1477/1477 1479/1479/1479 1454/1454/1454 
f 1475/1475/1475 1480/1480/1480 1478/1478/1478 
f 1454/1454/1454 1479/1479/1479 1481/1481/1481 
f 1482/1482/1482 1480/1480/1480 1475/1475/1475 
f 1482/1482/1482 1475/1475/1475 1476/1476/1476 
f 1480/1480/1480 1482/1482/1482 1483/1483/1483 
f 1484/1484/1484 1482/1482/1482 1476/1476/1476 
f 1483/1483/1483 1482/1482/1482 1485/1485/1485 
f 1482/1482/1482 1484/1484/1484 1485/1485/1485 
f 1454/1454/1454 1481/1481/1481 1486/1486/1486 
f 1486/1486/1486 1481/1481/1481 1487/1487/1487 
f 1486/1486/1486 1455/1455/1455 1454/1454/1454 
f 1488/1488/1488 1486/1486/1486 1487/1487/1487 
f 1455/1455/1455 1486/1486/1486 1489/1489/1489 
f 1489/1489/1489 1486/1486/1486 1488/1488/1488 
f 1490/1490/1490 1491/1491/1491 1492/1492/1492 
f 1493/1493/1493 1491/1491/1491 1490/1490/1490 
f 1494/1494/1494 1490/1490/1490 1492/1492/1492 
f 1493/1493/1493 1490/1490/1490 1495/1495/1495 
f 1496/1496/1496 1490/1490/1490 1494/1494/1494 
f 1495/1495/1495 1490/1490/1490 1496/1496/1496 
f 1497/1497/1497 1498/1498/1498 1499/1499/1499 
f 1500/1500/1500 1498/1498/1498 1497/1497/1497 
f 1501/1501/1501 1497/1497/1497 1499/1499/1499 
f 1502/1502/1502 1500/1500/1500 1497/1497/1497 
f 1501/1501/1501 1503/1503/1503 1497/1497/1497 
f 1503/1503/1503 1502/1502/1502 1497/1497/1497 
f 1504/1504/1504 1505/1505/1505 1506/1506/1506 
f 1504/1504/1504 1506/1506/1506 1507/1507/1507 
f 1505/1505/1505 1504/1504/1504 1508/1508/1508 
f 1509/1509/1509 1508/1508/1508 1504/1504/1504 
f 1507/1507/1507 1509/1509/1509 1504/1504/1504 
f 1510/1510/1510 1508/1508/1508 1509/1509/1509 
f 1511/1511/1511 1510/1510/1510 1509/1509/1509 
f 1507/1507/1507 1511/1511/1511 1509/1509/1509 
f 1512/1512/1512 1510/1510/1510 1511/1511/1511 
f 1511/1511/1511 1513/1513/1513 1512/1512/1512 
f 1513/1513/1513 1511/1511/1511 1514/1514/1514 
f 1514/1514/1514 1511/1511/1511 1515/1515/1515 
f 1511/1511/1511 1507/1507/1507 1515/1515/1515 
f 1516/1516/1516 1513/1513/1513 1514/1514/1514 
f 1515/1515/1515 1516/1516/1516 1514/1514/1514 
f 1517/1517/1517 1513/1513/1513 1516/1516/1516 
f 1518/1518/1518 1517/1517/1517 1516/1516/1516 
f 1516/1516/1516 1519/1519/1519 1518/1518/1518 
f 1519/1519/1519 1516/1516/1516 1515/1515/1515 
f 1520/1520/1520 1518/1518/1518 1519/1519/1519 
f 1515/1515/1515 1520/1520/1520 1519/1519/1519 
f 1518/1518/1518 1520/1520/1520 1521/1521/1521 
f 1520/1520/1520 1522/1522/1522 1521/1521/1521 
f 1522/1522/1522 1520/1520/1520 1523/1523/1523 
f 1520/1520/1520 1515/1515/1515 1523/1523/1523 
f 1523/1523/1523 1524/1524/1524 1522/1522/1522 
f 1524/1524/1524 1523/1523/1523 1525/1525/1525 
f 1515/1515/1515 1525/1525/1525 1523/1523/1523 
f 1525/1525/1525 1526/1526/1526 1524/1524/1524 
f 1515/1515/1515 1526/1526/1526 1525/1525/1525 
f 1526/1526/1526 1527/1527/1527 1524/1524/1524 
f 1526/1526/1526 1528/1528/1528 1527/1527/1527 
f 1528/1528/1528 1526/1526/1526 1529/1529/1529 
f 1530/1530/1530 1526/1526/1526 1515/1515/1515 
f 1529/1529/1529 1526/1526/1526 1530/1530/1530 
f 1531/1531/1531 1528/1528/1528 1529/1529/1529 
f 1531/1531/1531 1529/1529/1529 1530/1530/1530 
f 1528/1528/1528 1531/1531/1531 1532/1532/1532 
f 1533/1533/1533 1532/1532/1532 1531/1531/1531 
f 1530/1530/1530 1533/1533/1533 1531/1531/1531 
f 1532/1532/1532 1533/1533/1533 1534/1534/1534 
f 1533/1533/1533 1535/1535/1535 1534/1534/1534 
f 1535/1535/1535 1533/1533/1533 1536/1536/1536 
f 1536/1536/1536 1533/1533/1533 1530/1530/1530 
f 1537/1537/1537 1535/1535/1535 1536/1536/1536 
f 1530/1530/1530 1537/1537/1537 1536/1536/1536 
f 1535/1535/1535 1537/1537/1537 1538/1538/1538 
f 1537/1537/1537 1539/1539/1539 1538/1538/1538 
f 1539/1539/1539 1537/1537/1537 1540/1540/1540 
f 1537/1537/1537 1530/1530/1530 1540/1540/1540 
f 1540/1540/1540 1541/1541/1541 1539/1539/1539 
f 1541/1541/1541 1540/1540/1540 1542/1542/1542 
f 1530/1530/1530 1542/1542/1542 1540/1540/1540 
f 1543/1543/1543 1542/1542/1542 1530/1530/1530 
f 1530/1530/1530 1544/1544/1544 1543/1543/1543 
f 1544/1544/1544 1545/1545/1545 1543/1543/1543 
f 1544/1544/1544 1530/1530/1530 1546/1546/1546 
f 1545/1545/1545 1544/1544/1544 1547/1547/1547 
f 1546/1546/1546 1547/1547/1547 1544/1544/1544 
f 1507/1507/1507 1545/1545/1545 1547/1547/1547 
f 1530/1530/1530 1548/1548/1548 1546/1546/1546 
f 1548/1548/1548 1547/1547/1547 1546/1546/1546 
f 1548/1548/1548 1530/1530/1530 1515/1515/1515 
f 1507/1507/1507 1548/1548/1548 1515/1515/1515 
f 1547/1547/1547 1548/1548/1548 1549/1549/1549 
f 1548/1548/1548 1507/1507/1507 1549/1549/1549 
f 1507/1507/1507 1547/1547/1547 1549/1549/1549 
f 1550/1550/1550 1551/1551/1551 1552/1552/1552 
f 1553/1553/1553 1552/1552/1552 1551/1551/1551 
f 1552/1552/1552 1553/1553/1553 1554/1554/1554 
f 1553/1553/1553 1555/1555/1555 1554/1554/1554 
f 1555/1555/1555 1553/1553/1553 1556/1556/1556 
f 1554/1554/1554 1557/1557/1557 1552/1552/1552 
f 1557/1557/1557 1554/1554/1554 1555/1555/1555 
f 1552/1552/1552 1557/1557/1557 1558/1558/1558 
f 1556/1556/1556 1559/1559/1559 1555/1555/1555 
f 1559/1559/1559 1560/1560/1560 1555/1555/1555 
f 1560/1560/1560 1557/1557/1557 1555/1555/1555 
f 1559/1559/1559 1561/1561/1561 1560/1560/1560 
f 1557/1557/1557 1560/1560/1560 1561/1561/1561 
f 1561/1561/1561 1559/1559/1559 1562/1562/1562 
f 1563/1563/1563 1561/1561/1561 1562/1562/1562 
f 1561/1561/1561 1563/1563/1563 1564/1564/1564 
f 1561/1561/1561 1564/1564/1564 1557/1557/1557 
f 1565/1565/1565 1564/1564/1564 1563/1563/1563 
f 1564/1564/1564 1565/1565/1565 1566/1566/1566 
f 1557/1557/1557 1564/1564/1564 1566/1566/1566 
f 1567/1567/1567 1566/1566/1566 1565/1565/1565 
f 1557/1557/1557 1566/1566/1566 1567/1567/1567 
f 1565/1565/1565 1568/1568/1568 1567/1567/1567 
f 1569/1569/1569 1567/1567/1567 1568/1568/1568 
f 1567/1567/1567 1569/1569/1569 1570/1570/1570 
f 1571/1571/1571 1570/1570/1570 1569/1569/1569 
f 1571/1571/1571 1569/1569/1569 1572/1572/1572 
f 1570/1570/1570 1573/1573/1573 1567/1567/1567 
f 1571/1571/1571 1573/1573/1573 1570/1570/1570 
f 1573/1573/1573 1557/1557/1557 1567/1567/1567 
f 1574/1574/1574 1571/1571/1571 1572/1572/1572 
f 1573/1573/1573 1571/1571/1571 1574/1574/1574 
f 1574/1574/1574 1572/1572/1572 1575/1575/1575 
f 1576/1576/1576 1574/1574/1574 1575/1575/1575 
f 1574/1574/1574 1576/1576/1576 1577/1577/1577 
f 1577/1577/1577 1573/1573/1573 1574/1574/1574 
f 1576/1576/1576 1578/1578/1578 1577/1577/1577 
f 1573/1573/1573 1577/1577/1577 1578/1578/1578 
f 1578/1578/1578 1576/1576/1576 1579/1579/1579 
f 1580/1580/1580 1578/1578/1578 1579/1579/1579 
f 1578/1578/1578 1580/1580/1580 1581/1581/1581 
f 1578/1578/1578 1581/1581/1581 1573/1573/1573 
f 1573/1573/1573 1581/1581/1581 1582/1582/1582 
f 1583/1583/1583 1573/1573/1573 1582/1582/1582 
f 1584/1584/1584 1573/1573/1573 1583/1583/1583 
f 1585/1585/1585 1584/1584/1584 1583/1583/1583 
f 1573/1573/1573 1584/1584/1584 1586/1586/1586 
f 1584/1584/1584 1585/1585/1585 1587/1587/1587 
f 1586/1586/1586 1584/1584/1584 1587/1587/1587 
f 1587/1587/1587 1585/1585/1585 1558/1558/1558 
f 1588/1588/1588 1573/1573/1573 1586/1586/1586 
f 1587/1587/1587 1588/1588/1588 1586/1586/1586 
f 1573/1573/1573 1588/1588/1588 1557/1557/1557 
f 1588/1588/1588 1558/1558/1558 1557/1557/1557 
f 1589/1589/1589 1587/1587/1587 1558/1558/1558 
f 1588/1588/1588 1587/1587/1587 1589/1589/1589 
f 1558/1558/1558 1588/1588/1588 1589/1589/1589 
f 1590/1590/1590 1591/1591/1591 1592/1592/1592 
f 1593/1593/1593 1592/1592/1592 1591/1591/1591 
f 1591/1591/1591 1594/1594/1594 1593/1593/1593 
f 1594/1594/1594 1591/1591/1591 1595/1595/1595 
f 1594/1594/1594 1596/1596/1596 1593/1593/1593 
f 1594/1594/1594 1595/1595/1595 1596/1596/1596 
f 1593/1593/1593 1596/1596/1596 1597/1597/1597 
f 1596/1596/1596 1598/1598/1598 1597/1597/1597 
f 1595/1595/1595 1598/1598/1598 1596/1596/1596 
f 1597/1597/1597 1598/1598/1598 1599/1599/1599 
f 1600/1600/1600 1599/1599/1599 1598/1598/1598 
f 1600/1600/1600 1598/1598/1598 1595/1595/1595 
f 1599/1599/1599 1600/1600/1600 1601/1601/1601 
f 1600/1600/1600 1602/1602/1602 1601/1601/1601 
f 1602/1602/1602 1600/1600/1600 1603/1603/1603 
f 1603/1603/1603 1604/1604/1604 1602/1602/1602 
f 1595/1595/1595 1605/1605/1605 1600/1600/1600 
f 1603/1603/1603 1600/1600/1600 1605/1605/1605 
f 1604/1604/1604 1603/1603/1603 1606/1606/1606 
f 1603/1603/1603 1605/1605/1605 1606/1606/1606 
f 1606/1606/1606 1607/1607/1607 1604/1604/1604 
f 1605/1605/1605 1607/1607/1607 1606/1606/1606 
f 1608/1608/1608 1604/1604/1604 1607/1607/1607 
f 1609/1609/1609 1608/1608/1608 1607/1607/1607 
f 1605/1605/1605 1609/1609/1609 1607/1607/1607 
f 1608/1608/1608 1609/1609/1609 1610/1610/1610 
f 1611/1611/1611 1610/1610/1610 1609/1609/1609 
f 1611/1611/1611 1609/1609/1609 1605/1605/1605 
f 1610/1610/1610 1611/1611/1611 1612/1612/1612 
f 1613/1613/1613 1612/1612/1612 1611/1611/1611 
f 1613/1613/1613 1611/1611/1611 1605/1605/1605 
f 1612/1612/1612 1613/1613/1613 1614/1614/1614 
f 1613/1613/1613 1615/1615/1615 1614/1614/1614 
f 1605/1605/1605 1615/1615/1615 1613/1613/1613 
f 1605/1605/1605 1616/1616/1616 1615/1615/1615 
f 1616/1616/1616 1605/1605/1605 1617/1617/1617 
f 1595/1595/1595 1617/1617/1617 1605/1605/1605 
f 1617/1617/1617 1595/1595/1595 1618/1618/1618 
f 1619/1619/1619 1618/1618/1618 1595/1595/1595 
f 1617/1617/1617 1620/1620/1620 1616/1616/1616 
f 1620/1620/1620 1621/1621/1621 1616/1616/1616 
f 1619/1619/1619 1621/1621/1621 1622/1622/1622 
f 1621/1621/1621 1620/1620/1620 1622/1622/1622 
f 1618/1618/1618 1619/1619/1619 1623/1623/1623 
f 1623/1623/1623 1617/1617/1617 1618/1618/1618 
f 1622/1622/1622 1623/1623/1623 1619/1619/1619 
f 1617/1617/1617 1623/1623/1623 1620/1620/1620 
f 1620/1620/1620 1623/1623/1623 1622/1622/1622 
f 1624/1624/1624 1625/1625/1625 1616/1616/1616 
f 1624/1624/1624 1626/1626/1626 1625/1625/1625 
f 1626/1626/1626 1624/1624/1624 1627/1627/1627 
f 1624/1624/1624 1628/1628/1628 1627/1627/1627 
f 1626/1626/1626 1629/1629/1629 1625/1625/1625 
f 1616/1616/1616 1625/1625/1625 1629/1629/1629 
f 1629/1629/1629 1626/1626/1626 1630/1630/1630 
f 1630/1630/1630 1615/1615/1615 1629/1629/1629 
f 1616/1616/1616 1629/1629/1629 1615/1615/1615 
f 1615/1615/1615 1630/1630/1630 1631/1631/1631 
f 1631/1631/1631 1614/1614/1614 1615/1615/1615 
f 1624/1624/1624 1632/1632/1632 1628/1628/1628 
f 1616/1616/1616 1632/1632/1632 1624/1624/1624 
f 1632/1632/1632 1633/1633/1633 1628/1628/1628 
f 1632/1632/1632 1616/1616/1616 1633/1633/1633 
f 1634/1634/1634 1628/1628/1628 1633/1633/1633 
f 1633/1633/1633 1635/1635/1635 1634/1634/1634 
f 1616/1616/1616 1635/1635/1635 1633/1633/1633 
f 1634/1634/1634 1635/1635/1635 1636/1636/1636 
f 1635/1635/1635 1637/1637/1637 1636/1636/1636 
f 1637/1637/1637 1635/1635/1635 1638/1638/1638 
f 1638/1638/1638 1639/1639/1639 1637/1637/1637 
f 1621/1621/1621 1638/1638/1638 1635/1635/1635 
f 1616/1616/1616 1621/1621/1621 1635/1635/1635 
f 1639/1639/1639 1638/1638/1638 1640/1640/1640 
f 1621/1621/1621 1640/1640/1640 1638/1638/1638 
f 1640/1640/1640 1641/1641/1641 1639/1639/1639 
f 1641/1641/1641 1640/1640/1640 1642/1642/1642 
f 1642/1642/1642 1640/1640/1640 1621/1621/1621 
f 1643/1643/1643 1641/1641/1641 1642/1642/1642 
f 1642/1642/1642 1644/1644/1644 1643/1643/1643 
f 1621/1621/1621 1644/1644/1644 1642/1642/1642 
f 1644/1644/1644 1645/1645/1645 1643/1643/1643 
f 1645/1645/1645 1644/1644/1644 1646/1646/1646 
f 1621/1621/1621 1646/1646/1646 1644/1644/1644 
f 1647/1647/1647 1645/1645/1645 1646/1646/1646 
f 1621/1621/1621 1647/1647/1647 1646/1646/1646 
f 1648/1648/1648 1645/1645/1645 1647/1647/1647 
f 1647/1647/1647 1649/1649/1649 1648/1648/1648 
f 1649/1649/1649 1647/1647/1647 1650/1650/1650 
f 1651/1651/1651 1649/1649/1649 1650/1650/1650 
f 1652/1652/1652 1649/1649/1649 1651/1651/1651 
f 1650/1650/1650 1647/1647/1647 1619/1619/1619 
f 1647/1647/1647 1621/1621/1621 1619/1619/1619 
f 1619/1619/1619 1651/1651/1651 1650/1650/1650 
f 1653/1653/1653 1652/1652/1652 1651/1651/1651 
f 1653/1653/1653 1651/1651/1651 1619/1619/1619 
f 1652/1652/1652 1653/1653/1653 1654/1654/1654 
f 1653/1653/1653 1655/1655/1655 1654/1654/1654 
f 1655/1655/1655 1653/1653/1653 1656/1656/1656 
f 1619/1619/1619 1656/1656/1656 1653/1653/1653 
f 1656/1656/1656 1657/1657/1657 1655/1655/1655 
f 1657/1657/1657 1656/1656/1656 1658/1658/1658 
f 1658/1658/1658 1656/1656/1656 1619/1619/1619 
f 1659/1659/1659 1657/1657/1657 1658/1658/1658 
f 1658/1658/1658 1619/1619/1619 1659/1659/1659 
f 1657/1657/1657 1659/1659/1659 1660/1660/1660 
f 1659/1659/1659 1661/1661/1661 1660/1660/1660 
f 1661/1661/1661 1659/1659/1659 1662/1662/1662 
f 1662/1662/1662 1663/1663/1663 1661/1661/1661 
f 1590/1590/1590 1661/1661/1661 1663/1663/1663 
f 1595/1595/1595 1662/1662/1662 1659/1659/1659 
f 1662/1662/1662 1595/1595/1595 1663/1663/1663 
f 1619/1619/1619 1595/1595/1595 1659/1659/1659 
f 1591/1591/1591 1590/1590/1590 1663/1663/1663 
f 1595/1595/1595 1591/1591/1591 1663/1663/1663 
f 1664/1664/1664 1665/1665/1665 1666/1666/1666 
f 1667/1667/1667 1665/1665/1665 1664/1664/1664 
f 1665/1665/1665 1668/1668/1668 1666/1666/1666 
f 1665/1665/1665 1667/1667/1667 1669/1669/1669 
f 1668/1668/1668 1665/1665/1665 1670/1670/1670 
f 1665/1665/1665 1669/1669/1669 1670/1670/1670 
f 1668/1668/1668 1670/1670/1670 1671/1671/1671 
f 1670/1670/1670 1669/1669/1669 1672/1672/1672 
f 1671/1671/1671 1670/1670/1670 1673/1673/1673 
f 1673/1673/1673 1670/1670/1670 1672/1672/1672 
f 1674/1674/1674 1675/1675/1675 1676/1676/1676 
f 1677/1677/1677 1674/1674/1674 1676/1676/1676 
f 1678/1678/1678 1676/1676/1676 1675/1675/1675 
f 1676/1676/1676 1679/1679/1679 1677/1677/1677 
f 1676/1676/1676 1678/1678/1678 1680/1680/1680 
f 1679/1679/1679 1676/1676/1676 1680/1680/1680 
f 1678/1678/1678 1681/1681/1681 1680/1680/1680 
f 1680/1680/1680 1682/1682/1682 1679/1679/1679 
f 1681/1681/1681 1683/1683/1683 1680/1680/1680 
f 1683/1683/1683 1682/1682/1682 1680/1680/1680 
f 1684/1684/1684 1685/1685/1685 1686/1686/1686 
f 1684/1684/1684 1687/1687/1687 1685/1685/1685 
f 1687/1687/1687 1684/1684/1684 1688/1688/1688 
f 1689/1689/1689 1685/1685/1685 1687/1687/1687 
f 1684/1684/1684 1690/1690/1690 1688/1688/1688 
f 1685/1685/1685 1689/1689/1689 1691/1691/1691 
f 1686/1686/1686 1685/1685/1685 1691/1691/1691 
f 1689/1689/1689 1692/1692/1692 1691/1691/1691 
f 1686/1686/1686 1691/1691/1691 1692/1692/1692 
f 1692/1692/1692 1689/1689/1689 1693/1693/1693 
f 1690/1690/1690 1684/1684/1684 1694/1694/1694 
f 1694/1694/1694 1684/1684/1684 1686/1686/1686 
f 1695/1695/1695 1690/1690/1690 1694/1694/1694 
f 1693/1693/1693 1696/1696/1696 1692/1692/1692 
f 1692/1692/1692 1696/1696/1696 1686/1686/1686 
f 1696/1696/1696 1693/1693/1693 1697/1697/1697 
f 1694/1694/1694 1698/1698/1698 1695/1695/1695 
f 1698/1698/1698 1694/1694/1694 1686/1686/1686 
f 1699/1699/1699 1695/1695/1695 1698/1698/1698 
f 1700/1700/1700 1695/1695/1695 1699/1699/1699 
f 1697/1697/1697 1701/1701/1701 1696/1696/1696 
f 1701/1701/1701 1697/1697/1697 1702/1702/1702 
f 1703/1703/1703 1696/1696/1696 1701/1701/1701 
f 1703/1703/1703 1686/1686/1686 1696/1696/1696 
f 1702/1702/1702 1704/1704/1704 1701/1701/1701 
f 1704/1704/1704 1703/1703/1703 1701/1701/1701 
f 1704/1704/1704 1702/1702/1702 1705/1705/1705 
f 1705/1705/1705 1706/1706/1706 1704/1704/1704 
f 1704/1704/1704 1706/1706/1706 1703/1703/1703 
f 1705/1705/1705 1707/1707/1707 1706/1706/1706 
f 1708/1708/1708 1706/1706/1706 1707/1707/1707 
f 1709/1709/1709 1706/1706/1706 1708/1708/1708 
f 1706/1706/1706 1709/1709/1709 1703/1703/1703 
f 1708/1708/1708 1710/1710/1710 1709/1709/1709 
f 1703/1703/1703 1709/1709/1709 1710/1710/1710 
f 1710/1710/1710 1708/1708/1708 1711/1711/1711 
f 1711/1711/1711 1712/1712/1712 1710/1710/1710 
f 1710/1710/1710 1712/1712/1712 1703/1703/1703 
f 1712/1712/1712 1711/1711/1711 1713/1713/1713 
f 1713/1713/1713 1714/1714/1714 1712/1712/1712 
f 1712/1712/1712 1714/1714/1714 1703/1703/1703 
f 1714/1714/1714 1715/1715/1715 1716/1716/1716 
f 1717/1717/1717 1714/1714/1714 1716/1716/1716 
f 1703/1703/1703 1714/1714/1714 1718/1718/1718 
f 1718/1718/1718 1714/1714/1714 1717/1717/1717 
f 1716/1716/1716 1719/1719/1719 1717/1717/1717 
f 1718/1718/1718 1717/1717/1717 1719/1719/1719 
f 1719/1719/1719 1716/1716/1716 1720/1720/1720 
f 1720/1720/1720 1721/1721/1721 1719/1719/1719 
f 1722/1722/1722 1719/1719/1719 1721/1721/1721 
f 1722/1722/1722 1718/1718/1718 1719/1719/1719 
f 1723/1723/1723 1722/1722/1722 1721/1721/1721 
f 1722/1722/1722 1723/1723/1723 1718/1718/1718 
f 1723/1723/1723 1721/1721/1721 1724/1724/1724 
f 1725/1725/1725 1723/1723/1723 1724/1724/1724 
f 1723/1723/1723 1725/1725/1725 1726/1726/1726 
f 1718/1718/1718 1723/1723/1723 1726/1726/1726 
f 1725/1725/1725 1727/1727/1727 1726/1726/1726 
f 1718/1718/1718 1726/1726/1726 1727/1727/1727 
f 1728/1728/1728 1729/1729/1729 1730/1730/1730 
f 1730/1730/1730 1729/1729/1729 1731/1731/1731 
f 1728/1728/1728 1730/1730/1730 1732/1732/1732 
f 1730/1730/1730 1731/1731/1731 1733/1733/1733 
f 1732/1732/1732 1730/1730/1730 1734/1734/1734 
f 1734/1734/1734 1730/1730/1730 1733/1733/1733 
f 1735/1735/1735 1736/1736/1736 1737/1737/1737 
f 1736/1736/1736 1738/1738/1738 1737/1737/1737 
f 1735/1735/1735 1739/1739/1739 1736/1736/1736 
f 1736/1736/1736 1740/1740/1740 1738/1738/1738 
f 1739/1739/1739 1741/1741/1741 1736/1736/1736 
f 1741/1741/1741 1740/1740/1740 1736/1736/1736 
f 1363/1363/1363 1365/1365/1365 1742/1742/1742 
f 1365/1365/1365 1743/1743/1743 1742/1742/1742 
f 1365/1365/1365 1744/1744/1744 1743/1743/1743 
f 1745/1745/1745 1743/1743/1743 1744/1744/1744 
f 1743/1743/1743 1745/1745/1745 1746/1746/1746 
f 1744/1744/1744 1365/1365/1365 1747/1747/1747 
f 1747/1747/1747 1365/1365/1365 1355/1355/1355 
f 1744/1744/1744 1747/1747/1747 1745/1745/1745 
f 1745/1745/1745 1748/1748/1748 1746/1746/1746 
f 1747/1747/1747 1748/1748/1748 1745/1745/1745 
f 1749/1749/1749 1746/1746/1746 1748/1748/1748 
f 1748/1748/1748 1750/1750/1750 1749/1749/1749 
f 1750/1750/1750 1748/1748/1748 1751/1751/1751 
f 1748/1748/1748 1747/1747/1747 1751/1751/1751 
f 1751/1751/1751 1752/1752/1752 1750/1750/1750 
f 1752/1752/1752 1751/1751/1751 1753/1753/1753 
f 1747/1747/1747 1753/1753/1753 1751/1751/1751 
f 1754/1754/1754 1752/1752/1752 1753/1753/1753 
f 1753/1753/1753 1747/1747/1747 1754/1754/1754 
f 1752/1752/1752 1754/1754/1754 1755/1755/1755 
f 1754/1754/1754 1756/1756/1756 1755/1755/1755 
f 1756/1756/1756 1754/1754/1754 1757/1757/1757 
f 1758/1758/1758 1756/1756/1756 1757/1757/1757 
f 1756/1756/1756 1758/1758/1758 1759/1759/1759 
f 1760/1760/1760 1757/1757/1757 1754/1754/1754 
f 1760/1760/1760 1758/1758/1758 1757/1757/1757 
f 1754/1754/1754 1747/1747/1747 1760/1760/1760 
f 1761/1761/1761 1759/1759/1759 1758/1758/1758 
f 1760/1760/1760 1761/1761/1761 1758/1758/1758 
f 1762/1762/1762 1759/1759/1759 1761/1761/1761 
f 1763/1763/1763 1762/1762/1762 1761/1761/1761 
f 1761/1761/1761 1760/1760/1760 1763/1763/1763 
f 1762/1762/1762 1763/1763/1763 1764/1764/1764 
f 1765/1765/1765 1764/1764/1764 1763/1763/1763 
f 1760/1760/1760 1765/1765/1765 1763/1763/1763 
f 1764/1764/1764 1765/1765/1765 1337/1337/1337 
f 1335/1335/1335 1337/1337/1337 1765/1765/1765 
f 1760/1760/1760 1335/1335/1335 1765/1765/1765 
f 1322/1322/1322 1335/1335/1335 1760/1760/1760 
f 1760/1760/1760 1747/1747/1747 1766/1766/1766 
f 1760/1760/1760 1767/1767/1767 1322/1322/1322 
f 1767/1767/1767 1760/1760/1760 1766/1766/1766 
f 1747/1747/1747 1768/1768/1768 1766/1766/1766 
f 1767/1767/1767 1766/1766/1766 1768/1768/1768 
f 1747/1747/1747 1769/1769/1769 1768/1768/1768 
f 1769/1769/1769 1747/1747/1747 1355/1355/1355 
f 1768/1768/1768 1770/1770/1770 1767/1767/1767 
f 1770/1770/1770 1768/1768/1768 1769/1769/1769 
f 1770/1770/1770 1322/1322/1322 1767/1767/1767 
f 1355/1355/1355 1770/1770/1770 1769/1769/1769 
f 1340/1340/1340 1322/1322/1322 1770/1770/1770 
f 1770/1770/1770 1355/1355/1355 1340/1340/1340 
f 1771/1771/1771 1772/1772/1772 1773/1773/1773 
f 1774/1774/1774 1771/1771/1771 1773/1773/1773 
f 1771/1771/1771 1774/1774/1774 1775/1775/1775 
f 1773/1773/1773 1776/1776/1776 1774/1774/1774 
f 1775/1775/1775 1777/1777/1777 1771/1771/1771 
f 1776/1776/1776 1773/1773/1773 1778/1778/1778 
f 1772/1772/1772 1778/1778/1778 1773/1773/1773 
f 1779/1779/1779 1776/1776/1776 1778/1778/1778 
f 1772/1772/1772 1779/1779/1779 1778/1778/1778 
f 1776/1776/1776 1779/1779/1779 1780/1780/1780 
f 1781/1781/1781 1771/1771/1771 1777/1777/1777 
f 1781/1781/1781 1772/1772/1772 1771/1771/1771 
f 1777/1777/1777 1782/1782/1782 1781/1781/1781 
f 1783/1783/1783 1780/1780/1780 1779/1779/1779 
f 1779/1779/1779 1772/1772/1772 1783/1783/1783 
f 1780/1780/1780 1783/1783/1783 1784/1784/1784 
f 1785/1785/1785 1781/1781/1781 1782/1782/1782 
f 1785/1785/1785 1772/1772/1772 1781/1781/1781 
f 1782/1782/1782 1786/1786/1786 1785/1785/1785 
f 1786/1786/1786 1782/1782/1782 1787/1787/1787 
f 1788/1788/1788 1784/1784/1784 1783/1783/1783 
f 1784/1784/1784 1788/1788/1788 1789/1789/1789 
f 1790/1790/1790 1788/1788/1788 1783/1783/1783 
f 1790/1790/1790 1783/1783/1783 1772/1772/1772 
f 1791/1791/1791 1789/1789/1789 1788/1788/1788 
f 1791/1791/1791 1788/1788/1788 1790/1790/1790 
f 1789/1789/1789 1791/1791/1791 1792/1792/1792 
f 1791/1791/1791 1793/1793/1793 1792/1792/1792 
f 1791/1791/1791 1790/1790/1790 1793/1793/1793 
f 1794/1794/1794 1792/1792/1792 1793/1793/1793 
f 1795/1795/1795 1794/1794/1794 1793/1793/1793 
f 1793/1793/1793 1796/1796/1796 1795/1795/1795 
f 1793/1793/1793 1790/1790/1790 1796/1796/1796 
f 1797/1797/1797 1795/1795/1795 1796/1796/1796 
f 1790/1790/1790 1797/1797/1797 1796/1796/1796 
f 1795/1795/1795 1797/1797/1797 1798/1798/1798 
f 1799/1799/1799 1798/1798/1798 1797/1797/1797 
f 1797/1797/1797 1790/1790/1790 1799/1799/1799 
f 1798/1798/1798 1799/1799/1799 1800/1800/1800 
f 1801/1801/1801 1800/1800/1800 1799/1799/1799 
f 1799/1799/1799 1790/1790/1790 1801/1801/1801 
f 1802/1802/1802 1803/1803/1803 1801/1801/1801 
f 1801/1801/1801 1804/1804/1804 1802/1802/1802 
f 1805/1805/1805 1802/1802/1802 1804/1804/1804 
f 1802/1802/1802 1805/1805/1805 1806/1806/1806 
f 1807/1807/1807 1804/1804/1804 1801/1801/1801 
f 1790/1790/1790 1807/1807/1807 1801/1801/1801 
f 1807/1807/1807 1805/1805/1805 1804/1804/1804 
f 1808/1808/1808 1806/1806/1806 1805/1805/1805 
f 1808/1808/1808 1805/1805/1805 1809/1809/1809 
f 1809/1809/1809 1805/1805/1805 1807/1807/1807 
f 1809/1809/1809 1810/1810/1810 1808/1808/1808 
f 1809/1809/1809 1807/1807/1807 1810/1810/1810 
f 1811/1811/1811 1808/1808/1808 1810/1810/1810 
f 1810/1810/1810 1812/1812/1812 1811/1811/1811 
f 1812/1812/1812 1810/1810/1810 1813/1813/1813 
f 1807/1807/1807 1813/1813/1813 1810/1810/1810 
f 1814/1814/1814 1812/1812/1812 1813/1813/1813 
f 1807/1807/1807 1814/1814/1814 1813/1813/1813 
f 1812/1812/1812 1814/1814/1814 1815/1815/1815 
f 1816/1816/1816 1815/1815/1815 1814/1814/1814 
f 1814/1814/1814 1807/1807/1807 1816/1816/1816 
f 1815/1815/1815 1816/1816/1816 1817/1817/1817 
f 1816/1816/1816 1818/1818/1818 1817/1817/1817 
f 1818/1818/1818 1816/1816/1816 1819/1819/1819 
f 1819/1819/1819 1820/1820/1820 1818/1818/1818 
f 1816/1816/1816 1807/1807/1807 1821/1821/1821 
f 1821/1821/1821 1819/1819/1819 1816/1816/1816 
f 1820/1820/1820 1819/1819/1819 1822/1822/1822 
f 1821/1821/1821 1822/1822/1822 1819/1819/1819 
f 1822/1822/1822 1823/1823/1823 1820/1820/1820 
f 1823/1823/1823 1822/1822/1822 1824/1824/1824 
f 1822/1822/1822 1821/1821/1821 1824/1824/1824 
f 1825/1825/1825 1826/1826/1826 1827/1827/1827 
f 1827/1827/1827 1826/1826/1826 1828/1828/1828 
f 1828/1828/1828 1829/1829/1829 1827/1827/1827 
f 1830/1830/1830 1828/1828/1828 1826/1826/1826 
f 1829/1829/1829 1831/1831/1831 1827/1827/1827 
f 1825/1825/1825 1827/1827/1827 1831/1831/1831 
f 1829/1829/1829 1832/1832/1832 1831/1831/1831 
f 1833/1833/1833 1831/1831/1831 1832/1832/1832 
f 1826/1826/1826 1834/1834/1834 1830/1830/1830 
f 1826/1826/1826 1825/1825/1825 1834/1834/1834 
f 1831/1831/1831 1833/1833/1833 1835/1835/1835 
f 1825/1825/1825 1831/1831/1831 1835/1835/1835 
f 1836/1836/1836 1835/1835/1835 1833/1833/1833 
f 1825/1825/1825 1835/1835/1835 1836/1836/1836 
f 1833/1833/1833 1837/1837/1837 1836/1836/1836 
f 1838/1838/1838 1836/1836/1836 1837/1837/1837 
f 1825/1825/1825 1836/1836/1836 1839/1839/1839 
f 1836/1836/1836 1838/1838/1838 1839/1839/1839 
f 1834/1834/1834 1825/1825/1825 1840/1840/1840 
f 1825/1825/1825 1839/1839/1839 1840/1840/1840 
f 1840/1840/1840 1839/1839/1839 1838/1838/1838 
f 1840/1840/1840 1830/1830/1830 1834/1834/1834 
f 1838/1838/1838 1841/1841/1841 1840/1840/1840 
f 1830/1830/1830 1840/1840/1840 1841/1841/1841 
f 1842/1842/1842 1843/1843/1843 1844/1844/1844 
f 1844/1844/1844 1843/1843/1843 1845/1845/1845 
f 1846/1846/1846 1845/1845/1845 1843/1843/1843 
f 1844/1844/1844 1845/1845/1845 1847/1847/1847 
f 1843/1843/1843 1848/1848/1848 1846/1846/1846 
f 1842/1842/1842 1848/1848/1848 1843/1843/1843 
f 1849/1849/1849 1846/1846/1846 1848/1848/1848 
f 1848/1848/1848 1850/1850/1850 1849/1849/1849 
f 1851/1851/1851 1844/1844/1844 1847/1847/1847 
f 1844/1844/1844 1851/1851/1851 1842/1842/1842 
f 1850/1850/1850 1848/1848/1848 1852/1852/1852 
f 1842/1842/1842 1852/1852/1852 1848/1848/1848 
f 1852/1852/1852 1853/1853/1853 1850/1850/1850 
f 1842/1842/1842 1853/1853/1853 1852/1852/1852 
f 1850/1850/1850 1853/1853/1853 1854/1854/1854 
f 1853/1853/1853 1855/1855/1855 1854/1854/1854 
f 1842/1842/1842 1856/1856/1856 1853/1853/1853 
f 1855/1855/1855 1853/1853/1853 1856/1856/1856 
f 1851/1851/1851 1857/1857/1857 1842/1842/1842 
f 1842/1842/1842 1857/1857/1857 1856/1856/1856 
f 1856/1856/1856 1857/1857/1857 1855/1855/1855 
f 1847/1847/1847 1857/1857/1857 1851/1851/1851 
f 1855/1855/1855 1857/1857/1857 1858/1858/1858 
f 1857/1857/1857 1847/1847/1847 1858/1858/1858 
f 1859/1859/1859 1860/1860/1860 1861/1861/1861 
f 1860/1860/1860 1862/1862/1862 1861/1861/1861 
f 1860/1860/1860 1859/1859/1859 1863/1863/1863 
f 1864/1864/1864 1863/1863/1863 1859/1859/1859 
f 1864/1864/1864 1865/1865/1865 1863/1863/1863 
f 1862/1862/1862 1860/1860/1860 1866/1866/1866 
f 1866/1866/1866 1867/1867/1867 1862/1862/1862 
f 1867/1867/1867 1866/1866/1866 1868/1868/1868 
f 1867/1867/1867 1868/1868/1868 1869/1869/1869 
f 1870/1870/1870 1869/1869/1869 1868/1868/1868 
f 1870/1870/1870 1871/1871/1871 1869/1869/1869 
f 1871/1871/1871 1870/1870/1870 1872/1872/1872 
f 1873/1873/1873 1874/1874/1874 1875/1875/1875 
f 1875/1875/1875 1876/1876/1876 1873/1873/1873 
f 1877/1877/1877 1876/1876/1876 1875/1875/1875 
f 1874/1874/1874 1873/1873/1873 1878/1878/1878 
f 1879/1879/1879 1874/1874/1874 1878/1878/1878 
f 1874/1874/1874 1879/1879/1879 1880/1880/1880 
f 1881/1881/1881 1880/1880/1880 1879/1879/1879 
f 1880/1880/1880 1881/1881/1881 1882/1882/1882 
f 1882/1882/1882 1881/1881/1881 1883/1883/1883 
f 1882/1882/1882 1883/1883/1883 1884/1884/1884 
f 1885/1885/1885 1884/1884/1884 1883/1883/1883 
f 1884/1884/1884 1885/1885/1885 1886/1886/1886 
f 1887/1887/1887 1888/1888/1888 1889/1889/1889 
f 1887/1887/1887 1890/1890/1890 1888/1888/1888 
f 1891/1891/1891 1887/1887/1887 1889/1889/1889 
f 1892/1892/1892 1890/1890/1890 1887/1887/1887 
f 1893/1893/1893 1887/1887/1887 1891/1891/1891 
f 1892/1892/1892 1887/1887/1887 1893/1893/1893 
f 1894/1894/1894 1895/1895/1895 1896/1896/1896 
f 1897/1897/1897 1895/1895/1895 1894/1894/1894 
f 1894/1894/1894 1896/1896/1896 1898/1898/1898 
f 1899/1899/1899 1897/1897/1897 1894/1894/1894 
f 1900/1900/1900 1894/1894/1894 1898/1898/1898 
f 1900/1900/1900 1899/1899/1899 1894/1894/1894 
f 1901/1901/1901 1902/1902/1902 1903/1903/1903 
f 1904/1904/1904 1902/1902/1902 1901/1901/1901 
f 1901/1901/1901 1903/1903/1903 1905/1905/1905 
f 1901/1901/1901 1906/1906/1906 1904/1904/1904 
f 1901/1901/1901 1905/1905/1905 1907/1907/1907 
f 1906/1906/1906 1901/1901/1901 1907/1907/1907 
f 1906/1906/1906 1907/1907/1907 1908/1908/1908 
f 1905/1905/1905 1909/1909/1909 1907/1907/1907 
f 1908/1908/1908 1907/1907/1907 1910/1910/1910 
f 1911/1911/1911 1907/1907/1907 1909/1909/1909 
f 1910/1910/1910 1907/1907/1907 1911/1911/1911 
f 1909/1909/1909 1912/1912/1912 1911/1911/1911 
f 1910/1910/1910 1911/1911/1911 1913/1913/1913 
f 1914/1914/1914 1912/1912/1912 1909/1909/1909 
f 1915/1915/1915 1914/1914/1914 1909/1909/1909 
f 1911/1911/1911 1912/1912/1912 1916/1916/1916 
f 1913/1913/1913 1911/1911/1911 1916/1916/1916 
f 1917/1917/1917 1910/1910/1910 1913/1913/1913 
f 1910/1910/1910 1917/1917/1917 1918/1918/1918 
f 1917/1917/1917 1919/1919/1919 1918/1918/1918 
f 1915/1915/1915 1920/1920/1920 1914/1914/1914 
f 1920/1920/1920 1915/1915/1915 1921/1921/1921 
f 1921/1921/1921 1922/1922/1922 1920/1920/1920 
f 1920/1920/1920 1922/1922/1922 1923/1923/1923 
f 1923/1923/1923 1924/1924/1924 1920/1920/1920 
f 1920/1920/1920 1924/1924/1924 1914/1914/1914 
f 1924/1924/1924 1925/1925/1925 1914/1914/1914 
f 1914/1914/1914 1925/1925/1925 1912/1912/1912 
f 1925/1925/1925 1926/1926/1926 1912/1912/1912 
f 1926/1926/1926 1916/1916/1916 1912/1912/1912 
f 1925/1925/1925 1927/1927/1927 1926/1926/1926 
f 1927/1927/1927 1925/1925/1925 1928/1928/1928 
f 1929/1929/1929 1916/1916/1916 1926/1926/1926 
f 1916/1916/1916 1929/1929/1929 1913/1913/1913 
f 1930/1930/1930 1929/1929/1929 1926/1926/1926 
f 1926/1926/1926 1927/1927/1927 1930/1930/1930 
f 1927/1927/1927 1931/1931/1931 1930/1930/1930 
f 1927/1927/1927 1932/1932/1932 1931/1931/1931 
f 1928/1928/1928 1933/1933/1933 1927/1927/1927 
f 1932/1932/1932 1927/1927/1927 1933/1933/1933 
f 1933/1933/1933 1928/1928/1928 1934/1934/1934 
f 1933/1933/1933 1935/1935/1935 1932/1932/1932 
f 1934/1934/1934 1935/1935/1935 1933/1933/1933 
f 1930/1930/1930 1936/1936/1936 1929/1929/1929 
f 1936/1936/1936 1930/1930/1930 1937/1937/1937 
f 1938/1938/1938 1913/1913/1913 1929/1929/1929 
f 1929/1929/1929 1936/1936/1936 1938/1938/1938 
f 1938/1938/1938 1917/1917/1917 1913/1913/1913 
f 1939/1939/1939 1936/1936/1936 1937/1937/1937 
f 1938/1938/1938 1936/1936/1936 1940/1940/1940 
f 1917/1917/1917 1938/1938/1938 1941/1941/1941 
f 1936/1936/1936 1942/1942/1942 1940/1940/1940 
f 1936/1936/1936 1939/1939/1939 1943/1943/1943 
f 1942/1942/1942 1936/1936/1936 1943/1943/1943 
f 1939/1939/1939 1944/1944/1944 1943/1943/1943 
f 1943/1943/1943 1944/1944/1944 1942/1942/1942 
f 1941/1941/1941 1945/1945/1945 1917/1917/1917 
f 1919/1919/1919 1917/1917/1917 1945/1945/1945 
f 1945/1945/1945 1941/1941/1941 1946/1946/1946 
f 1919/1919/1919 1945/1945/1945 1947/1947/1947 
f 1946/1946/1946 1948/1948/1948 1945/1945/1945 
f 1945/1945/1945 1948/1948/1948 1947/1947/1947 
f 1949/1949/1949 1950/1950/1950 1951/1951/1951 
f 1952/1952/1952 1949/1949/1949 1951/1951/1951 
f 1953/1953/1953 1950/1950/1950 1949/1949/1949 
f 1954/1954/1954 1949/1949/1949 1952/1952/1952 
f 1955/1955/1955 1953/1953/1953 1949/1949/1949 
f 1949/1949/1949 1954/1954/1954 1955/1955/1955 
f 1954/1954/1954 1956/1956/1956 1955/1955/1955 
f 1953/1953/1953 1955/1955/1955 1957/1957/1957 
f 1956/1956/1956 1958/1958/1958 1955/1955/1955 
f 1959/1959/1959 1957/1957/1957 1955/1955/1955 
f 1958/1958/1958 1959/1959/1959 1955/1955/1955 
f 1957/1957/1957 1959/1959/1959 1960/1960/1960 
f 1958/1958/1958 1961/1961/1961 1959/1959/1959 
f 1962/1962/1962 1957/1957/1957 1960/1960/1960 
f 1963/1963/1963 1957/1957/1957 1962/1962/1962 
f 1959/1959/1959 1964/1964/1964 1960/1960/1960 
f 1961/1961/1961 1964/1964/1964 1959/1959/1959 
f 1965/1965/1965 1961/1961/1961 1958/1958/1958 
f 1958/1958/1958 1966/1966/1966 1965/1965/1965 
f 1965/1965/1965 1966/1966/1966 1967/1967/1967 
f 1968/1968/1968 1963/1963/1963 1962/1962/1962 
f 1963/1963/1963 1968/1968/1968 1969/1969/1969 
f 1969/1969/1969 1968/1968/1968 1970/1970/1970 
f 1968/1968/1968 1971/1971/1971 1970/1970/1970 
f 1968/1968/1968 1972/1972/1972 1971/1971/1971 
f 1962/1962/1962 1972/1972/1972 1968/1968/1968 
f 1972/1972/1972 1962/1962/1962 1973/1973/1973 
f 1962/1962/1962 1960/1960/1960 1973/1973/1973 
f 1973/1973/1973 1960/1960/1960 1974/1974/1974 
f 1974/1974/1974 1960/1960/1960 1964/1964/1964 
f 1973/1973/1973 1974/1974/1974 1975/1975/1975 
f 1975/1975/1975 1976/1976/1976 1973/1973/1973 
f 1977/1977/1977 1974/1974/1974 1964/1964/1964 
f 1964/1964/1964 1961/1961/1961 1977/1977/1977 
f 1978/1978/1978 1974/1974/1974 1977/1977/1977 
f 1974/1974/1974 1978/1978/1978 1975/1975/1975 
f 1975/1975/1975 1978/1978/1978 1979/1979/1979 
f 1980/1980/1980 1975/1975/1975 1979/1979/1979 
f 1981/1981/1981 1976/1976/1976 1975/1975/1975 
f 1975/1975/1975 1980/1980/1980 1981/1981/1981 
f 1976/1976/1976 1981/1981/1981 1982/1982/1982 
f 1981/1981/1981 1980/1980/1980 1983/1983/1983 
f 1982/1982/1982 1981/1981/1981 1983/1983/1983 
f 1978/1978/1978 1977/1977/1977 1984/1984/1984 
f 1984/1984/1984 1985/1985/1985 1978/1978/1978 
f 1986/1986/1986 1977/1977/1977 1961/1961/1961 
f 1977/1977/1977 1986/1986/1986 1984/1984/1984 
f 1986/1986/1986 1961/1961/1961 1965/1965/1965 
f 1985/1985/1985 1984/1984/1984 1987/1987/1987 
f 1986/1986/1986 1988/1988/1988 1984/1984/1984 
f 1965/1965/1965 1989/1989/1989 1986/1986/1986 
f 1990/1990/1990 1984/1984/1984 1988/1988/1988 
f 1987/1987/1987 1984/1984/1984 1991/1991/1991 
f 1984/1984/1984 1990/1990/1990 1991/1991/1991 
f 1987/1987/1987 1991/1991/1991 1992/1992/1992 
f 1991/1991/1991 1990/1990/1990 1992/1992/1992 
f 1993/1993/1993 1989/1989/1989 1965/1965/1965 
f 1989/1989/1989 1993/1993/1993 1994/1994/1994 
f 1993/1993/1993 1965/1965/1965 1967/1967/1967 
f 1994/1994/1994 1993/1993/1993 1995/1995/1995 
f 1996/1996/1996 1993/1993/1993 1967/1967/1967 
f 1993/1993/1993 1996/1996/1996 1995/1995/1995 
f 1997/1997/1997 1998/1998/1998 1999/1999/1999 
f 1999/1999/1999 1998/1998/1998 2000/2000/2000 
f 1997/1997/1997 1999/1999/1999 2001/2001/2001 
f 2002/2002/2002 1997/1997/1997 2001/2001/2001 
f 1997/1997/1997 2002/2002/2002 2003/2003/2003 
f 2002/2002/2002 2004/2004/2004 2003/2003/2003 
f 2004/2004/2004 2002/2002/2002 2005/2005/2005 
f 2005/2005/2005 2006/2006/2006 2004/2004/2004 
f 2004/2004/2004 2006/2006/2006 2007/2007/2007 
f 2006/2006/2006 2008/2008/2008 2007/2007/2007 
f 2008/2008/2008 2006/2006/2006 2009/2009/2009 
f 2009/2009/2009 2010/2010/2010 2008/2008/2008 
f 2010/2010/2010 2009/2009/2009 2011/2011/2011 
f 2011/2011/2011 2012/2012/2012 2010/2010/2010 
f 2012/2012/2012 2011/2011/2011 2013/2013/2013 
f 2013/2013/2013 2014/2014/2014 2012/2012/2012 
f 2014/2014/2014 2013/2013/2013 2015/2015/2015 
f 2015/2015/2015 2016/2016/2016 2014/2014/2014 
f 2016/2016/2016 2015/2015/2015 2017/2017/2017 
f 2018/2018/2018 2019/2019/2019 2020/2020/2020 
f 2019/2019/2019 2021/2021/2021 2020/2020/2020 
f 2019/2019/2019 2022/2022/2022 2021/2021/2021 
f 2020/2020/2020 2023/2023/2023 2018/2018/2018 
f 2023/2023/2023 2020/2020/2020 2024/2024/2024 
f 2025/2025/2025 2023/2023/2023 2024/2024/2024 
f 2023/2023/2023 2025/2025/2025 2026/2026/2026 
f 2025/2025/2025 2027/2027/2027 2026/2026/2026 
f 2027/2027/2027 2025/2025/2025 2028/2028/2028 
f 2029/2029/2029 2027/2027/2027 2028/2028/2028 
f 2027/2027/2027 2029/2029/2029 2030/2030/2030 
f 2031/2031/2031 2030/2030/2030 2029/2029/2029 
f 2030/2030/2030 2031/2031/2031 2032/2032/2032 
f 2033/2033/2033 2032/2032/2032 2031/2031/2031 
f 2032/2032/2032 2033/2033/2033 2034/2034/2034 
f 2035/2035/2035 2034/2034/2034 2033/2033/2033 
f 2034/2034/2034 2035/2035/2035 2036/2036/2036 
f 2037/2037/2037 2036/2036/2036 2035/2035/2035 
f 2036/2036/2036 2037/2037/2037 2038/2038/2038 
f 2039/2039/2039 2040/2040/2040 2041/2041/2041 
f 2040/2040/2040 2039/2039/2039 2042/2042/2042 
f 2041/2041/2041 2043/2043/2043 2039/2039/2039 
f 2044/2044/2044 2040/2040/2040 2042/2042/2042 
f 2043/2043/2043 2041/2041/2041 2045/2045/2045 
f 2040/2040/2040 2044/2044/2044 2046/2046/2046 
f 2047/2047/2047 2043/2043/2043 2045/2045/2045 
f 2044/2044/2044 2048/2048/2048 2046/2046/2046 
f 2047/2047/2047 2045/2045/2045 2049/2049/2049 
f 2049/2049/2049 2050/2050/2050 2047/2047/2047 
f 2050/2050/2050 2049/2049/2049 2051/2051/2051 
f 2048/2048/2048 2052/2052/2052 2046/2046/2046 
f 2048/2048/2048 2053/2053/2053 2052/2052/2052 
f 2048/2048/2048 2054/2054/2054 2053/2053/2053 
f 2055/2055/2055 2056/2056/2056 2057/2057/2057 
f 2058/2058/2058 2057/2057/2057 2056/2056/2056 
f 2056/2056/2056 2055/2055/2055 2059/2059/2059 
f 2057/2057/2057 2058/2058/2058 2060/2060/2060 
f 2055/2055/2055 2061/2061/2061 2059/2059/2059 
f 2058/2058/2058 2062/2062/2062 2060/2060/2060 
f 2063/2063/2063 2061/2061/2061 2055/2055/2055 
f 2060/2060/2060 2062/2062/2062 2064/2064/2064 
f 2065/2065/2065 2064/2064/2064 2062/2062/2062 
f 2064/2064/2064 2065/2065/2065 2066/2066/2066 
f 2063/2063/2063 2067/2067/2067 2061/2061/2061 
f 2063/2063/2063 2068/2068/2068 2067/2067/2067 
f 2068/2068/2068 2069/2069/2069 2067/2067/2067 
f 2069/2069/2069 2070/2070/2070 2067/2067/2067 
f 2071/2071/2071 2072/2072/2072 2073/2073/2073 
f 2074/2074/2074 2073/2073/2073 2072/2072/2072 
f 2072/2072/2072 2075/2075/2075 2074/2074/2074 
f 2075/2075/2075 2072/2072/2072 2076/2076/2076 
f 2077/2077/2077 2071/2071/2071 2073/2073/2073 
f 2071/2071/2071 2077/2077/2077 2078/2078/2078 
f 2077/2077/2077 2079/2079/2079 2078/2078/2078 
f 2079/2079/2079 2080/2080/2080 2078/2078/2078 
f 2079/2079/2079 2081/2081/2081 2080/2080/2080 
f 2081/2081/2081 2079/2079/2079 2082/2082/2082 
f 2083/2083/2083 2084/2084/2084 2085/2085/2085 
f 2084/2084/2084 2086/2086/2086 2085/2085/2085 
f 2085/2085/2085 2087/2087/2087 2083/2083/2083 
f 2088/2088/2088 2083/2083/2083 2087/2087/2087 
f 2083/2083/2083 2088/2088/2088 2089/2089/2089 
f 2090/2090/2090 2086/2086/2086 2084/2084/2084 
f 2090/2090/2090 2091/2091/2091 2086/2086/2086 
f 2090/2090/2090 2092/2092/2092 2091/2091/2091 
f 2093/2093/2093 2091/2091/2091 2092/2092/2092 
f 2091/2091/2091 2093/2093/2093 2094/2094/2094 
f 2095/2095/2095 1583/1583/1583 2096/2096/2096 
f 2096/2096/2096 2097/2097/2097 2095/2095/2095 
f 2098/2098/2098 2097/2097/2097 2096/2096/2096 
f 2099/2099/2099 2095/2095/2095 2097/2097/2097 
f 2096/2096/2096 2100/2100/2100 2098/2098/2098 
f 2095/2095/2095 2099/2099/2099 2101/2101/2101 
f 2101/2101/2101 1583/1583/1583 2095/2095/2095 
f 2099/2099/2099 2102/2102/2102 2101/2101/2101 
f 2102/2102/2102 1583/1583/1583 2101/2101/2101 
f 2099/2099/2099 2103/2103/2103 2102/2102/2102 
f 2100/2100/2100 2096/2096/2096 2104/2104/2104 
f 1583/1583/1583 2104/2104/2104 2096/2096/2096 
f 2104/2104/2104 2105/2105/2105 2100/2100/2100 
f 2105/2105/2105 2104/2104/2104 2106/2106/2106 
f 1583/1583/1583 2106/2106/2106 2104/2104/2104 
f 1582/1582/1582 2105/2105/2105 2106/2106/2106 
f 1582/1582/1582 2106/2106/2106 1583/1583/1583 
f 2105/2105/2105 1582/1582/1582 2107/2107/2107 
f 2103/2103/2103 2108/2108/2108 2102/2102/2102 
f 2108/2108/2108 2103/2103/2103 2109/2109/2109 
f 2102/2102/2102 1585/1585/1585 1583/1583/1583 
f 1585/1585/1585 2102/2102/2102 2108/2108/2108 
f 1581/1581/1581 2107/2107/2107 1582/1582/1582 
f 2107/2107/2107 1581/1581/1581 1580/1580/1580 
f 2109/2109/2109 2110/2110/2110 2108/2108/2108 
f 1585/1585/1585 2108/2108/2108 2110/2110/2110 
f 2109/2109/2109 2111/2111/2111 2110/2110/2110 
f 2111/2111/2111 2112/2112/2112 2110/2110/2110 
f 2113/2113/2113 2110/2110/2110 2112/2112/2112 
f 1585/1585/1585 2110/2110/2110 2113/2113/2113 
f 2112/2112/2112 2114/2114/2114 2113/2113/2113 
f 2114/2114/2114 1585/1585/1585 2113/2113/2113 
f 2114/2114/2114 2112/2112/2112 2115/2115/2115 
f 2116/2116/2116 2114/2114/2114 2115/2115/2115 
f 1585/1585/1585 2114/2114/2114 2116/2116/2116 
f 2115/2115/2115 2117/2117/2117 2116/2116/2116 
f 2118/2118/2118 2116/2116/2116 2117/2117/2117 
f 1585/1585/1585 2116/2116/2116 2118/2118/2118 
f 2119/2119/2119 2118/2118/2118 2117/2117/2117 
f 2120/2120/2120 2118/2118/2118 2119/2119/2119 
f 2118/2118/2118 2120/2120/2120 2121/2121/2121 
f 2122/2122/2122 2121/2121/2121 2120/2120/2120 
f 1585/1585/1585 2118/2118/2118 1558/1558/1558 
f 1558/1558/1558 2118/2118/2118 2121/2121/2121 
f 2121/2121/2121 2122/2122/2122 2123/2123/2123 
f 1558/1558/1558 2121/2121/2121 2123/2123/2123 
f 2124/2124/2124 2123/2123/2123 2122/2122/2122 
f 2123/2123/2123 2124/2124/2124 2125/2125/2125 
f 1558/1558/1558 2123/2123/2123 2125/2125/2125 
f 2124/2124/2124 2126/2126/2126 2125/2125/2125 
f 2126/2126/2126 1558/1558/1558 2125/2125/2125 
f 2126/2126/2126 2124/2124/2124 2127/2127/2127 
f 2127/2127/2127 2128/2128/2128 2126/2126/2126 
f 1558/1558/1558 2126/2126/2126 2128/2128/2128 
f 2128/2128/2128 2127/2127/2127 1550/1550/1550 
f 1550/1550/1550 1552/1552/1552 2128/2128/2128 
f 1558/1558/1558 2128/2128/2128 1552/1552/1552 
f 2129/2129/2129 2130/2130/2130 2131/2131/2131 
f 2130/2130/2130 2129/2129/2129 2132/2132/2132 
f 2129/2129/2129 2133/2133/2133 2132/2132/2132 
f 2133/2133/2133 2129/2129/2129 2134/2134/2134 
f 2135/2135/2135 2133/2133/2133 2134/2134/2134 
f 2133/2133/2133 2135/2135/2135 2136/2136/2136 
f 2137/2137/2137 2136/2136/2136 2135/2135/2135 
f 2136/2136/2136 2137/2137/2137 2138/2138/2138 
f 2137/2137/2137 2139/2139/2139 2138/2138/2138 
f 2139/2139/2139 2137/2137/2137 2140/2140/2140 
f 2141/2141/2141 2139/2139/2139 2140/2140/2140 
f 2140/2140/2140 2142/2142/2142 2141/2141/2141 
f 2143/2143/2143 2141/2141/2141 2142/2142/2142 
f 2142/2142/2142 2144/2144/2144 2143/2143/2143 
f 2141/2141/2141 2143/2143/2143 2145/2145/2145 
f 2146/2146/2146 2143/2143/2143 2144/2144/2144 
f 2147/2147/2147 2145/2145/2145 2143/2143/2143 
f 2143/2143/2143 2146/2146/2146 2147/2147/2147 
f 2145/2145/2145 2147/2147/2147 2148/2148/2148 
f 2149/2149/2149 2147/2147/2147 2146/2146/2146 
f 2150/2150/2150 2148/2148/2148 2147/2147/2147 
f 2147/2147/2147 2149/2149/2149 2150/2150/2150 
f 2148/2148/2148 2150/2150/2150 2151/2151/2151 
f 2149/2149/2149 2152/2152/2152 2150/2150/2150 
f 2153/2153/2153 2151/2151/2151 2150/2150/2150 
f 2150/2150/2150 2152/2152/2152 2153/2153/2153 
f 2151/2151/2151 2153/2153/2153 2154/2154/2154 
f 2152/2152/2152 2155/2155/2155 2153/2153/2153 
f 2153/2153/2153 2156/2156/2156 2154/2154/2154 
f 2153/2153/2153 2155/2155/2155 2157/2157/2157 
f 2156/2156/2156 2153/2153/2153 2157/2157/2157 
f 2158/2158/2158 2159/2159/2159 2160/2160/2160 
f 2159/2159/2159 2158/2158/2158 2161/2161/2161 
f 2162/2162/2162 2158/2158/2158 2160/2160/2160 
f 2158/2158/2158 2162/2162/2162 2163/2163/2163 
f 2162/2162/2162 2164/2164/2164 2163/2163/2163 
f 2165/2165/2165 2164/2164/2164 2162/2162/2162 
f 2164/2164/2164 2165/2165/2165 2166/2166/2166 
f 2165/2165/2165 2167/2167/2167 2166/2166/2166 
f 2168/2168/2168 2166/2166/2166 2167/2167/2167 
f 2166/2166/2166 2168/2168/2168 2169/2169/2169 
f 2168/2168/2168 2170/2170/2170 2169/2169/2169 
f 2170/2170/2170 2171/2171/2171 2169/2169/2169 
f 2170/2170/2170 2172/2172/2172 2171/2171/2171 
f 2171/2171/2171 2172/2172/2172 2173/2173/2173 
f 2172/2172/2172 2170/2170/2170 2174/2174/2174 
f 2175/2175/2175 2173/2173/2173 2172/2172/2172 
f 2174/2174/2174 2176/2176/2176 2172/2172/2172 
f 2175/2175/2175 2172/2172/2172 2176/2176/2176 
f 2176/2176/2176 2174/2174/2174 2177/2177/2177 
f 2176/2176/2176 2178/2178/2178 2175/2175/2175 
f 2177/2177/2177 2179/2179/2179 2176/2176/2176 
f 2178/2178/2178 2176/2176/2176 2179/2179/2179 
f 2179/2179/2179 2177/2177/2177 2180/2180/2180 
f 2179/2179/2179 2181/2181/2181 2178/2178/2178 
f 2179/2179/2179 2180/2180/2180 2182/2182/2182 
f 2181/2181/2181 2179/2179/2179 2182/2182/2182 
f 2183/2183/2183 2182/2182/2182 2180/2180/2180 
f 2182/2182/2182 2184/2184/2184 2181/2181/2181 
f 2185/2185/2185 2182/2182/2182 2183/2183/2183 
f 2184/2184/2184 2182/2182/2182 2186/2186/2186 
f 2182/2182/2182 2185/2185/2185 2186/2186/2186 
f 2187/2187/2187 2188/2188/2188 2189/2189/2189 
f 2188/2188/2188 2190/2190/2190 2189/2189/2189 
f 2188/2188/2188 2187/2187/2187 2191/2191/2191 
f 2192/2192/2192 2191/2191/2191 2187/2187/2187 
f 2187/2187/2187 2193/2193/2193 2192/2192/2192 
f 2189/2189/2189 2190/2190/2190 2194/2194/2194 
f 2194/2194/2194 2190/2190/2190 2195/2195/2195 
f 2194/2194/2194 2195/2195/2195 2196/2196/2196 
f 2197/2197/2197 2198/2198/2198 2199/2199/2199 
f 2198/2198/2198 2197/2197/2197 2200/2200/2200 
f 2200/2200/2200 2201/2201/2201 2198/2198/2198 
f 2201/2201/2201 2202/2202/2202 2198/2198/2198 
f 2199/2199/2199 2203/2203/2203 2197/2197/2197 
f 2203/2203/2203 2199/2199/2199 2204/2204/2204 
f 2205/2205/2205 2203/2203/2203 2204/2204/2204 
f 2205/2205/2205 2204/2204/2204 2206/2206/2206 
f 1727/1727/1727 1725/1725/1725 2207/2207/2207 
f 2207/2207/2207 2208/2208/2208 1727/1727/1727 
f 1727/1727/1727 2208/2208/2208 1718/1718/1718 
f 2208/2208/2208 2207/2207/2207 2209/2209/2209 
f 2209/2209/2209 2210/2210/2210 2208/2208/2208 
f 2208/2208/2208 2210/2210/2210 2211/2211/2211 
f 2210/2210/2210 2212/2212/2212 2211/2211/2211 
f 2208/2208/2208 2213/2213/2213 1718/1718/1718 
f 2213/2213/2213 2208/2208/2208 2211/2211/2211 
f 2211/2211/2211 2212/2212/2212 2214/2214/2214 
f 2213/2213/2213 2211/2211/2211 2214/2214/2214 
f 2215/2215/2215 2214/2214/2214 2212/2212/2212 
f 2214/2214/2214 2215/2215/2215 2216/2216/2216 
f 2214/2214/2214 2216/2216/2216 2213/2213/2213 
f 2215/2215/2215 2217/2217/2217 2216/2216/2216 
f 2213/2213/2213 2216/2216/2216 2217/2217/2217 
f 2217/2217/2217 2215/2215/2215 2218/2218/2218 
f 2218/2218/2218 2219/2219/2219 2217/2217/2217 
f 2217/2217/2217 2219/2219/2219 2220/2220/2220 
f 2213/2213/2213 2217/2217/2217 2220/2220/2220 
f 2219/2219/2219 2221/2221/2221 2220/2220/2220 
f 2213/2213/2213 2220/2220/2220 2221/2221/2221 
f 2221/2221/2221 2219/2219/2219 2222/2222/2222 
f 2222/2222/2222 2223/2223/2223 2221/2221/2221 
f 2223/2223/2223 2222/2222/2222 2224/2224/2224 
f 2225/2225/2225 2223/2223/2223 2224/2224/2224 
f 2226/2226/2226 2221/2221/2221 2223/2223/2223 
f 2221/2221/2221 2226/2226/2226 2213/2213/2213 
f 2227/2227/2227 2223/2223/2223 2225/2225/2225 
f 2227/2227/2227 2226/2226/2226 2223/2223/2223 
f 2228/2228/2228 2227/2227/2227 2225/2225/2225 
f 2227/2227/2227 2228/2228/2228 2229/2229/2229 
f 2227/2227/2227 2229/2229/2229 2226/2226/2226 
f 2230/2230/2230 2229/2229/2229 2228/2228/2228 
f 2229/2229/2229 2230/2230/2230 2231/2231/2231 
f 2226/2226/2226 2229/2229/2229 2231/2231/2231 
f 2230/2230/2230 1700/1700/1700 2231/2231/2231 
f 2231/2231/2231 1700/1700/1700 1699/1699/1699 
f 2226/2226/2226 2231/2231/2231 1699/1699/1699 
f 1699/1699/1699 1698/1698/1698 2226/2226/2226 
f 2226/2226/2226 1698/1698/1698 1686/1686/1686 
f 2232/2232/2232 2226/2226/2226 1686/1686/1686 
f 1686/1686/1686 2233/2233/2233 2232/2232/2232 
f 1686/1686/1686 1703/1703/1703 2233/2233/2233 
f 2226/2226/2226 2232/2232/2232 2234/2234/2234 
f 2233/2233/2233 2234/2234/2234 2232/2232/2232 
f 2235/2235/2235 2226/2226/2226 2234/2234/2234 
f 2226/2226/2226 2235/2235/2235 2213/2213/2213 
f 2236/2236/2236 2234/2234/2234 2233/2233/2233 
f 2236/2236/2236 2233/2233/2233 1703/1703/1703 
f 2234/2234/2234 2236/2236/2236 2235/2235/2235 
f 2236/2236/2236 2213/2213/2213 2235/2235/2235 
f 2236/2236/2236 1703/1703/1703 1718/1718/1718 
f 2213/2213/2213 2236/2236/2236 1718/1718/1718 
f 2237/2237/2237 2238/2238/2238 2239/2239/2239 
f 2238/2238/2238 2237/2237/2237 2240/2240/2240 
f 2241/2241/2241 2240/2240/2240 2237/2237/2237 
f 2240/2240/2240 2241/2241/2241 2242/2242/2242 
f 2243/2243/2243 2242/2242/2242 2241/2241/2241 
f 2242/2242/2242 2243/2243/2243 2244/2244/2244 
f 2245/2245/2245 2244/2244/2244 2243/2243/2243 
f 2244/2244/2244 2245/2245/2245 2246/2246/2246 
f 2247/2247/2247 2248/2248/2248 2249/2249/2249 
f 2248/2248/2248 2247/2247/2247 2250/2250/2250 
f 2250/2250/2250 2251/2251/2251 2248/2248/2248 
f 2251/2251/2251 2250/2250/2250 2252/2252/2252 
f 2252/2252/2252 2253/2253/2253 2251/2251/2251 
f 2252/2252/2252 2254/2254/2254 2253/2253/2253 
f 2254/2254/2254 2255/2255/2255 2253/2253/2253 
f 2255/2255/2255 2254/2254/2254 2256/2256/2256 
f 2257/2257/2257 2258/2258/2258 2259/2259/2259 
f 2259/2259/2259 2258/2258/2258 2260/2260/2260 
f 2260/2260/2260 2261/2261/2261 2259/2259/2259 
f 2262/2262/2262 2259/2259/2259 2261/2261/2261 
f 2263/2263/2263 2260/2260/2260 2258/2258/2258 
f 2257/2257/2257 2263/2263/2263 2258/2258/2258 
f 2260/2260/2260 2263/2263/2263 2264/2264/2264 
f 2265/2265/2265 2264/2264/2264 2263/2263/2263 
f 2257/2257/2257 2265/2265/2265 2263/2263/2263 
f 2264/2264/2264 2265/2265/2265 2266/2266/2266 
f 2259/2259/2259 2262/2262/2262 2267/2267/2267 
f 2259/2259/2259 2267/2267/2267 2257/2257/2257 
f 2268/2268/2268 2267/2267/2267 2262/2262/2262 
f 2269/2269/2269 2266/2266/2266 2265/2265/2265 
f 2257/2257/2257 2269/2269/2269 2265/2265/2265 
f 2266/2266/2266 2269/2269/2269 2270/2270/2270 
f 2271/2271/2271 2257/2257/2257 2267/2267/2267 
f 2267/2267/2267 2268/2268/2268 2271/2271/2271 
f 2257/2257/2257 2272/2272/2272 2269/2269/2269 
f 2272/2272/2272 2270/2270/2270 2269/2269/2269 
f 2271/2271/2271 2272/2272/2272 2257/2257/2257 
f 2268/2268/2268 2272/2272/2272 2271/2271/2271 
f 2270/2270/2270 2272/2272/2272 2273/2273/2273 
f 2272/2272/2272 2268/2268/2268 2273/2273/2273 
f 2274/2274/2274 2275/2275/2275 2276/2276/2276 
f 2276/2276/2276 2275/2275/2275 2277/2277/2277 
f 2278/2278/2278 2277/2277/2277 2275/2275/2275 
f 2275/2275/2275 2279/2279/2279 2278/2278/2278 
f 2277/2277/2277 2280/2280/2280 2276/2276/2276 
f 2274/2274/2274 2276/2276/2276 2280/2280/2280 
f 2280/2280/2280 2277/2277/2277 2281/2281/2281 
f 2279/2279/2279 2275/2275/2275 2282/2282/2282 
f 2275/2275/2275 2274/2274/2274 2282/2282/2282 
f 2282/2282/2282 2283/2283/2283 2279/2279/2279 
f 2283/2283/2283 2282/2282/2282 2284/2284/2284 
f 2284/2284/2284 2282/2282/2282 2274/2274/2274 
f 2281/2281/2281 2285/2285/2285 2280/2280/2280 
f 2274/2274/2274 2280/2280/2280 2285/2285/2285 
f 2285/2285/2285 2281/2281/2281 2286/2286/2286 
f 2286/2286/2286 2287/2287/2287 2285/2285/2285 
f 2274/2274/2274 2285/2285/2285 2287/2287/2287 
f 2287/2287/2287 2286/2286/2286 2288/2288/2288 
f 2284/2284/2284 2274/2274/2274 2289/2289/2289 
f 2274/2274/2274 2287/2287/2287 2289/2289/2289 
f 2289/2289/2289 2283/2283/2283 2284/2284/2284 
f 2288/2288/2288 2289/2289/2289 2287/2287/2287 
f 2290/2290/2290 2283/2283/2283 2289/2289/2289 
f 2289/2289/2289 2288/2288/2288 2290/2290/2290 
f 2291/2291/2291 2292/2292/2292 2293/2293/2293 
f 2292/2292/2292 2291/2291/2291 2294/2294/2294 
f 2295/2295/2295 2292/2292/2292 2294/2294/2294 
f 2292/2292/2292 2295/2295/2295 2296/2296/2296 
f 2295/2295/2295 2297/2297/2297 2296/2296/2296 
f 2297/2297/2297 2295/2295/2295 2298/2298/2298 
f 2299/2299/2299 2300/2300/2300 2301/2301/2301 
f 2301/2301/2301 2300/2300/2300 2302/2302/2302 
f 2301/2301/2301 2303/2303/2303 2299/2299/2299 
f 2303/2303/2303 2301/2301/2301 2304/2304/2304 
f 2305/2305/2305 2303/2303/2303 2304/2304/2304 
f 2306/2306/2306 2303/2303/2303 2305/2305/2305 
f 2307/2307/2307 2308/2308/2308 2309/2309/2309 
f 2308/2308/2308 2307/2307/2307 2310/2310/2310 
f 2309/2309/2309 2311/2311/2311 2307/2307/2307 
f 2312/2312/2312 2308/2308/2308 2310/2310/2310 
f 2312/2312/2312 2313/2313/2313 2308/2308/2308 
f 2314/2314/2314 2313/2313/2313 2312/2312/2312 
f 2311/2311/2311 2309/2309/2309 2315/2315/2315 
f 2316/2316/2316 2311/2311/2311 2315/2315/2315 
f 2311/2311/2311 2316/2316/2316 2317/2317/2317 
f 2316/2316/2316 2318/2318/2318 2317/2317/2317 
f 2318/2318/2318 2316/2316/2316 2319/2319/2319 
f 2320/2320/2320 2318/2318/2318 2319/2319/2319 
f 2319/2319/2319 2321/2321/2321 2320/2320/2320 
f 2322/2322/2322 2323/2323/2323 2324/2324/2324 
f 2325/2325/2325 2324/2324/2324 2323/2323/2323 
f 2326/2326/2326 2325/2325/2325 2323/2323/2323 
f 2327/2327/2327 2325/2325/2325 2326/2326/2326 
f 2323/2323/2323 2322/2322/2322 2328/2328/2328 
f 2329/2329/2329 2328/2328/2328 2322/2322/2322 
f 2328/2328/2328 2329/2329/2329 2330/2330/2330 
f 2329/2329/2329 2331/2331/2331 2330/2330/2330 
f 2331/2331/2331 2329/2329/2329 2332/2332/2332 
f 2333/2333/2333 2331/2331/2331 2332/2332/2332 
f 2331/2331/2331 2333/2333/2333 2334/2334/2334 
f 2334/2334/2334 2333/2333/2333 2335/2335/2335 
f 2336/2336/2336 2334/2334/2334 2335/2335/2335 
f 2337/2337/2337 1823/1823/1823 1824/1824/1824 
f 1821/1821/1821 2337/2337/2337 1824/1824/1824 
f 1823/1823/1823 2337/2337/2337 2338/2338/2338 
f 2337/2337/2337 2339/2339/2339 2338/2338/2338 
f 2339/2339/2339 2337/2337/2337 2340/2340/2340 
f 1821/1821/1821 2340/2340/2340 2337/2337/2337 
f 2341/2341/2341 2339/2339/2339 2340/2340/2340 
f 1821/1821/1821 2341/2341/2341 2340/2340/2340 
f 2339/2339/2339 2341/2341/2341 2342/2342/2342 
f 2343/2343/2343 2342/2342/2342 2341/2341/2341 
f 2342/2342/2342 2343/2343/2343 2344/2344/2344 
f 2345/2345/2345 2344/2344/2344 2343/2343/2343 
f 2346/2346/2346 2343/2343/2343 2341/2341/2341 
f 2341/2341/2341 1821/1821/1821 2346/2346/2346 
f 2343/2343/2343 2347/2347/2347 2345/2345/2345 
f 2347/2347/2347 2343/2343/2343 2346/2346/2346 
f 2347/2347/2347 2348/2348/2348 2345/2345/2345 
f 2348/2348/2348 2347/2347/2347 2349/2349/2349 
f 2347/2347/2347 2346/2346/2346 2349/2349/2349 
f 2349/2349/2349 2350/2350/2350 2348/2348/2348 
f 2350/2350/2350 2349/2349/2349 2351/2351/2351 
f 2346/2346/2346 2351/2351/2351 2349/2349/2349 
f 2351/2351/2351 1787/1787/1787 2350/2350/2350 
f 1787/1787/1787 2351/2351/2351 1786/1786/1786 
f 2346/2346/2346 1786/1786/1786 2351/2351/2351 
f 1786/1786/1786 2346/2346/2346 1785/1785/1785 
f 2346/2346/2346 1772/1772/1772 1785/1785/1785 
f 2346/2346/2346 2352/2352/2352 1772/1772/1772 
f 2352/2352/2352 2353/2353/2353 1772/1772/1772 
f 1790/1790/1790 1772/1772/1772 2353/2353/2353 
f 2352/2352/2352 2346/2346/2346 2354/2354/2354 
f 2353/2353/2353 2352/2352/2352 2354/2354/2354 
f 2346/2346/2346 2355/2355/2355 2354/2354/2354 
f 2355/2355/2355 2346/2346/2346 1821/1821/1821 
f 2354/2354/2354 2356/2356/2356 2353/2353/2353 
f 2356/2356/2356 2354/2354/2354 2355/2355/2355 
f 2356/2356/2356 1790/1790/1790 2353/2353/2353 
f 1821/1821/1821 2356/2356/2356 2355/2355/2355 
f 1790/1790/1790 2356/2356/2356 1807/1807/1807 
f 2356/2356/2356 1821/1821/1821 1807/1807/1807 
f 2357/2357/2357 2358/2358/2358 2359/2359/2359 
f 2358/2358/2358 2360/2360/2360 2359/2359/2359 
f 2359/2359/2359 2361/2361/2361 2357/2357/2357 
f 2361/2361/2361 2359/2359/2359 2362/2362/2362 
f 2362/2362/2362 2363/2363/2363 2361/2361/2361 
f 2363/2363/2363 2362/2362/2362 2364/2364/2364 
f 2365/2365/2365 2363/2363/2363 2364/2364/2364 
f 2363/2363/2363 2365/2365/2365 2366/2366/2366 
f 2365/2365/2365 2367/2367/2367 2366/2366/2366 
f 2366/2366/2366 2367/2367/2367 2368/2368/2368 
f 2369/2369/2369 2368/2368/2368 2367/2367/2367 
f 2368/2368/2368 2369/2369/2369 2370/2370/2370 
f 2371/2371/2371 2370/2370/2370 2369/2369/2369 
f 2370/2370/2370 2371/2371/2371 2372/2372/2372 
f 2371/2371/2371 2373/2373/2373 2372/2372/2372 
f 2372/2372/2372 2373/2373/2373 2374/2374/2374 
f 2373/2373/2373 2375/2375/2375 2374/2374/2374 
f 2375/2375/2375 2373/2373/2373 2376/2376/2376 
f 2376/2376/2376 2377/2377/2377 2375/2375/2375 
f 2378/2378/2378 2379/2379/2379 2380/2380/2380 
f 2379/2379/2379 2378/2378/2378 2381/2381/2381 
f 2382/2382/2382 2379/2379/2379 2381/2381/2381 
f 2383/2383/2383 2379/2379/2379 2382/2382/2382 
f 2384/2384/2384 2383/2383/2383 2382/2382/2382 
f 2383/2383/2383 2384/2384/2384 2385/2385/2385 
f 2384/2384/2384 2386/2386/2386 2385/2385/2385 
f 2386/2386/2386 2384/2384/2384 2387/2387/2387 
f 2388/2388/2388 2386/2386/2386 2387/2387/2387 
f 2387/2387/2387 2389/2389/2389 2388/2388/2388 
f 2389/2389/2389 2390/2390/2390 2388/2388/2388 
f 2390/2390/2390 2389/2389/2389 2391/2391/2391 
f 2392/2392/2392 2390/2390/2390 2391/2391/2391 
f 2391/2391/2391 2393/2393/2393 2392/2392/2392 
f 2394/2394/2394 2392/2392/2392 2393/2393/2393 
f 2393/2393/2393 2395/2395/2395 2394/2394/2394 
f 2396/2396/2396 2394/2394/2394 2395/2395/2395 
f 2394/2394/2394 2396/2396/2396 2397/2397/2397 
f 2398/2398/2398 2397/2397/2397 2396/2396/2396 
f 2399/2399/2399 2400/2400/2400 2401/2401/2401 
f 2402/2402/2402 2401/2401/2401 2400/2400/2400 
f 2400/2400/2400 2403/2403/2403 2402/2402/2402 
f 2403/2403/2403 2404/2404/2404 2402/2402/2402 
f 2402/2402/2402 2404/2404/2404 2405/2405/2405 
f 2404/2404/2404 2406/2406/2406 2405/2405/2405 
f 2405/2405/2405 2406/2406/2406 2407/2407/2407 
f 2406/2406/2406 2408/2408/2408 2407/2407/2407 
f 2408/2408/2408 2406/2406/2406 2409/2409/2409 
f 2409/2409/2409 2410/2410/2410 2408/2408/2408 
f 2410/2410/2410 2409/2409/2409 2411/2411/2411 
f 2411/2411/2411 2412/2412/2412 2410/2410/2410 
f 2411/2411/2411 2413/2413/2413 2412/2412/2412 
f 2413/2413/2413 2414/2414/2414 2412/2412/2412 
f 2414/2414/2414 2413/2413/2413 2415/2415/2415 
f 2415/2415/2415 2416/2416/2416 2414/2414/2414 
f 2416/2416/2416 2415/2415/2415 2417/2417/2417 
f 2417/2417/2417 2418/2418/2418 2416/2416/2416 
f 2418/2418/2418 2417/2417/2417 2419/2419/2419 
f 2420/2420/2420 2418/2418/2418 2419/2419/2419 
f 2418/2418/2418 2420/2420/2420 2421/2421/2421 
f 2420/2420/2420 2422/2422/2422 2421/2421/2421 
f 2422/2422/2422 2420/2420/2420 2423/2423/2423 
f 2422/2422/2422 2423/2423/2423 2424/2424/2424 
f 2425/2425/2425 2422/2422/2422 2424/2424/2424 
f 2426/2426/2426 2425/2425/2425 2424/2424/2424 
f 2425/2425/2425 2426/2426/2426 2427/2427/2427 
f 2428/2428/2428 2429/2429/2429 2430/2430/2430 
f 2430/2430/2430 2429/2429/2429 2431/2431/2431 
f 2432/2432/2432 2430/2430/2430 2431/2431/2431 
f 2431/2431/2431 2433/2433/2433 2432/2432/2432 
f 2433/2433/2433 2431/2431/2431 2434/2434/2434 
f 2434/2434/2434 2435/2435/2435 2433/2433/2433 
f 2435/2435/2435 2434/2434/2434 2436/2436/2436 
f 2437/2437/2437 2435/2435/2435 2436/2436/2436 
f 2435/2435/2435 2437/2437/2437 2438/2438/2438 
f 2439/2439/2439 2438/2438/2438 2437/2437/2437 
f 2438/2438/2438 2439/2439/2439 2440/2440/2440 
f 2441/2441/2441 2440/2440/2440 2439/2439/2439 
f 2440/2440/2440 2441/2441/2441 2442/2442/2442 
f 2443/2443/2443 2442/2442/2442 2441/2441/2441 
f 2442/2442/2442 2443/2443/2443 2444/2444/2444 
f 2445/2445/2445 2444/2444/2444 2443/2443/2443 
f 2444/2444/2444 2445/2445/2445 2446/2446/2446 
f 2447/2447/2447 2446/2446/2446 2445/2445/2445 
f 2446/2446/2446 2447/2447/2447 2448/2448/2448 
f 2447/2447/2447 2449/2449/2449 2448/2448/2448 
f 2449/2449/2449 2447/2447/2447 2450/2450/2450 
f 2450/2450/2450 2451/2451/2451 2449/2449/2449 
f 2449/2449/2449 2451/2451/2451 2452/2452/2452 
f 2453/2453/2453 2452/2452/2452 2451/2451/2451 
f 2451/2451/2451 2454/2454/2454 2453/2453/2453 
f 2454/2454/2454 2455/2455/2455 2453/2453/2453 
f 2455/2455/2455 2454/2454/2454 2456/2456/2456 
f 2457/2457/2457 2458/2458/2458 1543/1543/1543 
f 2458/2458/2458 2457/2457/2457 2459/2459/2459 
f 2459/2459/2459 2460/2460/2460 2458/2458/2458 
f 2457/2457/2457 2461/2461/2461 2459/2459/2459 
f 2462/2462/2462 2458/2458/2458 2460/2460/2460 
f 2461/2461/2461 2457/2457/2457 2463/2463/2463 
f 2463/2463/2463 2457/2457/2457 1543/1543/1543 
f 2463/2463/2463 2464/2464/2464 2461/2461/2461 
f 2464/2464/2464 2463/2463/2463 1543/1543/1543 
f 2465/2465/2465 2461/2461/2461 2464/2464/2464 
f 2458/2458/2458 2462/2462/2462 2466/2466/2466 
f 1543/1543/1543 2458/2458/2458 2466/2466/2466 
f 2462/2462/2462 2467/2467/2467 2466/2466/2466 
f 2466/2466/2466 2467/2467/2467 2468/2468/2468 
f 1543/1543/1543 2466/2466/2466 2468/2468/2468 
f 2467/2467/2467 1542/1542/1542 2468/2468/2468 
f 1542/1542/1542 1543/1543/1543 2468/2468/2468 
f 1542/1542/1542 2467/2467/2467 1541/1541/1541 
f 2469/2469/2469 2465/2465/2465 2464/2464/2464 
f 2470/2470/2470 2465/2465/2465 2469/2469/2469 
f 2464/2464/2464 1543/1543/1543 1545/1545/1545 
f 1545/1545/1545 2469/2469/2469 2464/2464/2464 
f 2469/2469/2469 2471/2471/2471 2470/2470/2470 
f 1545/1545/1545 2471/2471/2471 2469/2469/2469 
f 2472/2472/2472 2470/2470/2470 2471/2471/2471 
f 2471/2471/2471 2473/2473/2473 2472/2472/2472 
f 2471/2471/2471 2474/2474/2474 2473/2473/2473 
f 1545/1545/1545 2474/2474/2474 2471/2471/2471 
f 2475/2475/2475 2473/2473/2473 2474/2474/2474 
f 2475/2475/2475 2474/2474/2474 1545/1545/1545 
f 2473/2473/2473 2475/2475/2475 2476/2476/2476 
f 2475/2475/2475 2477/2477/2477 2476/2476/2476 
f 1545/1545/1545 2477/2477/2477 2475/2475/2475 
f 2476/2476/2476 2477/2477/2477 2478/2478/2478 
f 2479/2479/2479 2478/2478/2478 2477/2477/2477 
f 1545/1545/1545 2479/2479/2479 2477/2477/2477 
f 2478/2478/2478 2479/2479/2479 2480/2480/2480 
f 2479/2479/2479 2481/2481/2481 2480/2480/2480 
f 2481/2481/2481 2479/2479/2479 2482/2482/2482 
f 2482/2482/2482 2483/2483/2483 2481/2481/2481 
f 1545/1545/1545 1507/1507/1507 2479/2479/2479 
f 1507/1507/1507 2482/2482/2482 2479/2479/2479 
f 2483/2483/2483 2482/2482/2482 2484/2484/2484 
f 1507/1507/1507 2484/2484/2484 2482/2482/2482 
f 1505/1505/1505 2483/2483/2483 2484/2484/2484 
f 1505/1505/1505 2484/2484/2484 1506/1506/1506 
f 1507/1507/1507 1506/1506/1506 2484/2484/2484 
f 2485/2485/2485 679/679/679 680/680/680 
f 679/679/679 2485/2485/2485 2486/2486/2486 
f 670/670/670 2487/2487/2487 680/680/680 
f 2485/2485/2485 680/680/680 2487/2487/2487 
f 670/670/670 2488/2488/2488 2487/2487/2487 
f 2486/2486/2486 2485/2485/2485 2489/2489/2489 
f 2489/2489/2489 2490/2490/2490 2486/2486/2486 
f 2489/2489/2489 2491/2491/2491 2490/2490/2490 
f 2492/2492/2492 2491/2491/2491 2489/2489/2489 
f 2489/2489/2489 2493/2493/2493 2492/2492/2492 
f 2493/2493/2493 2489/2489/2489 2485/2485/2485 
f 2485/2485/2485 2494/2494/2494 2493/2493/2493 
f 2487/2487/2487 2494/2494/2494 2485/2485/2485 
f 2488/2488/2488 2494/2494/2494 2487/2487/2487 
f 2495/2495/2495 2488/2488/2488 670/670/670 
f 668/668/668 2495/2495/2495 670/670/670 
f 2496/2496/2496 2494/2494/2494 2488/2488/2488 
f 2495/2495/2495 668/668/668 669/669/669 
f 2495/2495/2495 2497/2497/2497 2488/2488/2488 
f 2488/2488/2488 2497/2497/2497 2496/2496/2496 
f 669/669/669 2498/2498/2498 2495/2495/2495 
f 2496/2496/2496 2497/2497/2497 2499/2499/2499 
f 2498/2498/2498 669/669/669 2500/2500/2500 
f 2501/2501/2501 2494/2494/2494 2496/2496/2496 
f 2499/2499/2499 2502/2502/2502 2496/2496/2496 
f 2501/2501/2501 2496/2496/2496 2502/2502/2502 
f 2502/2502/2502 2499/2499/2499 2503/2503/2503 
f 2501/2501/2501 2502/2502/2502 2504/2504/2504 
f 2503/2503/2503 2505/2505/2505 2502/2502/2502 
f 2502/2502/2502 2505/2505/2505 2504/2504/2504 
f 669/669/669 2506/2506/2506 2500/2500/2500 
f 2506/2506/2506 2507/2507/2507 2500/2500/2500 
f 671/671/671 2506/2506/2506 669/669/669 
f 2506/2506/2506 2508/2508/2508 2507/2507/2507 
f 2506/2506/2506 671/671/671 2509/2509/2509 
f 2509/2509/2509 2508/2508/2508 2506/2506/2506 
f 2510/2510/2510 704/704/704 703/703/703 
f 703/703/703 2511/2511/2511 2510/2510/2510 
f 694/694/694 704/704/704 2512/2512/2512 
f 2510/2510/2510 2512/2512/2512 704/704/704 
f 2510/2510/2510 2511/2511/2511 2513/2513/2513 
f 2511/2511/2511 2514/2514/2514 2513/2513/2513 
f 2513/2513/2513 2514/2514/2514 2515/2515/2515 
f 2516/2516/2516 2513/2513/2513 2515/2515/2515 
f 2517/2517/2517 2513/2513/2513 2516/2516/2516 
f 2513/2513/2513 2517/2517/2517 2510/2510/2510 
f 2510/2510/2510 2517/2517/2517 2518/2518/2518 
f 2512/2512/2512 2510/2510/2510 2518/2518/2518 
f 2519/2519/2519 2512/2512/2512 2518/2518/2518 
f 694/694/694 2512/2512/2512 2519/2519/2519 
f 2520/2520/2520 2519/2519/2519 2518/2518/2518 
f 2521/2521/2521 2520/2520/2520 2518/2518/2518 
f 2522/2522/2522 694/694/694 2519/2519/2519 
f 691/691/691 694/694/694 2522/2522/2522 
f 2523/2523/2523 2519/2519/2519 2520/2520/2520 
f 2519/2519/2519 2523/2523/2523 2522/2522/2522 
f 2520/2520/2520 2524/2524/2524 2523/2523/2523 
f 691/691/691 2522/2522/2522 692/692/692 
f 2522/2522/2522 2525/2525/2525 692/692/692 
f 2525/2525/2525 2526/2526/2526 692/692/692 
f 2526/2526/2526 2527/2527/2527 692/692/692 
f 2527/2527/2527 693/693/693 692/692/692 
f 2526/2526/2526 2528/2528/2528 2527/2527/2527 
f 693/693/693 2527/2527/2527 2529/2529/2529 
f 2527/2527/2527 2528/2528/2528 2530/2530/2530 
f 2529/2529/2529 2527/2527/2527 2530/2530/2530 
f 2531/2531/2531 2524/2524/2524 2520/2520/2520 
f 2520/2520/2520 2521/2521/2521 2531/2531/2531 
f 2524/2524/2524 2531/2531/2531 2532/2532/2532 
f 2531/2531/2531 2521/2521/2521 2533/2533/2533 
f 2532/2532/2532 2531/2531/2531 2534/2534/2534 
f 2531/2531/2531 2533/2533/2533 2534/2534/2534 
f 2535/2535/2535 2536/2536/2536 2537/2537/2537 
f 2536/2536/2536 2538/2538/2538 2537/2537/2537 
f 2538/2538/2538 2536/2536/2536 2539/2539/2539 
f 2540/2540/2540 2539/2539/2539 2536/2536/2536 
f 2541/2541/2541 2537/2537/2537 2538/2538/2538 
f 2537/2537/2537 2541/2541/2541 2535/2535/2535 
f 2538/2538/2538 2542/2542/2542 2541/2541/2541 
f 2536/2536/2536 2543/2543/2543 2540/2540/2540 
f 2543/2543/2543 2536/2536/2536 2535/2535/2535 
f 2544/2544/2544 2540/2540/2540 2543/2543/2543 
f 2535/2535/2535 2544/2544/2544 2543/2543/2543 
f 2540/2540/2540 2544/2544/2544 2545/2545/2545 
f 2546/2546/2546 2541/2541/2541 2542/2542/2542 
f 2535/2535/2535 2541/2541/2541 2546/2546/2546 
f 2542/2542/2542 2547/2547/2547 2546/2546/2546 
f 2548/2548/2548 2546/2546/2546 2547/2547/2547 
f 2549/2549/2549 2545/2545/2545 2544/2544/2544 
f 2535/2535/2535 2549/2549/2549 2544/2544/2544 
f 2545/2545/2545 2549/2549/2549 2550/2550/2550 
f 2535/2535/2535 2546/2546/2546 2551/2551/2551 
f 2546/2546/2546 2548/2548/2548 2551/2551/2551 
f 2552/2552/2552 2551/2551/2551 2548/2548/2548 
f 2552/2552/2552 2535/2535/2535 2551/2551/2551 
f 2548/2548/2548 2553/2553/2553 2552/2552/2552 
f 2554/2554/2554 2549/2549/2549 2535/2535/2535 
f 2554/2554/2554 2550/2550/2550 2549/2549/2549 
f 2535/2535/2535 2552/2552/2552 2554/2554/2554 
f 2554/2554/2554 2552/2552/2552 2553/2553/2553 
f 2550/2550/2550 2554/2554/2554 2555/2555/2555 
f 2553/2553/2553 2555/2555/2555 2554/2554/2554 
f 2556/2556/2556 2557/2557/2557 2558/2558/2558 
f 2559/2559/2559 2558/2558/2558 2557/2557/2557 
f 2558/2558/2558 2559/2559/2559 2560/2560/2560 
f 2561/2561/2561 2558/2558/2558 2560/2560/2560 
f 2557/2557/2557 2562/2562/2562 2559/2559/2559 
f 2557/2557/2557 2556/2556/2556 2562/2562/2562 
f 2562/2562/2562 2563/2563/2563 2559/2559/2559 
f 2564/2564/2564 2558/2558/2558 2561/2561/2561 
f 2564/2564/2564 2556/2556/2556 2558/2558/2558 
f 2561/2561/2561 2565/2565/2565 2564/2564/2564 
f 2556/2556/2556 2564/2564/2564 2565/2565/2565 
f 2565/2565/2565 2561/2561/2561 2566/2566/2566 
f 2562/2562/2562 2567/2567/2567 2563/2563/2563 
f 2556/2556/2556 2567/2567/2567 2562/2562/2562 
f 2567/2567/2567 2568/2568/2568 2563/2563/2563 
f 2567/2567/2567 2569/2569/2569 2568/2568/2568 
f 2566/2566/2566 2570/2570/2570 2565/2565/2565 
f 2556/2556/2556 2565/2565/2565 2570/2570/2570 
f 2570/2570/2570 2566/2566/2566 2571/2571/2571 
f 2556/2556/2556 2572/2572/2572 2567/2567/2567 
f 2569/2569/2569 2567/2567/2567 2572/2572/2572 
f 2573/2573/2573 2556/2556/2556 2570/2570/2570 
f 2571/2571/2571 2573/2573/2573 2570/2570/2570 
f 2573/2573/2573 2571/2571/2571 2574/2574/2574 
f 2575/2575/2575 2573/2573/2573 2574/2574/2574 
f 2572/2572/2572 2576/2576/2576 2569/2569/2569 
f 2569/2569/2569 2576/2576/2576 2575/2575/2575 
f 2576/2576/2576 2572/2572/2572 2556/2556/2556 
f 2576/2576/2576 2573/2573/2573 2575/2575/2575 
f 2556/2556/2556 2573/2573/2573 2576/2576/2576 
f 2577/2577/2577 2578/2578/2578 2579/2579/2579 
f 2580/2580/2580 2581/2581/2581 2582/2582/2582 
f 2583/2583/2583 2584/2584/2584 2585/2585/2585 
f 2583/2583/2583 2586/2586/2586 2584/2584/2584 
f 2586/2586/2586 2583/2583/2583 2587/2587/2587 
f 2586/2586/2586 2588/2588/2588 2584/2584/2584 
f 2588/2588/2588 2585/2585/2585 2584/2584/2584 
f 2588/2588/2588 2586/2586/2586 2589/2589/2589 
f 2590/2590/2590 2588/2588/2588 2589/2589/2589 
f 2591/2591/2591 2587/2587/2587 2583/2583/2583 
f 2583/2583/2583 2585/2585/2585 2591/2591/2591 
f 2587/2587/2587 2591/2591/2591 2592/2592/2592 
f 2591/2591/2591 2593/2593/2593 2592/2592/2592 
f 2588/2588/2588 2590/2590/2590 2594/2594/2594 
f 2585/2585/2585 2588/2588/2588 2594/2594/2594 
f 2595/2595/2595 2594/2594/2594 2590/2590/2590 
f 2594/2594/2594 2595/2595/2595 2596/2596/2596 
f 2594/2594/2594 2596/2596/2596 2585/2585/2585 
f 2593/2593/2593 2591/2591/2591 2597/2597/2597 
f 2591/2591/2591 2585/2585/2585 2597/2597/2597 
f 2598/2598/2598 2593/2593/2593 2597/2597/2597 
f 2595/2595/2595 2599/2599/2599 2596/2596/2596 
f 2585/2585/2585 2596/2596/2596 2599/2599/2599 
f 2595/2595/2595 2600/2600/2600 2599/2599/2599 
f 2601/2601/2601 2599/2599/2599 2600/2600/2600 
f 2602/2602/2602 2585/2585/2585 2599/2599/2599 
f 2599/2599/2599 2601/2601/2601 2602/2602/2602 
f 2585/2585/2585 2603/2603/2603 2597/2597/2597 
f 2597/2597/2597 2603/2603/2603 2598/2598/2598 
f 2585/2585/2585 2602/2602/2602 2603/2603/2603 
f 2603/2603/2603 2601/2601/2601 2598/2598/2598 
f 2603/2603/2603 2602/2602/2602 2601/2601/2601 
f 2604/2604/2604 2605/2605/2605 2606/2606/2606 
f 2607/2607/2607 2604/2604/2604 2606/2606/2606 
f 2604/2604/2604 2607/2607/2607 2608/2608/2608 
f 2609/2609/2609 2607/2607/2607 2606/2606/2606 
f 2609/2609/2609 2606/2606/2606 2605/2605/2605 
f 2607/2607/2607 2609/2609/2609 2610/2610/2610 
f 2609/2609/2609 2611/2611/2611 2610/2610/2610 
f 2608/2608/2608 2612/2612/2612 2604/2604/2604 
f 2604/2604/2604 2612/2612/2612 2605/2605/2605 
f 2612/2612/2612 2608/2608/2608 2613/2613/2613 
f 2614/2614/2614 2612/2612/2612 2613/2613/2613 
f 2611/2611/2611 2609/2609/2609 2615/2615/2615 
f 2605/2605/2605 2615/2615/2615 2609/2609/2609 
f 2615/2615/2615 2616/2616/2616 2611/2611/2611 
f 2616/2616/2616 2615/2615/2615 2617/2617/2617 
f 2615/2615/2615 2605/2605/2605 2617/2617/2617 
f 2618/2618/2618 2612/2612/2612 2614/2614/2614 
f 2612/2612/2612 2618/2618/2618 2605/2605/2605 
f 2619/2619/2619 2618/2618/2618 2614/2614/2614 
f 2617/2617/2617 2620/2620/2620 2616/2616/2616 
f 2605/2605/2605 2620/2620/2620 2617/2617/2617 
f 2621/2621/2621 2616/2616/2616 2620/2620/2620 
f 2620/2620/2620 2622/2622/2622 2621/2621/2621 
f 2623/2623/2623 2620/2620/2620 2605/2605/2605 
f 2622/2622/2622 2620/2620/2620 2623/2623/2623 
f 2605/2605/2605 2618/2618/2618 2624/2624/2624 
f 2624/2624/2624 2618/2618/2618 2619/2619/2619 
f 2605/2605/2605 2624/2624/2624 2623/2623/2623 
f 2622/2622/2622 2624/2624/2624 2619/2619/2619 
f 2624/2624/2624 2622/2622/2622 2623/2623/2623 
f 2625/2625/2625 2626/2626/2626 2627/2627/2627 
f 2628/2628/2628 2625/2625/2625 2627/2627/2627 
f 2625/2625/2625 2628/2628/2628 2629/2629/2629 
f 2630/2630/2630 2628/2628/2628 2627/2627/2627 
f 2626/2626/2626 2630/2630/2630 2627/2627/2627 
f 2631/2631/2631 2628/2628/2628 2630/2630/2630 
f 2632/2632/2632 2631/2631/2631 2630/2630/2630 
f 2626/2626/2626 2632/2632/2632 2630/2630/2630 
f 2631/2631/2631 2632/2632/2632 2633/2633/2633 
f 2629/2629/2629 2634/2634/2634 2625/2625/2625 
f 2626/2626/2626 2625/2625/2625 2634/2634/2634 
f 2629/2629/2629 2635/2635/2635 2634/2634/2634 
f 2636/2636/2636 2634/2634/2634 2635/2635/2635 
f 2637/2637/2637 2633/2633/2633 2632/2632/2632 
f 2637/2637/2637 2632/2632/2632 2626/2626/2626 
f 2633/2633/2633 2637/2637/2637 2638/2638/2638 
f 2637/2637/2637 2639/2639/2639 2638/2638/2638 
f 2634/2634/2634 2636/2636/2636 2640/2640/2640 
f 2626/2626/2626 2634/2634/2634 2640/2640/2640 
f 2641/2641/2641 2640/2640/2640 2636/2636/2636 
f 2637/2637/2637 2642/2642/2642 2639/2639/2639 
f 2640/2640/2640 2641/2641/2641 2643/2643/2643 
f 2637/2637/2637 2644/2644/2644 2642/2642/2642 
f 2644/2644/2644 2637/2637/2637 2626/2626/2626 
f 2645/2645/2645 2639/2639/2639 2642/2642/2642 
f 2642/2642/2642 2644/2644/2644 2645/2645/2645 
f 2639/2639/2639 2645/2645/2645 2646/2646/2646 
f 2645/2645/2645 2647/2647/2647 2646/2646/2646 
f 2647/2647/2647 2645/2645/2645 2648/2648/2648 
f 2644/2644/2644 2648/2648/2648 2645/2645/2645 
f 2649/2649/2649 2647/2647/2647 2648/2648/2648 
f 2648/2648/2648 2644/2644/2644 2649/2649/2649 
f 2650/2650/2650 2647/2647/2647 2649/2649/2649 
f 2649/2649/2649 2651/2651/2651 2650/2650/2650 
f 2651/2651/2651 2649/2649/2649 2652/2652/2652 
f 2644/2644/2644 2652/2652/2652 2649/2649/2649 
f 2653/2653/2653 2651/2651/2651 2652/2652/2652 
f 2653/2653/2653 2652/2652/2652 2644/2644/2644 
f 2651/2651/2651 2653/2653/2653 2654/2654/2654 
f 2655/2655/2655 2654/2654/2654 2653/2653/2653 
f 2653/2653/2653 2656/2656/2656 2655/2655/2655 
f 2657/2657/2657 2655/2655/2655 2656/2656/2656 
f 2658/2658/2658 2656/2656/2656 2653/2653/2653 
f 2658/2658/2658 2653/2653/2653 2644/2644/2644 
f 2656/2656/2656 2659/2659/2659 2657/2657/2657 
f 2659/2659/2659 2656/2656/2656 2658/2658/2658 
f 2659/2659/2659 2660/2660/2660 2657/2657/2657 
f 2660/2660/2660 2659/2659/2659 2661/2661/2661 
f 2658/2658/2658 2661/2661/2661 2659/2659/2659 
f 2662/2662/2662 2660/2660/2660 2661/2661/2661 
f 2661/2661/2661 2658/2658/2658 2662/2662/2662 
f 2660/2660/2660 2662/2662/2662 2663/2663/2663 
f 2664/2664/2664 2663/2663/2663 2662/2662/2662 
f 2658/2658/2658 2664/2664/2664 2662/2662/2662 
f 2665/2665/2665 2666/2666/2666 2667/2667/2667 
f 2665/2665/2665 2668/2668/2668 2666/2666/2666 
f 2668/2668/2668 2665/2665/2665 2669/2669/2669 
f 2670/2670/2670 2666/2666/2666 2668/2668/2668 
f 2667/2667/2667 2666/2666/2666 2670/2670/2670 
f 2668/2668/2668 2671/2671/2671 2670/2670/2670 
f 2671/2671/2671 2672/2672/2672 2670/2670/2670 
f 2667/2667/2667 2670/2670/2670 2672/2672/2672 
f 2672/2672/2672 2671/2671/2671 2673/2673/2673 
f 2665/2665/2665 2674/2674/2674 2669/2669/2669 
f 2667/2667/2667 2674/2674/2674 2665/2665/2665 
f 2675/2675/2675 2669/2669/2669 2674/2674/2674 
f 2674/2674/2674 2676/2676/2676 2675/2675/2675 
f 2673/2673/2673 2677/2677/2677 2672/2672/2672 
f 2677/2677/2677 2667/2667/2667 2672/2672/2672 
f 2677/2677/2677 2673/2673/2673 2678/2678/2678 
f 2679/2679/2679 2677/2677/2677 2678/2678/2678 
f 2676/2676/2676 2674/2674/2674 2680/2680/2680 
f 2667/2667/2667 2680/2680/2680 2674/2674/2674 
f 2680/2680/2680 2681/2681/2681 2676/2676/2676 
f 2677/2677/2677 2679/2679/2679 2682/2682/2682 
f 2681/2681/2681 2680/2680/2680 2683/2683/2683 
f 2684/2684/2684 2667/2667/2667 2677/2677/2677 
f 2677/2677/2677 2682/2682/2682 2684/2684/2684 
f 2679/2679/2679 2685/2685/2685 2682/2682/2682 
f 2682/2682/2682 2685/2685/2685 2684/2684/2684 
f 2685/2685/2685 2679/2679/2679 2686/2686/2686 
f 2687/2687/2687 2685/2685/2685 2686/2686/2686 
f 2685/2685/2685 2687/2687/2687 2688/2688/2688 
f 2684/2684/2684 2685/2685/2685 2688/2688/2688 
f 2689/2689/2689 2688/2688/2688 2687/2687/2687 
f 2688/2688/2688 2689/2689/2689 2684/2684/2684 
f 2687/2687/2687 2690/2690/2690 2689/2689/2689 
f 2691/2691/2691 2689/2689/2689 2690/2690/2690 
f 2689/2689/2689 2691/2691/2691 2692/2692/2692 
f 2684/2684/2684 2689/2689/2689 2692/2692/2692 
f 2691/2691/2691 2693/2693/2693 2692/2692/2692 
f 2693/2693/2693 2684/2684/2684 2692/2692/2692 
f 2693/2693/2693 2691/2691/2691 2694/2694/2694 
f 2695/2695/2695 2693/2693/2693 2694/2694/2694 
f 2696/2696/2696 2693/2693/2693 2695/2695/2695 
f 2695/2695/2695 2697/2697/2697 2696/2696/2696 
f 2698/2698/2698 2693/2693/2693 2696/2696/2696 
f 2698/2698/2698 2684/2684/2684 2693/2693/2693 
f 2699/2699/2699 2696/2696/2696 2697/2697/2697 
f 2699/2699/2699 2698/2698/2698 2696/2696/2696 
f 2700/2700/2700 2699/2699/2699 2697/2697/2697 
f 2699/2699/2699 2700/2700/2700 2701/2701/2701 
f 2698/2698/2698 2699/2699/2699 2701/2701/2701 
f 2700/2700/2700 2702/2702/2702 2701/2701/2701 
f 2701/2701/2701 2702/2702/2702 2698/2698/2698 
f 2702/2702/2702 2700/2700/2700 2703/2703/2703 
f 2703/2703/2703 2704/2704/2704 2702/2702/2702 
f 2698/2698/2698 2702/2702/2702 2704/2704/2704 
f 2705/2705/2705 2706/2706/2706 2707/2707/2707 
f 2706/2706/2706 2705/2705/2705 2708/2708/2708 
f 2705/2705/2705 2709/2709/2709 2708/2708/2708 
f 2709/2709/2709 2705/2705/2705 2710/2710/2710 
f 2710/2710/2710 2711/2711/2711 2709/2709/2709 
f 2709/2709/2709 2711/2711/2711 2712/2712/2712 
f 2713/2713/2713 2714/2714/2714 2715/2715/2715 
f 2715/2715/2715 2714/2714/2714 2716/2716/2716 
f 2717/2717/2717 2714/2714/2714 2713/2713/2713 
f 2714/2714/2714 2717/2717/2717 2718/2718/2718 
f 2719/2719/2719 2718/2718/2718 2717/2717/2717 
f 2717/2717/2717 2720/2720/2720 2719/2719/2719 
f 2663/2663/2663 2664/2664/2664 2721/2721/2721 
f 2722/2722/2722 2721/2721/2721 2664/2664/2664 
f 2658/2658/2658 2722/2722/2722 2664/2664/2664 
f 2721/2721/2721 2722/2722/2722 2723/2723/2723 
f 2722/2722/2722 2724/2724/2724 2723/2723/2723 
f 2722/2722/2722 2725/2725/2725 2724/2724/2724 
f 2725/2725/2725 2722/2722/2722 2658/2658/2658 
f 2725/2725/2725 2726/2726/2726 2724/2724/2724 
f 2725/2725/2725 2727/2727/2727 2726/2726/2726 
f 2728/2728/2728 2726/2726/2726 2727/2727/2727 
f 2726/2726/2726 2728/2728/2728 2729/2729/2729 
f 2727/2727/2727 2725/2725/2725 2730/2730/2730 
f 2730/2730/2730 2725/2725/2725 2658/2658/2658 
f 2730/2730/2730 2728/2728/2728 2727/2727/2727 
f 2731/2731/2731 2729/2729/2729 2728/2728/2728 
f 2730/2730/2730 2731/2731/2731 2728/2728/2728 
f 2729/2729/2729 2731/2731/2731 2732/2732/2732 
f 2731/2731/2731 2733/2733/2733 2732/2732/2732 
f 2733/2733/2733 2731/2731/2731 2734/2734/2734 
f 2730/2730/2730 2734/2734/2734 2731/2731/2731 
f 2735/2735/2735 2733/2733/2733 2734/2734/2734 
f 2734/2734/2734 2730/2730/2730 2735/2735/2735 
f 2733/2733/2733 2735/2735/2735 2736/2736/2736 
f 2737/2737/2737 2736/2736/2736 2735/2735/2735 
f 2730/2730/2730 2737/2737/2737 2735/2735/2735 
f 2736/2736/2736 2737/2737/2737 2738/2738/2738 
f 2737/2737/2737 2739/2739/2739 2738/2738/2738 
f 2737/2737/2737 2740/2740/2740 2739/2739/2739 
f 2730/2730/2730 2740/2740/2740 2737/2737/2737 
f 2741/2741/2741 2739/2739/2739 2740/2740/2740 
f 2739/2739/2739 2741/2741/2741 2742/2742/2742 
f 2743/2743/2743 2742/2742/2742 2741/2741/2741 
f 2740/2740/2740 2744/2744/2744 2741/2741/2741 
f 2744/2744/2744 2740/2740/2740 2730/2730/2730 
f 2741/2741/2741 2745/2745/2745 2743/2743/2743 
f 2741/2741/2741 2744/2744/2744 2745/2745/2745 
f 2745/2745/2745 2746/2746/2746 2743/2743/2743 
f 2746/2746/2746 2745/2745/2745 2747/2747/2747 
f 2745/2745/2745 2744/2744/2744 2747/2747/2747 
f 2747/2747/2747 2748/2748/2748 2746/2746/2746 
f 2744/2744/2744 2748/2748/2748 2747/2747/2747 
f 2749/2749/2749 2746/2746/2746 2748/2748/2748 
f 2641/2641/2641 2749/2749/2749 2748/2748/2748 
f 2641/2641/2641 2748/2748/2748 2643/2643/2643 
f 2748/2748/2748 2744/2744/2744 2643/2643/2643 
f 2643/2643/2643 2744/2744/2744 2640/2640/2640 
f 2640/2640/2640 2744/2744/2744 2626/2626/2626 
f 2626/2626/2626 2744/2744/2744 2750/2750/2750 
f 2644/2644/2644 2626/2626/2626 2750/2750/2750 
f 2750/2750/2750 2751/2751/2751 2644/2644/2644 
f 2750/2750/2750 2744/2744/2744 2752/2752/2752 
f 2751/2751/2751 2750/2750/2750 2752/2752/2752 
f 2744/2744/2744 2753/2753/2753 2752/2752/2752 
f 2753/2753/2753 2744/2744/2744 2730/2730/2730 
f 2752/2752/2752 2754/2754/2754 2751/2751/2751 
f 2754/2754/2754 2752/2752/2752 2753/2753/2753 
f 2751/2751/2751 2754/2754/2754 2644/2644/2644 
f 2730/2730/2730 2754/2754/2754 2753/2753/2753 
f 2658/2658/2658 2644/2644/2644 2754/2754/2754 
f 2754/2754/2754 2730/2730/2730 2658/2658/2658 
f 2704/2704/2704 2703/2703/2703 2755/2755/2755 
f 2755/2755/2755 2756/2756/2756 2704/2704/2704 
f 2698/2698/2698 2704/2704/2704 2756/2756/2756 
f 2756/2756/2756 2755/2755/2755 2757/2757/2757 
f 2758/2758/2758 2756/2756/2756 2757/2757/2757 
f 2756/2756/2756 2758/2758/2758 2759/2759/2759 
f 2759/2759/2759 2698/2698/2698 2756/2756/2756 
f 2760/2760/2760 2759/2759/2759 2758/2758/2758 
f 2759/2759/2759 2760/2760/2760 2761/2761/2761 
f 2762/2762/2762 2698/2698/2698 2759/2759/2759 
f 2761/2761/2761 2762/2762/2762 2759/2759/2759 
f 2760/2760/2760 2763/2763/2763 2761/2761/2761 
f 2762/2762/2762 2761/2761/2761 2763/2763/2763 
f 2763/2763/2763 2760/2760/2760 2764/2764/2764 
f 2764/2764/2764 2765/2765/2765 2763/2763/2763 
f 2762/2762/2762 2763/2763/2763 2765/2765/2765 
f 2765/2765/2765 2764/2764/2764 2766/2766/2766 
f 2767/2767/2767 2765/2765/2765 2766/2766/2766 
f 2765/2765/2765 2767/2767/2767 2768/2768/2768 
f 2762/2762/2762 2765/2765/2765 2768/2768/2768 
f 2767/2767/2767 2769/2769/2769 2768/2768/2768 
f 2768/2768/2768 2769/2769/2769 2762/2762/2762 
f 2767/2767/2767 2770/2770/2770 2769/2769/2769 
f 2770/2770/2770 2771/2771/2771 2769/2769/2769 
f 2762/2762/2762 2769/2769/2769 2771/2771/2771 
f 2771/2771/2771 2770/2770/2770 2772/2772/2772 
f 2773/2773/2773 2771/2771/2771 2772/2772/2772 
f 2771/2771/2771 2773/2773/2773 2774/2774/2774 
f 2762/2762/2762 2771/2771/2771 2774/2774/2774 
f 2773/2773/2773 2775/2775/2775 2774/2774/2774 
f 2775/2775/2775 2773/2773/2773 2776/2776/2776 
f 2775/2775/2775 2776/2776/2776 2777/2777/2777 
f 2774/2774/2774 2775/2775/2775 2778/2778/2778 
f 2778/2778/2778 2762/2762/2762 2774/2774/2774 
f 2779/2779/2779 2775/2775/2775 2777/2777/2777 
f 2775/2775/2775 2779/2779/2779 2778/2778/2778 
f 2780/2780/2780 2779/2779/2779 2777/2777/2777 
f 2779/2779/2779 2780/2780/2780 2781/2781/2781 
f 2779/2779/2779 2781/2781/2781 2778/2778/2778 
f 2782/2782/2782 2781/2781/2781 2780/2780/2780 
f 2778/2778/2778 2781/2781/2781 2782/2782/2782 
f 2782/2782/2782 2780/2780/2780 2783/2783/2783 
f 2783/2783/2783 2681/2681/2681 2782/2782/2782 
f 2683/2683/2683 2782/2782/2782 2681/2681/2681 
f 2782/2782/2782 2683/2683/2683 2778/2778/2778 
f 2683/2683/2683 2680/2680/2680 2778/2778/2778 
f 2680/2680/2680 2667/2667/2667 2778/2778/2778 
f 2784/2784/2784 2778/2778/2778 2667/2667/2667 
f 2667/2667/2667 2684/2684/2684 2784/2784/2784 
f 2684/2684/2684 2785/2785/2785 2784/2784/2784 
f 2778/2778/2778 2784/2784/2784 2786/2786/2786 
f 2785/2785/2785 2786/2786/2786 2784/2784/2784 
f 2787/2787/2787 2778/2778/2778 2786/2786/2786 
f 2778/2778/2778 2787/2787/2787 2762/2762/2762 
f 2788/2788/2788 2786/2786/2786 2785/2785/2785 
f 2684/2684/2684 2788/2788/2788 2785/2785/2785 
f 2786/2786/2786 2788/2788/2788 2787/2787/2787 
f 2788/2788/2788 2762/2762/2762 2787/2787/2787 
f 2684/2684/2684 2698/2698/2698 2788/2788/2788 
f 2762/2762/2762 2788/2788/2788 2698/2698/2698 
f 2789/2789/2789 2790/2790/2790 2791/2791/2791 
f 2790/2790/2790 2792/2792/2792 2791/2791/2791 
f 2793/2793/2793 2791/2791/2791 2792/2792/2792 
f 2792/2792/2792 2790/2790/2790 2794/2794/2794 
f 2791/2791/2791 2793/2793/2793 2795/2795/2795 
f 2791/2791/2791 2795/2795/2795 2789/2789/2789 
f 2796/2796/2796 2795/2795/2795 2793/2793/2793 
f 2797/2797/2797 2794/2794/2794 2790/2790/2790 
f 2789/2789/2789 2797/2797/2797 2790/2790/2790 
f 2794/2794/2794 2797/2797/2797 2798/2798/2798 
f 2795/2795/2795 2796/2796/2796 2799/2799/2799 
f 2789/2789/2789 2795/2795/2795 2799/2799/2799 
f 2800/2800/2800 2799/2799/2799 2796/2796/2796 
f 2789/2789/2789 2799/2799/2799 2800/2800/2800 
f 2796/2796/2796 2801/2801/2801 2800/2800/2800 
f 2802/2802/2802 2800/2800/2800 2801/2801/2801 
f 2803/2803/2803 2789/2789/2789 2800/2800/2800 
f 2800/2800/2800 2802/2802/2802 2803/2803/2803 
f 2789/2789/2789 2804/2804/2804 2797/2797/2797 
f 2804/2804/2804 2789/2789/2789 2803/2803/2803 
f 2804/2804/2804 2803/2803/2803 2802/2802/2802 
f 2804/2804/2804 2798/2798/2798 2797/2797/2797 
f 2802/2802/2802 2805/2805/2805 2804/2804/2804 
f 2798/2798/2798 2804/2804/2804 2805/2805/2805 
f 2806/2806/2806 2807/2807/2807 2808/2808/2808 
f 2809/2809/2809 2808/2808/2808 2807/2807/2807 
f 2808/2808/2808 2809/2809/2809 2810/2810/2810 
f 2807/2807/2807 2811/2811/2811 2809/2809/2809 
f 2810/2810/2810 2812/2812/2812 2808/2808/2808 
f 2806/2806/2806 2808/2808/2808 2812/2812/2812 
f 2812/2812/2812 2810/2810/2810 2813/2813/2813 
f 2811/2811/2811 2807/2807/2807 2814/2814/2814 
f 2807/2807/2807 2806/2806/2806 2814/2814/2814 
f 2814/2814/2814 2815/2815/2815 2811/2811/2811 
f 2815/2815/2815 2814/2814/2814 2816/2816/2816 
f 2806/2806/2806 2816/2816/2816 2814/2814/2814 
f 2816/2816/2816 2817/2817/2817 2815/2815/2815 
f 2806/2806/2806 2817/2817/2817 2816/2816/2816 
f 2815/2815/2815 2817/2817/2817 2818/2818/2818 
f 2817/2817/2817 2819/2819/2819 2818/2818/2818 
f 2820/2820/2820 2817/2817/2817 2806/2806/2806 
f 2819/2819/2819 2817/2817/2817 2820/2820/2820 
f 2821/2821/2821 2820/2820/2820 2806/2806/2806 
f 2820/2820/2820 2821/2821/2821 2819/2819/2819 
f 2806/2806/2806 2812/2812/2812 2821/2821/2821 
f 2813/2813/2813 2821/2821/2821 2812/2812/2812 
f 2822/2822/2822 2819/2819/2819 2821/2821/2821 
f 2821/2821/2821 2813/2813/2813 2822/2822/2822 
f 2823/2823/2823 2824/2824/2824 2825/2825/2825 
f 2825/2825/2825 2826/2826/2826 2823/2823/2823 
f 2826/2826/2826 2825/2825/2825 2827/2827/2827 
f 2824/2824/2824 2823/2823/2823 2828/2828/2828 
f 2828/2828/2828 2829/2829/2829 2824/2824/2824 
f 2829/2829/2829 2828/2828/2828 2830/2830/2830 
f 2830/2830/2830 2831/2831/2831 2829/2829/2829 
f 2831/2831/2831 2830/2830/2830 2832/2832/2832 
f 2832/2832/2832 2833/2833/2833 2831/2831/2831 
f 2833/2833/2833 2832/2832/2832 2834/2834/2834 
f 2834/2834/2834 2835/2835/2835 2833/2833/2833 
f 2835/2835/2835 2834/2834/2834 2836/2836/2836 
f 2836/2836/2836 2837/2837/2837 2835/2835/2835 
f 2837/2837/2837 2836/2836/2836 2838/2838/2838 
f 2839/2839/2839 2840/2840/2840 2841/2841/2841 
f 2841/2841/2841 2840/2840/2840 2842/2842/2842 
f 2843/2843/2843 2842/2842/2842 2840/2840/2840 
f 2842/2842/2842 2843/2843/2843 2844/2844/2844 
f 2845/2845/2845 2839/2839/2839 2841/2841/2841 
f 2839/2839/2839 2845/2845/2845 2846/2846/2846 
f 2847/2847/2847 2846/2846/2846 2845/2845/2845 
f 2846/2846/2846 2847/2847/2847 2848/2848/2848 
f 2849/2849/2849 2848/2848/2848 2847/2847/2847 
f 2848/2848/2848 2849/2849/2849 2850/2850/2850 
f 2851/2851/2851 2850/2850/2850 2849/2849/2849 
f 2852/2852/2852 2850/2850/2850 2851/2851/2851 
f 2853/2853/2853 2852/2852/2852 2851/2851/2851 
f 2852/2852/2852 2853/2853/2853 2854/2854/2854 
f 2855/2855/2855 2856/2856/2856 2857/2857/2857 
f 2857/2857/2857 2858/2858/2858 2855/2855/2855 
f 2859/2859/2859 2855/2855/2855 2858/2858/2858 
f 2858/2858/2858 2857/2857/2857 2860/2860/2860 
f 2855/2855/2855 2859/2859/2859 2861/2861/2861 
f 2855/2855/2855 2861/2861/2861 2856/2856/2856 
f 2862/2862/2862 2861/2861/2861 2859/2859/2859 
f 2863/2863/2863 2860/2860/2860 2857/2857/2857 
f 2856/2856/2856 2863/2863/2863 2857/2857/2857 
f 2860/2860/2860 2863/2863/2863 2864/2864/2864 
f 2861/2861/2861 2862/2862/2862 2865/2865/2865 
f 2856/2856/2856 2861/2861/2861 2865/2865/2865 
f 2866/2866/2866 2865/2865/2865 2862/2862/2862 
f 2867/2867/2867 2864/2864/2864 2863/2863/2863 
f 2856/2856/2856 2867/2867/2867 2863/2863/2863 
f 2864/2864/2864 2867/2867/2867 2868/2868/2868 
f 2867/2867/2867 2869/2869/2869 2868/2868/2868 
f 2865/2865/2865 2866/2866/2866 2870/2870/2870 
f 2870/2870/2870 2856/2856/2856 2865/2865/2865 
f 2871/2871/2871 2870/2870/2870 2866/2866/2866 
f 2867/2867/2867 2856/2856/2856 2872/2872/2872 
f 2867/2867/2867 2872/2872/2872 2869/2869/2869 
f 2873/2873/2873 2856/2856/2856 2870/2870/2870 
f 2870/2870/2870 2871/2871/2871 2873/2873/2873 
f 2872/2872/2872 2856/2856/2856 2874/2874/2874 
f 2874/2874/2874 2869/2869/2869 2872/2872/2872 
f 2874/2874/2874 2856/2856/2856 2873/2873/2873 
f 2871/2871/2871 2874/2874/2874 2873/2873/2873 
f 2869/2869/2869 2874/2874/2874 2875/2875/2875 
f 2874/2874/2874 2871/2871/2871 2875/2875/2875 
f 2876/2876/2876 2877/2877/2877 2878/2878/2878 
f 2879/2879/2879 2877/2877/2877 2876/2876/2876 
f 2877/2877/2877 2879/2879/2879 2880/2880/2880 
f 2876/2876/2876 2881/2881/2881 2879/2879/2879 
f 2880/2880/2880 2882/2882/2882 2877/2877/2877 
f 2878/2878/2878 2877/2877/2877 2882/2882/2882 
f 2882/2882/2882 2880/2880/2880 2883/2883/2883 
f 2881/2881/2881 2876/2876/2876 2884/2884/2884 
f 2876/2876/2876 2878/2878/2878 2884/2884/2884 
f 2884/2884/2884 2885/2885/2885 2881/2881/2881 
f 2885/2885/2885 2884/2884/2884 2886/2886/2886 
f 2878/2878/2878 2886/2886/2886 2884/2884/2884 
f 2886/2886/2886 2887/2887/2887 2885/2885/2885 
f 2883/2883/2883 2888/2888/2888 2882/2882/2882 
f 2878/2878/2878 2882/2882/2882 2888/2888/2888 
f 2888/2888/2888 2883/2883/2883 2889/2889/2889 
f 2890/2890/2890 2888/2888/2888 2889/2889/2889 
f 2887/2887/2887 2886/2886/2886 2891/2891/2891 
f 2891/2891/2891 2886/2886/2886 2878/2878/2878 
f 2891/2891/2891 2892/2892/2892 2887/2887/2887 
f 2888/2888/2888 2893/2893/2893 2878/2878/2878 
f 2888/2888/2888 2890/2890/2890 2893/2893/2893 
f 2894/2894/2894 2891/2891/2891 2878/2878/2878 
f 2892/2892/2892 2891/2891/2891 2894/2894/2894 
f 2893/2893/2893 2895/2895/2895 2878/2878/2878 
f 2890/2890/2890 2895/2895/2895 2893/2893/2893 
f 2895/2895/2895 2894/2894/2894 2878/2878/2878 
f 2895/2895/2895 2892/2892/2892 2894/2894/2894 
f 2895/2895/2895 2890/2890/2890 2896/2896/2896 
f 2896/2896/2896 2892/2892/2892 2895/2895/2895 
f 2897/2897/2897 2898/2898/2898 2899/2899/2899 
f 2898/2898/2898 2897/2897/2897 2900/2900/2900 
f 2901/2901/2901 2898/2898/2898 2900/2900/2900 
f 2900/2900/2900 2902/2902/2902 2901/2901/2901 
f 2903/2903/2903 2904/2904/2904 2905/2905/2905 
f 2906/2906/2906 2903/2903/2903 2905/2905/2905 
f 2905/2905/2905 2907/2907/2907 2906/2906/2906 
f 2906/2906/2906 2907/2907/2907 2908/2908/2908 
f 2909/2909/2909 2375/2375/2375 2377/2377/2377 
f 2910/2910/2910 2909/2909/2909 2377/2377/2377 
f 2909/2909/2909 2910/2910/2910 2911/2911/2911 
f 2910/2910/2910 2912/2912/2912 2911/2911/2911 
f 2911/2911/2911 2912/2912/2912 2913/2913/2913 
f 2912/2912/2912 2914/2914/2914 2913/2913/2913 
f 2914/2914/2914 2912/2912/2912 2915/2915/2915 
f 2915/2915/2915 2916/2916/2916 2914/2914/2914 
f 2916/2916/2916 2915/2915/2915 2917/2917/2917 
f 2918/2918/2918 2916/2916/2916 2917/2917/2917 
f 2917/2917/2917 2919/2919/2919 2918/2918/2918 
f 2919/2919/2919 2920/2920/2920 2918/2918/2918 
f 2920/2920/2920 2919/2919/2919 2921/2921/2921 
f 2921/2921/2921 2922/2922/2922 2920/2920/2920 
f 2922/2922/2922 2921/2921/2921 2923/2923/2923 
f 2923/2923/2923 2924/2924/2924 2922/2922/2922 
f 2924/2924/2924 2923/2923/2923 2925/2925/2925 
f 2924/2924/2924 2925/2925/2925 2926/2926/2926 
f 2925/2925/2925 2927/2927/2927 2926/2926/2926 
f 2398/2398/2398 2396/2396/2396 2928/2928/2928 
f 2928/2928/2928 2929/2929/2929 2398/2398/2398 
f 2929/2929/2929 2928/2928/2928 2930/2930/2930 
f 2931/2931/2931 2929/2929/2929 2930/2930/2930 
f 2931/2931/2931 2930/2930/2930 2932/2932/2932 
f 2933/2933/2933 2931/2931/2931 2932/2932/2932 
f 2931/2931/2931 2933/2933/2933 2934/2934/2934 
f 2935/2935/2935 2934/2934/2934 2933/2933/2933 
f 2934/2934/2934 2935/2935/2935 2936/2936/2936 
f 2936/2936/2936 2935/2935/2935 2937/2937/2937 
f 2938/2938/2938 2936/2936/2936 2937/2937/2937 
f 2939/2939/2939 2938/2938/2938 2937/2937/2937 
f 2938/2938/2938 2939/2939/2939 2940/2940/2940 
f 2941/2941/2941 2940/2940/2940 2939/2939/2939 
f 2940/2940/2940 2941/2941/2941 2942/2942/2942 
f 2943/2943/2943 2942/2942/2942 2941/2941/2941 
f 2942/2942/2942 2943/2943/2943 2944/2944/2944 
f 2944/2944/2944 2943/2943/2943 2945/2945/2945 
f 2944/2944/2944 2945/2945/2945 2946/2946/2946 
f 2947/2947/2947 2948/2948/2948 2949/2949/2949 
f 2948/2948/2948 2947/2947/2947 2950/2950/2950 
f 2951/2951/2951 2950/2950/2950 2947/2947/2947 
f 2950/2950/2950 2952/2952/2952 2948/2948/2948 
f 2947/2947/2947 2953/2953/2953 2951/2951/2951 
f 2947/2947/2947 2949/2949/2949 2953/2953/2953 
f 2954/2954/2954 2951/2951/2951 2953/2953/2953 
f 2955/2955/2955 2948/2948/2948 2952/2952/2952 
f 2948/2948/2948 2955/2955/2955 2949/2949/2949 
f 2952/2952/2952 2956/2956/2956 2955/2955/2955 
f 2957/2957/2957 2955/2955/2955 2956/2956/2956 
f 2953/2953/2953 2958/2958/2958 2954/2954/2954 
f 2949/2949/2949 2958/2958/2958 2953/2953/2953 
f 2959/2959/2959 2954/2954/2954 2958/2958/2958 
f 2958/2958/2958 2960/2960/2960 2959/2959/2959 
f 2958/2958/2958 2949/2949/2949 2960/2960/2960 
f 2961/2961/2961 2959/2959/2959 2960/2960/2960 
f 2960/2960/2960 2949/2949/2949 2961/2961/2961 
f 2959/2959/2959 2961/2961/2961 2962/2962/2962 
f 2955/2955/2955 2957/2957/2957 2963/2963/2963 
f 2949/2949/2949 2955/2955/2955 2963/2963/2963 
f 2964/2964/2964 2963/2963/2963 2957/2957/2957 
f 2949/2949/2949 2963/2963/2963 2965/2965/2965 
f 2963/2963/2963 2964/2964/2964 2965/2965/2965 
f 2966/2966/2966 2961/2961/2961 2949/2949/2949 
f 2966/2966/2966 2962/2962/2962 2961/2961/2961 
f 2965/2965/2965 2966/2966/2966 2949/2949/2949 
f 2964/2964/2964 2966/2966/2966 2965/2965/2965 
f 2962/2962/2962 2966/2966/2966 2967/2967/2967 
f 2966/2966/2966 2964/2964/2964 2967/2967/2967 
f 2968/2968/2968 2969/2969/2969 2970/2970/2970 
f 2968/2968/2968 2970/2970/2970 2971/2971/2971 
f 2971/2971/2971 2970/2970/2970 2972/2972/2972 
f 2971/2971/2971 2973/2973/2973 2968/2968/2968 
f 2970/2970/2970 2974/2974/2974 2972/2972/2972 
f 2970/2970/2970 2969/2969/2969 2974/2974/2974 
f 2975/2975/2975 2972/2972/2972 2974/2974/2974 
f 2974/2974/2974 2976/2976/2976 2975/2975/2975 
f 2977/2977/2977 2968/2968/2968 2973/2973/2973 
f 2968/2968/2968 2977/2977/2977 2969/2969/2969 
f 2977/2977/2977 2973/2973/2973 2978/2978/2978 
f 2976/2976/2976 2974/2974/2974 2979/2979/2979 
f 2969/2969/2969 2979/2979/2979 2974/2974/2974 
f 2979/2979/2979 2980/2980/2980 2976/2976/2976 
f 2980/2980/2980 2979/2979/2979 2981/2981/2981 
f 2969/2969/2969 2981/2981/2981 2979/2979/2979 
f 2982/2982/2982 2980/2980/2980 2981/2981/2981 
f 2981/2981/2981 2969/2969/2969 2982/2982/2982 
f 2980/2980/2980 2982/2982/2982 2983/2983/2983 
f 2982/2982/2982 2984/2984/2984 2983/2983/2983 
f 2984/2984/2984 2982/2982/2982 2985/2985/2985 
f 2982/2982/2982 2969/2969/2969 2985/2985/2985 
f 2985/2985/2985 2986/2986/2986 2984/2984/2984 
f 2987/2987/2987 2985/2985/2985 2969/2969/2969 
f 2986/2986/2986 2985/2985/2985 2987/2987/2987 
f 2988/2988/2988 2987/2987/2987 2969/2969/2969 
f 2987/2987/2987 2988/2988/2988 2986/2986/2986 
f 2969/2969/2969 2977/2977/2977 2988/2988/2988 
f 2988/2988/2988 2978/2978/2978 2986/2986/2986 
f 2988/2988/2988 2977/2977/2977 2978/2978/2978 
f 2989/2989/2989 2990/2990/2990 2991/2991/2991 
f 2991/2991/2991 2992/2992/2992 2989/2989/2989 
f 2992/2992/2992 2991/2991/2991 2993/2993/2993 
f 2991/2991/2991 2994/2994/2994 2993/2993/2993 
f 2995/2995/2995 2989/2989/2989 2992/2992/2992 
f 2990/2990/2990 2989/2989/2989 2995/2995/2995 
f 2992/2992/2992 2996/2996/2996 2995/2995/2995 
f 2994/2994/2994 2991/2991/2991 2997/2997/2997 
f 2991/2991/2991 2990/2990/2990 2997/2997/2997 
f 2998/2998/2998 2994/2994/2994 2997/2997/2997 
f 2990/2990/2990 2998/2998/2998 2997/2997/2997 
f 2994/2994/2994 2998/2998/2998 2999/2999/2999 
f 2998/2998/2998 3000/3000/3000 2999/2999/2999 
f 3001/3001/3001 2995/2995/2995 2996/2996/2996 
f 3001/3001/3001 2990/2990/2990 2995/2995/2995 
f 2996/2996/2996 3002/3002/3002 3001/3001/3001 
f 3003/3003/3003 3001/3001/3001 3002/3002/3002 
f 3001/3001/3001 3004/3004/3004 2990/2990/2990 
f 3001/3001/3001 3003/3003/3003 3004/3004/3004 
f 2990/2990/2990 3005/3005/3005 2998/2998/2998 
f 3000/3000/3000 2998/2998/2998 3005/3005/3005 
f 3004/3004/3004 3005/3005/3005 2990/2990/2990 
f 3005/3005/3005 3003/3003/3003 3000/3000/3000 
f 3003/3003/3003 3005/3005/3005 3004/3004/3004 
f 3006/3006/3006 3007/3007/3007 3008/3008/3008 
f 3009/3009/3009 3007/3007/3007 3006/3006/3006 
f 3007/3007/3007 3009/3009/3009 3010/3010/3010 
f 3011/3011/3011 3007/3007/3007 3010/3010/3010 
f 3006/3006/3006 3012/3012/3012 3009/3009/3009 
f 3008/3008/3008 3012/3012/3012 3006/3006/3006 
f 3009/3009/3009 3012/3012/3012 3013/3013/3013 
f 3007/3007/3007 3011/3011/3011 3014/3014/3014 
f 3007/3007/3007 3014/3014/3014 3008/3008/3008 
f 3011/3011/3011 3015/3015/3015 3014/3014/3014 
f 3008/3008/3008 3014/3014/3014 3015/3015/3015 
f 3015/3015/3015 3011/3011/3011 3016/3016/3016 
f 3017/3017/3017 3015/3015/3015 3016/3016/3016 
f 3012/3012/3012 3018/3018/3018 3013/3013/3013 
f 3018/3018/3018 3012/3012/3012 3008/3008/3008 
f 3013/3013/3013 3018/3018/3018 3019/3019/3019 
f 3018/3018/3018 3020/3020/3020 3019/3019/3019 
f 3015/3015/3015 3017/3017/3017 3021/3021/3021 
f 3008/3008/3008 3015/3015/3015 3021/3021/3021 
f 3017/3017/3017 3020/3020/3020 3021/3021/3021 
f 3018/3018/3018 3008/3008/3008 3022/3022/3022 
f 3020/3020/3020 3018/3018/3018 3022/3022/3022 
f 3022/3022/3022 3008/3008/3008 3021/3021/3021 
f 3021/3021/3021 3020/3020/3020 3022/3022/3022 
f 3023/3023/3023 3024/3024/3024 3025/3025/3025 
f 3026/3026/3026 3023/3023/3023 3025/3025/3025 
f 3024/3024/3024 3023/3023/3023 3027/3027/3027 
f 3024/3024/3024 3027/3027/3027 3028/3028/3028 
f 3023/3023/3023 3026/3026/3026 3029/3029/3029 
f 3026/3026/3026 3030/3030/3030 3029/3029/3029 
f 3031/3031/3031 3029/3029/3029 3030/3030/3030 
f 3032/3032/3032 3033/3033/3033 3034/3034/3034 
f 3033/3033/3033 3035/3035/3035 3034/3034/3034 
f 3033/3033/3033 3032/3032/3032 3036/3036/3036 
f 3032/3032/3032 3037/3037/3037 3036/3036/3036 
f 3035/3035/3035 3033/3033/3033 3038/3038/3038 
f 3039/3039/3039 3035/3035/3035 3038/3038/3038 
f 3039/3039/3039 3038/3038/3038 3040/3040/3040 
f 3041/3041/3041 3042/3042/3042 3043/3043/3043 
f 3044/3044/3044 3041/3041/3041 3043/3043/3043 
f 3042/3042/3042 3041/3041/3041 3045/3045/3045 
f 3041/3041/3041 3044/3044/3044 3046/3046/3046 
f 3047/3047/3047 3042/3042/3042 3045/3045/3045 
f 3046/3046/3046 3044/3044/3044 3048/3048/3048 
f 3046/3046/3046 3048/3048/3048 3049/3049/3049 
f 3050/3050/3050 3049/3049/3049 3048/3048/3048 
f 3045/3045/3045 3051/3051/3051 3047/3047/3047 
f 3051/3051/3051 3052/3052/3052 3047/3047/3047 
f 3052/3052/3052 3051/3051/3051 3053/3053/3053 
f 3053/3053/3053 3054/3054/3054 3052/3052/3052 
f 3054/3054/3054 3053/3053/3053 3055/3055/3055 
f 3055/3055/3055 3056/3056/3056 3054/3054/3054 
f 3056/3056/3056 3055/3055/3055 3057/3057/3057 
f 3058/3058/3058 3056/3056/3056 3057/3057/3057 
f 3056/3056/3056 3058/3058/3058 3059/3059/3059 
f 3060/3060/3060 3059/3059/3059 3058/3058/3058 
f 3060/3060/3060 3058/3058/3058 3061/3061/3061 
f 3062/3062/3062 3060/3060/3060 3061/3061/3061 
f 3061/3061/3061 3063/3063/3063 3062/3062/3062 
f 3063/3063/3063 3064/3064/3064 3062/3062/3062 
f 3064/3064/3064 3063/3063/3063 3065/3065/3065 
f 3065/3065/3065 3066/3066/3066 3064/3064/3064 
f 3067/3067/3067 3064/3064/3064 3066/3066/3066 
f 3067/3067/3067 3066/3066/3066 3068/3068/3068 
f 3068/3068/3068 3066/3066/3066 3069/3069/3069 
f 3070/3070/3070 3068/3068/3068 3069/3069/3069 
f 3068/3068/3068 3070/3070/3070 3071/3071/3071 
f 3070/3070/3070 3072/3072/3072 3071/3071/3071 
f 3073/3073/3073 3071/3071/3071 3072/3072/3072 
f 3073/3073/3073 3072/3072/3072 3074/3074/3074 
f 3075/3075/3075 3073/3073/3073 3074/3074/3074 
f 3076/3076/3076 3075/3075/3075 3074/3074/3074 
f 3075/3075/3075 3076/3076/3076 3077/3077/3077 
f 3076/3076/3076 3078/3078/3078 3077/3077/3077 
f 3078/3078/3078 3076/3076/3076 3079/3079/3079 
f 3080/3080/3080 3081/3081/3081 3082/3082/3082 
f 3082/3082/3082 3081/3081/3081 3083/3083/3083 
f 3081/3081/3081 3080/3080/3080 3084/3084/3084 
f 3085/3085/3085 3082/3082/3082 3083/3083/3083 
f 3080/3080/3080 3086/3086/3086 3084/3084/3084 
f 3087/3087/3087 3085/3085/3085 3083/3083/3083 
f 3086/3086/3086 3080/3080/3080 3088/3088/3088 
f 3085/3085/3085 3087/3087/3087 3089/3089/3089 
f 3090/3090/3090 3086/3086/3086 3088/3088/3088 
f 3090/3090/3090 3088/3088/3088 3091/3091/3091 
f 3092/3092/3092 3090/3090/3090 3091/3091/3091 
f 3093/3093/3093 3089/3089/3089 3087/3087/3087 
f 3089/3089/3089 3093/3093/3093 3094/3094/3094 
f 3095/3095/3095 3094/3094/3094 3093/3093/3093 
f 3094/3094/3094 3095/3095/3095 3096/3096/3096 
f 3095/3095/3095 3097/3097/3097 3096/3096/3096 
f 3097/3097/3097 3095/3095/3095 3098/3098/3098 
f 3097/3097/3097 3098/3098/3098 3099/3099/3099 
f 3100/3100/3100 3097/3097/3097 3099/3099/3099 
f 3100/3100/3100 3099/3099/3099 3101/3101/3101 
f 3102/3102/3102 3100/3100/3100 3101/3101/3101 
f 3103/3103/3103 3102/3102/3102 3101/3101/3101 
f 3102/3102/3102 3103/3103/3103 3104/3104/3104 
f 3103/3103/3103 3105/3105/3105 3104/3104/3104 
f 3105/3105/3105 3103/3103/3103 3106/3106/3106 
f 3107/3107/3107 3105/3105/3105 3106/3106/3106 
f 3105/3105/3105 3107/3107/3107 3108/3108/3108 
f 3107/3107/3107 3109/3109/3109 3108/3108/3108 
f 3109/3109/3109 3107/3107/3107 3110/3110/3110 
f 3111/3111/3111 3109/3109/3109 3110/3110/3110 
f 3111/3111/3111 3110/3110/3110 3112/3112/3112 
f 3113/3113/3113 3111/3111/3111 3112/3112/3112 
f 3112/3112/3112 3114/3114/3114 3113/3113/3113 
f 3113/3113/3113 3114/3114/3114 3115/3115/3115 
f 3115/3115/3115 3114/3114/3114 3116/3116/3116 
f 3117/3117/3117 3115/3115/3115 3116/3116/3116 
f 3115/3115/3115 3117/3117/3117 3118/3118/3118 
f 3119/3119/3119 3120/3120/3120 3121/3121/3121 
f 3119/3119/3119 3121/3121/3121 3122/3122/3122 
f 3123/3123/3123 3122/3122/3122 3121/3121/3121 
f 3122/3122/3122 3124/3124/3124 3119/3119/3119 
f 3121/3121/3121 3125/3125/3125 3123/3123/3123 
f 3121/3121/3121 3120/3120/3120 3125/3125/3125 
f 3125/3125/3125 3126/3126/3126 3123/3123/3123 
f 3127/3127/3127 3119/3119/3119 3124/3124/3124 
f 3119/3119/3119 3127/3127/3127 3120/3120/3120 
f 3124/3124/3124 3128/3128/3128 3127/3127/3127 
f 3125/3125/3125 3129/3129/3129 3126/3126/3126 
f 3120/3120/3120 3129/3129/3129 3125/3125/3125 
f 3129/3129/3129 3130/3130/3130 3126/3126/3126 
f 3131/3131/3131 3127/3127/3127 3128/3128/3128 
f 3127/3127/3127 3131/3131/3131 3120/3120/3120 
f 3128/3128/3128 3132/3132/3132 3131/3131/3131 
f 3133/3133/3133 3131/3131/3131 3132/3132/3132 
f 3130/3130/3130 3129/3129/3129 3134/3134/3134 
f 3120/3120/3120 3134/3134/3134 3129/3129/3129 
f 3135/3135/3135 3130/3130/3130 3134/3134/3134 
f 3120/3120/3120 3135/3135/3135 3134/3134/3134 
f 3130/3130/3130 3135/3135/3135 3136/3136/3136 
f 3120/3120/3120 3131/3131/3131 3137/3137/3137 
f 3131/3131/3131 3133/3133/3133 3137/3137/3137 
f 3135/3135/3135 3120/3120/3120 3138/3138/3138 
f 3138/3138/3138 3136/3136/3136 3135/3135/3135 
f 3137/3137/3137 3138/3138/3138 3120/3120/3120 
f 3138/3138/3138 3137/3137/3137 3133/3133/3133 
f 3136/3136/3136 3138/3138/3138 3139/3139/3139 
f 3133/3133/3133 3139/3139/3139 3138/3138/3138 
f 3140/3140/3140 3141/3141/3141 3142/3142/3142 
f 3141/3141/3141 3140/3140/3140 3143/3143/3143 
f 3143/3143/3143 3140/3140/3140 3144/3144/3144 
f 3145/3145/3145 3141/3141/3141 3143/3143/3143 
f 3140/3140/3140 3146/3146/3146 3144/3144/3144 
f 3140/3140/3140 3142/3142/3142 3146/3146/3146 
f 3144/3144/3144 3146/3146/3146 3147/3147/3147 
f 3148/3148/3148 3141/3141/3141 3145/3145/3145 
f 3141/3141/3141 3148/3148/3148 3142/3142/3142 
f 3149/3149/3149 3148/3148/3148 3145/3145/3145 
f 3146/3146/3146 3150/3150/3150 3147/3147/3147 
f 3146/3146/3146 3142/3142/3142 3150/3150/3150 
f 3147/3147/3147 3150/3150/3150 3151/3151/3151 
f 3150/3150/3150 3152/3152/3152 3151/3151/3151 
f 3148/3148/3148 3149/3149/3149 3153/3153/3153 
f 3142/3142/3142 3148/3148/3148 3153/3153/3153 
f 3154/3154/3154 3153/3153/3153 3149/3149/3149 
f 3152/3152/3152 3150/3150/3150 3155/3155/3155 
f 3142/3142/3142 3155/3155/3155 3150/3150/3150 
f 3153/3153/3153 3154/3154/3154 3156/3156/3156 
f 3142/3142/3142 3153/3153/3153 3156/3156/3156 
f 3154/3154/3154 3157/3157/3157 3156/3156/3156 
f 3142/3142/3142 3156/3156/3156 3157/3157/3157 
f 3157/3157/3157 3154/3154/3154 3158/3158/3158 
f 3155/3155/3155 3142/3142/3142 3159/3159/3159 
f 3157/3157/3157 3159/3159/3159 3142/3142/3142 
f 3155/3155/3155 3159/3159/3159 3152/3152/3152 
f 3158/3158/3158 3159/3159/3159 3157/3157/3157 
f 3152/3152/3152 3159/3159/3159 3160/3160/3160 
f 3159/3159/3159 3158/3158/3158 3160/3160/3160 
f 3161/3161/3161 3162/3162/3162 3163/3163/3163 
f 3162/3162/3162 3164/3164/3164 3163/3163/3163 
f 3164/3164/3164 3162/3162/3162 3165/3165/3165 
f 3166/3166/3166 3163/3163/3163 3164/3164/3164 
f 3162/3162/3162 3167/3167/3167 3165/3165/3165 
f 3163/3163/3163 3166/3166/3166 3168/3168/3168 
f 3163/3163/3163 3168/3168/3168 3161/3161/3161 
f 3167/3167/3167 3162/3162/3162 3169/3169/3169 
f 3162/3162/3162 3161/3161/3161 3169/3169/3169 
f 3170/3170/3170 3167/3167/3167 3169/3169/3169 
f 3161/3161/3161 3170/3170/3170 3169/3169/3169 
f 3167/3167/3167 3170/3170/3170 3171/3171/3171 
f 3166/3166/3166 3172/3172/3172 3168/3168/3168 
f 3168/3168/3168 3172/3172/3172 3161/3161/3161 
f 3172/3172/3172 3166/3166/3166 3173/3173/3173 
f 3173/3173/3173 3174/3174/3174 3172/3172/3172 
f 3175/3175/3175 3172/3172/3172 3174/3174/3174 
f 3172/3172/3172 3175/3175/3175 3161/3161/3161 
f 3176/3176/3176 3175/3175/3175 3174/3174/3174 
f 3175/3175/3175 3176/3176/3176 3177/3177/3177 
f 3178/3178/3178 3177/3177/3177 3176/3176/3176 
f 3179/3179/3179 3175/3175/3175 3177/3177/3177 
f 3179/3179/3179 3161/3161/3161 3175/3175/3175 
f 3180/3180/3180 3177/3177/3177 3178/3178/3178 
f 3179/3179/3179 3177/3177/3177 3180/3180/3180 
f 3181/3181/3181 3180/3180/3180 3178/3178/3178 
f 3179/3179/3179 3180/3180/3180 3181/3181/3181 
f 3178/3178/3178 3182/3182/3182 3181/3181/3181 
f 3183/3183/3183 3181/3181/3181 3182/3182/3182 
f 3181/3181/3181 3183/3183/3183 3184/3184/3184 
f 3181/3181/3181 3184/3184/3184 3179/3179/3179 
f 3185/3185/3185 3184/3184/3184 3183/3183/3183 
f 3186/3186/3186 3184/3184/3184 3185/3185/3185 
f 3179/3179/3179 3184/3184/3184 3186/3186/3186 
f 3185/3185/3185 3187/3187/3187 3186/3186/3186 
f 3179/3179/3179 3186/3186/3186 3187/3187/3187 
f 3187/3187/3187 3185/3185/3185 3188/3188/3188 
f 3188/3188/3188 3189/3189/3189 3187/3187/3187 
f 3189/3189/3189 3179/3179/3179 3187/3187/3187 
f 3189/3189/3189 3188/3188/3188 3190/3190/3190 
f 3191/3191/3191 3189/3189/3189 3190/3190/3190 
f 3189/3189/3189 3191/3191/3191 3192/3192/3192 
f 3193/3193/3193 3192/3192/3192 3191/3191/3191 
f 3194/3194/3194 3179/3179/3179 3189/3189/3189 
f 3194/3194/3194 3189/3189/3189 3192/3192/3192 
f 3195/3195/3195 3192/3192/3192 3193/3193/3193 
f 3194/3194/3194 3192/3192/3192 3195/3195/3195 
f 3193/3193/3193 3196/3196/3196 3195/3195/3195 
f 3196/3196/3196 3194/3194/3194 3195/3195/3195 
f 3196/3196/3196 3193/3193/3193 3197/3197/3197 
f 3198/3198/3198 3196/3196/3196 3197/3197/3197 
f 3196/3196/3196 3198/3198/3198 3199/3199/3199 
f 3194/3194/3194 3196/3196/3196 3199/3199/3199 
f 3200/3200/3200 3199/3199/3199 3198/3198/3198 
f 3199/3199/3199 3200/3200/3200 3201/3201/3201 
f 3199/3199/3199 3201/3201/3201 3194/3194/3194 
f 3202/3202/3202 3201/3201/3201 3200/3200/3200 
f 3201/3201/3201 3202/3202/3202 3203/3203/3203 
f 3194/3194/3194 3201/3201/3201 3203/3203/3203 
f 3204/3204/3204 3205/3205/3205 3206/3206/3206 
f 3206/3206/3206 3207/3207/3207 3204/3204/3204 
f 3207/3207/3207 3208/3208/3208 3204/3204/3204 
f 3207/3207/3207 3206/3206/3206 3209/3209/3209 
f 3209/3209/3209 3210/3210/3210 3207/3207/3207 
f 3208/3208/3208 3207/3207/3207 3210/3210/3210 
f 3210/3210/3210 3209/3209/3209 3211/3211/3211 
f 3212/3212/3212 3210/3210/3210 3211/3211/3211 
f 3210/3210/3210 3212/3212/3212 3213/3213/3213 
f 3210/3210/3210 3213/3213/3213 3208/3208/3208 
f 3214/3214/3214 3213/3213/3213 3212/3212/3212 
f 3208/3208/3208 3213/3213/3213 3214/3214/3214 
f 3212/3212/3212 3215/3215/3215 3214/3214/3214 
f 3216/3216/3216 3214/3214/3214 3215/3215/3215 
f 3208/3208/3208 3214/3214/3214 3216/3216/3216 
f 3216/3216/3216 3215/3215/3215 3217/3217/3217 
f 3218/3218/3218 3216/3216/3216 3217/3217/3217 
f 3216/3216/3216 3218/3218/3218 3219/3219/3219 
f 3220/3220/3220 3219/3219/3219 3218/3218/3218 
f 3208/3208/3208 3216/3216/3216 3221/3221/3221 
f 3216/3216/3216 3219/3219/3219 3221/3221/3221 
f 3219/3219/3219 3220/3220/3220 3222/3222/3222 
f 3221/3221/3221 3219/3219/3219 3222/3222/3222 
f 3223/3223/3223 3222/3222/3222 3220/3220/3220 
f 3221/3221/3221 3222/3222/3222 3223/3223/3223 
f 3220/3220/3220 3224/3224/3224 3223/3223/3223 
f 3224/3224/3224 3225/3225/3225 3223/3223/3223 
f 3225/3225/3225 3221/3221/3221 3223/3223/3223 
f 3225/3225/3225 3224/3224/3224 3226/3226/3226 
f 3226/3226/3226 3227/3227/3227 3225/3225/3225 
f 3225/3225/3225 3227/3227/3227 3228/3228/3228 
f 3221/3221/3221 3225/3225/3225 3228/3228/3228 
f 3229/3229/3229 3228/3228/3228 3227/3227/3227 
f 3221/3221/3221 3228/3228/3228 3229/3229/3229 
f 3227/3227/3227 3230/3230/3230 3229/3229/3229 
f 3230/3230/3230 3231/3231/3231 3229/3229/3229 
f 3221/3221/3221 3229/3229/3229 3231/3231/3231 
f 3221/3221/3221 3231/3231/3231 3232/3232/3232 
f 3221/3221/3221 3232/3232/3232 3233/3233/3233 
f 3208/3208/3208 3221/3221/3221 3233/3233/3233 
f 3233/3233/3233 3232/3232/3232 3234/3234/3234 
f 3232/3232/3232 3235/3235/3235 3234/3234/3234 
f 3235/3235/3235 3233/3233/3233 3234/3234/3234 
f 3235/3235/3235 3232/3232/3232 3236/3236/3236 
f 3208/3208/3208 3233/3233/3233 3237/3237/3237 
f 3235/3235/3235 3237/3237/3237 3233/3233/3233 
f 3237/3237/3237 3238/3238/3238 3208/3208/3208 
f 3236/3236/3236 3239/3239/3239 3235/3235/3235 
f 3237/3237/3237 3235/3235/3235 3239/3239/3239 
f 3239/3239/3239 3236/3236/3236 3238/3238/3238 
f 3238/3238/3238 3237/3237/3237 3239/3239/3239 
f 3240/3240/3240 3241/3241/3241 3242/3242/3242 
f 3241/3241/3241 3240/3240/3240 3243/3243/3243 
f 3244/3244/3244 3240/3240/3240 3242/3242/3242 
f 3245/3245/3245 3241/3241/3241 3243/3243/3243 
f 3242/3242/3242 3246/3246/3246 3244/3244/3244 
f 3246/3246/3246 3247/3247/3247 3244/3244/3244 
f 3247/3247/3247 3246/3246/3246 3248/3248/3248 
f 3241/3241/3241 3245/3245/3245 3249/3249/3249 
f 3245/3245/3245 3250/3250/3250 3249/3249/3249 
f 3250/3250/3250 3245/3245/3245 3251/3251/3251 
f 3252/3252/3252 3250/3250/3250 3251/3251/3251 
f 3250/3250/3250 3252/3252/3252 3253/3253/3253 
f 3254/3254/3254 3255/3255/3255 3256/3256/3256 
f 3255/3255/3255 3257/3257/3257 3256/3256/3256 
f 3255/3255/3255 3254/3254/3254 3258/3258/3258 
f 3256/3256/3256 3257/3257/3257 3259/3259/3259 
f 3260/3260/3260 3259/3259/3259 3257/3257/3257 
f 3259/3259/3259 3260/3260/3260 3261/3261/3261 
f 3254/3254/3254 3262/3262/3262 3258/3258/3258 
f 3262/3262/3262 3254/3254/3254 3263/3263/3263 
f 3264/3264/3264 3262/3262/3262 3263/3263/3263 
f 3262/3262/3262 3264/3264/3264 3265/3265/3265 
f 3264/3264/3264 3266/3266/3266 3265/3265/3265 
f 3266/3266/3266 3264/3264/3264 3267/3267/3267 
f 3268/3268/3268 3269/3269/3269 3270/3270/3270 
f 3269/3269/3269 3271/3271/3271 3270/3270/3270 
f 3272/3272/3272 3268/3268/3268 3270/3270/3270 
f 3269/3269/3269 3273/3273/3273 3271/3271/3271 
f 3268/3268/3268 3272/3272/3272 3274/3274/3274 
f 3269/3269/3269 3275/3275/3275 3273/3273/3273 
f 3272/3272/3272 3276/3276/3276 3274/3274/3274 
f 3277/3277/3277 3274/3274/3274 3276/3276/3276 
f 3277/3277/3277 3276/3276/3276 3278/3278/3278 
f 3275/3275/3275 3279/3279/3279 3273/3273/3273 
f 3279/3279/3279 3275/3275/3275 3280/3280/3280 
f 3281/3281/3281 3279/3279/3279 3280/3280/3280 
f 3279/3279/3279 3281/3281/3281 3282/3282/3282 
f 3281/3281/3281 3283/3283/3283 3282/3282/3282 
f 3283/3283/3283 3281/3281/3281 3284/3284/3284 
f 3285/3285/3285 3286/3286/3286 3287/3287/3287 
f 3288/3288/3288 3287/3287/3287 3286/3286/3286 
f 3287/3287/3287 3289/3289/3289 3285/3285/3285 
f 3290/3290/3290 3287/3287/3287 3288/3288/3288 
f 3289/3289/3289 3291/3291/3291 3285/3285/3285 
f 3292/3292/3292 3290/3290/3290 3288/3288/3288 
f 3291/3291/3291 3289/3289/3289 3293/3293/3293 
f 3290/3290/3290 3292/3292/3292 3294/3294/3294 
f 3293/3293/3293 3295/3295/3295 3291/3291/3291 
f 3293/3293/3293 3296/3296/3296 3295/3295/3295 
f 3296/3296/3296 3297/3297/3297 3295/3295/3295 
f 3294/3294/3294 3292/3292/3292 3298/3298/3298 
f 3292/3292/3292 3299/3299/3299 3298/3298/3298 
f 3300/3300/3300 3298/3298/3298 3299/3299/3299 
f 3298/3298/3298 3300/3300/3300 3301/3301/3301 
f 3302/3302/3302 3303/3303/3303 3304/3304/3304 
f 3305/3305/3305 3304/3304/3304 3303/3303/3303 
f 3304/3304/3304 3305/3305/3305 3306/3306/3306 
f 3307/3307/3307 3306/3306/3306 3305/3305/3305 
f 3306/3306/3306 3307/3307/3307 3308/3308/3308 
f 3307/3307/3307 3309/3309/3309 3308/3308/3308 
f 3309/3309/3309 3307/3307/3307 3310/3310/3310 
f 3310/3310/3310 3311/3311/3311 3309/3309/3309 
f 3311/3311/3311 3310/3310/3310 3312/3312/3312 
f 3312/3312/3312 3313/3313/3313 3311/3311/3311 
f 3313/3313/3313 3312/3312/3312 3314/3314/3314 
f 3314/3314/3314 3315/3315/3315 3313/3313/3313 
f 3315/3315/3315 3314/3314/3314 3316/3316/3316 
f 3316/3316/3316 3317/3317/3317 3315/3315/3315 
f 3317/3317/3317 3316/3316/3316 3318/3318/3318 
f 3319/3319/3319 3320/3320/3320 3321/3321/3321 
f 3320/3320/3320 3322/3322/3322 3321/3321/3321 
f 3322/3322/3322 3320/3320/3320 3323/3323/3323 
f 3323/3323/3323 3324/3324/3324 3322/3322/3322 
f 3324/3324/3324 3323/3323/3323 3325/3325/3325 
f 3326/3326/3326 3324/3324/3324 3325/3325/3325 
f 3324/3324/3324 3326/3326/3326 3327/3327/3327 
f 3328/3328/3328 3327/3327/3327 3326/3326/3326 
f 3327/3327/3327 3328/3328/3328 3329/3329/3329 
f 3330/3330/3330 3329/3329/3329 3328/3328/3328 
f 3329/3329/3329 3330/3330/3330 3331/3331/3331 
f 3332/3332/3332 3331/3331/3331 3330/3330/3330 
f 3331/3331/3331 3332/3332/3332 3333/3333/3333 
f 3334/3334/3334 3333/3333/3333 3332/3332/3332 
f 3333/3333/3333 3334/3334/3334 3335/3335/3335 
f 3336/3336/3336 3337/3337/3337 3338/3338/3338 
f 3337/3337/3337 3336/3336/3336 3339/3339/3339 
f 3339/3339/3339 3340/3340/3340 3337/3337/3337 
f 3340/3340/3340 3339/3339/3339 3341/3341/3341 
f 3342/3342/3342 3340/3340/3340 3341/3341/3341 
f 3340/3340/3340 3342/3342/3342 3343/3343/3343 
f 3344/3344/3344 3345/3345/3345 3346/3346/3346 
f 3345/3345/3345 3344/3344/3344 3347/3347/3347 
f 3348/3348/3348 3347/3347/3347 3344/3344/3344 
f 3347/3347/3347 3348/3348/3348 3349/3349/3349 
f 3348/3348/3348 3350/3350/3350 3349/3349/3349 
f 3350/3350/3350 3348/3348/3348 3351/3351/3351 
f 3232/3232/3232 3352/3352/3352 3353/3353/3353 
f 3354/3354/3354 3353/3353/3353 3352/3352/3352 
f 3353/3353/3353 3354/3354/3354 3355/3355/3355 
f 3352/3352/3352 3356/3356/3356 3354/3354/3354 
f 3357/3357/3357 3353/3353/3353 3355/3355/3355 
f 3356/3356/3356 3352/3352/3352 3358/3358/3358 
f 3352/3352/3352 3232/3232/3232 3358/3358/3358 
f 3353/3353/3353 3357/3357/3357 3359/3359/3359 
f 3353/3353/3353 3359/3359/3359 3232/3232/3232 
f 3357/3357/3357 3360/3360/3360 3359/3359/3359 
f 3232/3232/3232 3359/3359/3359 3360/3360/3360 
f 3360/3360/3360 3357/3357/3357 3361/3361/3361 
f 3362/3362/3362 3356/3356/3356 3358/3358/3358 
f 3358/3358/3358 3232/3232/3232 3362/3362/3362 
f 3356/3356/3356 3362/3362/3362 3363/3363/3363 
f 3364/3364/3364 3363/3363/3363 3362/3362/3362 
f 3362/3362/3362 3231/3231/3231 3364/3364/3364 
f 3362/3362/3362 3232/3232/3232 3231/3231/3231 
f 3231/3231/3231 3230/3230/3230 3364/3364/3364 
f 3361/3361/3361 3365/3365/3365 3360/3360/3360 
f 3361/3361/3361 3366/3366/3366 3365/3365/3365 
f 3367/3367/3367 3365/3365/3365 3366/3366/3366 
f 3360/3360/3360 3365/3365/3365 3236/3236/3236 
f 3232/3232/3232 3360/3360/3360 3236/3236/3236 
f 3365/3365/3365 3367/3367/3367 3368/3368/3368 
f 3236/3236/3236 3365/3365/3365 3368/3368/3368 
f 3367/3367/3367 3369/3369/3369 3368/3368/3368 
f 3370/3370/3370 3368/3368/3368 3369/3369/3369 
f 3370/3370/3370 3236/3236/3236 3368/3368/3368 
f 3369/3369/3369 3371/3371/3371 3370/3370/3370 
f 3236/3236/3236 3370/3370/3370 3371/3371/3371 
f 3371/3371/3371 3369/3369/3369 3372/3372/3372 
f 3372/3372/3372 3373/3373/3373 3371/3371/3371 
f 3236/3236/3236 3371/3371/3371 3373/3373/3373 
f 3372/3372/3372 3374/3374/3374 3373/3373/3373 
f 3375/3375/3375 3373/3373/3373 3374/3374/3374 
f 3236/3236/3236 3373/3373/3373 3375/3375/3375 
f 3374/3374/3374 3376/3376/3376 3375/3375/3375 
f 3377/3377/3377 3375/3375/3375 3376/3376/3376 
f 3375/3375/3375 3377/3377/3377 3378/3378/3378 
f 3379/3379/3379 3378/3378/3378 3377/3377/3377 
f 3377/3377/3377 3380/3380/3380 3379/3379/3379 
f 3378/3378/3378 3238/3238/3238 3375/3375/3375 
f 3375/3375/3375 3238/3238/3238 3236/3236/3236 
f 3379/3379/3379 3238/3238/3238 3378/3378/3378 
f 3381/3381/3381 3379/3379/3379 3380/3380/3380 
f 3382/3382/3382 3379/3379/3379 3381/3381/3381 
f 3238/3238/3238 3379/3379/3379 3382/3382/3382 
f 3381/3381/3381 3383/3383/3383 3382/3382/3382 
f 3383/3383/3383 3238/3238/3238 3382/3382/3382 
f 3383/3383/3383 3381/3381/3381 3384/3384/3384 
f 3384/3384/3384 3385/3385/3385 3383/3383/3383 
f 3238/3238/3238 3383/3383/3383 3385/3385/3385 
f 3385/3385/3385 3384/3384/3384 3386/3386/3386 
f 3387/3387/3387 3385/3385/3385 3386/3386/3386 
f 3385/3385/3385 3387/3387/3387 3388/3388/3388 
f 3238/3238/3238 3385/3385/3385 3388/3388/3388 
f 3205/3205/3205 3388/3388/3388 3387/3387/3387 
f 3388/3388/3388 3205/3205/3205 3389/3389/3389 
f 3388/3388/3388 3208/3208/3208 3238/3238/3238 
f 3388/3388/3388 3389/3389/3389 3208/3208/3208 
f 3205/3205/3205 3204/3204/3204 3389/3389/3389 
f 3208/3208/3208 3389/3389/3389 3204/3204/3204 
f 3390/3390/3390 3391/3391/3391 3392/3392/3392 
f 3391/3391/3391 3390/3390/3390 3393/3393/3393 
f 3392/3392/3392 3394/3394/3394 3390/3390/3390 
f 3394/3394/3394 3392/3392/3392 3395/3395/3395 
f 3394/3394/3394 3395/3395/3395 3396/3396/3396 
f 3393/3393/3393 3397/3397/3397 3391/3391/3391 
f 3391/3391/3391 3397/3397/3397 3398/3398/3398 
f 3398/3398/3398 3397/3397/3397 3399/3399/3399 
f 3397/3397/3397 3400/3400/3400 3399/3399/3399 
f 3400/3400/3400 3401/3401/3401 3399/3399/3399 
f 3401/3401/3401 3400/3400/3400 3402/3402/3402 
f 3403/3403/3403 3404/3404/3404 3405/3405/3405 
f 3406/3406/3406 3405/3405/3405 3404/3404/3404 
f 3405/3405/3405 3406/3406/3406 3407/3407/3407 
f 3406/3406/3406 3408/3408/3408 3407/3407/3407 
f 3404/3404/3404 3403/3403/3403 3409/3409/3409 
f 3403/3403/3403 3410/3410/3410 3409/3409/3409 
f 3410/3410/3410 3403/3403/3403 3411/3411/3411 
f 3412/3412/3412 3410/3410/3410 3411/3411/3411 
f 3412/3412/3412 3413/3413/3413 3410/3410/3410 
f 3414/3414/3414 3413/3413/3413 3412/3412/3412 
f 3413/3413/3413 3414/3414/3414 3415/3415/3415 
f 3202/3202/3202 3416/3416/3416 3203/3203/3203 
f 3416/3416/3416 3194/3194/3194 3203/3203/3203 
f 3416/3416/3416 3202/3202/3202 3417/3417/3417 
f 3417/3417/3417 3418/3418/3418 3416/3416/3416 
f 3418/3418/3418 3417/3417/3417 3419/3419/3419 
f 3419/3419/3419 3420/3420/3420 3418/3418/3418 
f 3421/3421/3421 3416/3416/3416 3418/3418/3418 
f 3416/3416/3416 3421/3421/3421 3194/3194/3194 
f 3418/3418/3418 3420/3420/3420 3422/3422/3422 
f 3421/3421/3421 3418/3418/3418 3422/3422/3422 
f 3423/3423/3423 3422/3422/3422 3420/3420/3420 
f 3422/3422/3422 3423/3423/3423 3424/3424/3424 
f 3422/3422/3422 3424/3424/3424 3421/3421/3421 
f 3423/3423/3423 3425/3425/3425 3424/3424/3424 
f 3421/3421/3421 3424/3424/3424 3425/3425/3425 
f 3425/3425/3425 3423/3423/3423 3426/3426/3426 
f 3427/3427/3427 3425/3425/3425 3426/3426/3426 
f 3428/3428/3428 3425/3425/3425 3427/3427/3427 
f 3425/3425/3425 3428/3428/3428 3421/3421/3421 
f 3427/3427/3427 3429/3429/3429 3428/3428/3428 
f 3428/3428/3428 3429/3429/3429 3421/3421/3421 
f 3429/3429/3429 3427/3427/3427 3430/3430/3430 
f 3429/3429/3429 3430/3430/3430 3431/3431/3431 
f 3432/3432/3432 3429/3429/3429 3431/3431/3431 
f 3431/3431/3431 3433/3433/3433 3432/3432/3432 
f 3429/3429/3429 3434/3434/3434 3421/3421/3421 
f 3434/3434/3434 3429/3429/3429 3432/3432/3432 
f 3435/3435/3435 3432/3432/3432 3433/3433/3433 
f 3434/3434/3434 3432/3432/3432 3435/3435/3435 
f 3436/3436/3436 3435/3435/3435 3433/3433/3433 
f 3435/3435/3435 3436/3436/3436 3437/3437/3437 
f 3434/3434/3434 3435/3435/3435 3437/3437/3437 
f 3438/3438/3438 3437/3437/3437 3436/3436/3436 
f 3437/3437/3437 3438/3438/3438 3434/3434/3434 
f 3438/3438/3438 3436/3436/3436 3439/3439/3439 
f 3439/3439/3439 3440/3440/3440 3438/3438/3438 
f 3434/3434/3434 3438/3438/3438 3440/3440/3440 
f 3440/3440/3440 3439/3439/3439 3441/3441/3441 
f 3171/3171/3171 3440/3440/3440 3441/3441/3441 
f 3440/3440/3440 3171/3171/3171 3170/3170/3170 
f 3170/3170/3170 3434/3434/3434 3440/3440/3440 
f 3161/3161/3161 3434/3434/3434 3170/3170/3170 
f 3434/3434/3434 3442/3442/3442 3421/3421/3421 
f 3161/3161/3161 3443/3443/3443 3434/3434/3434 
f 3442/3442/3442 3434/3434/3434 3443/3443/3443 
f 3444/3444/3444 3421/3421/3421 3442/3442/3442 
f 3443/3443/3443 3444/3444/3444 3442/3442/3442 
f 3421/3421/3421 3444/3444/3444 3194/3194/3194 
f 3443/3443/3443 3161/3161/3161 3445/3445/3445 
f 3444/3444/3444 3446/3446/3446 3194/3194/3194 
f 3444/3444/3444 3443/3443/3443 3446/3446/3446 
f 3443/3443/3443 3445/3445/3445 3446/3446/3446 
f 3161/3161/3161 3446/3446/3446 3445/3445/3445 
f 3446/3446/3446 3179/3179/3179 3194/3194/3194 
f 3161/3161/3161 3179/3179/3179 3446/3446/3446 
f 3447/3447/3447 3448/3448/3448 3449/3449/3449 
f 3448/3448/3448 3447/3447/3447 3450/3450/3450 
f 3449/3449/3449 3451/3451/3451 3447/3447/3447 
f 3450/3450/3450 3452/3452/3452 3448/3448/3448 
f 3451/3451/3451 3449/3449/3449 3453/3453/3453 
f 3448/3448/3448 3452/3452/3452 3454/3454/3454 
f 3453/3453/3453 3455/3455/3455 3451/3451/3451 
f 3455/3455/3455 3453/3453/3453 3456/3456/3456 
f 3457/3457/3457 3455/3455/3455 3456/3456/3456 
f 3454/3454/3454 3452/3452/3452 3458/3458/3458 
f 3454/3454/3454 3458/3458/3458 3459/3459/3459 
f 3458/3458/3458 3460/3460/3460 3459/3459/3459 
f 3460/3460/3460 3458/3458/3458 3461/3461/3461 
f 3462/3462/3462 3463/3463/3463 3464/3464/3464 
f 3463/3463/3463 3465/3465/3465 3464/3464/3464 
f 3463/3463/3463 3462/3462/3462 3466/3466/3466 
f 3465/3465/3465 3463/3463/3463 3467/3467/3467 
f 3468/3468/3468 3466/3466/3466 3462/3462/3462 
f 3469/3469/3469 3465/3465/3465 3467/3467/3467 
f 3466/3466/3466 3468/3468/3468 3470/3470/3470 
f 3471/3471/3471 3469/3469/3469 3467/3467/3467 
f 3472/3472/3472 3469/3469/3469 3471/3471/3471 
f 3469/3469/3469 3472/3472/3472 3473/3473/3473 
f 3474/3474/3474 3470/3470/3470 3468/3468/3468 
f 3470/3470/3470 3474/3474/3474 3475/3475/3475 
f 3476/3476/3476 3475/3475/3475 3474/3474/3474 
f 3477/3477/3477 3478/3478/3478 3479/3479/3479 
f 3478/3478/3478 3480/3480/3480 3479/3479/3479 
f 3481/3481/3481 3477/3477/3477 3479/3479/3479 
f 3482/3482/3482 3480/3480/3480 3478/3478/3478 
f 3477/3477/3477 3481/3481/3481 3483/3483/3483 
f 3481/3481/3481 3484/3484/3484 3483/3483/3483 
f 3484/3484/3484 3481/3481/3481 3485/3485/3485 
f 3480/3480/3480 3482/3482/3482 3486/3486/3486 
f 3487/3487/3487 3486/3486/3486 3482/3482/3482 
f 3486/3486/3486 3487/3487/3487 3488/3488/3488 
f 3487/3487/3487 3489/3489/3489 3488/3488/3488 
f 3489/3489/3489 3490/3490/3490 3488/3488/3488 
f 3491/3491/3491 3492/3492/3492 3493/3493/3493 
f 3492/3492/3492 3494/3494/3494 3493/3493/3493 
f 3491/3491/3491 3493/3493/3493 3495/3495/3495 
f 3494/3494/3494 3492/3492/3492 3496/3496/3496 
f 3495/3495/3495 3497/3497/3497 3491/3491/3491 
f 3496/3496/3496 3498/3498/3498 3494/3494/3494 
f 3497/3497/3497 3495/3495/3495 3499/3499/3499 
f 3500/3500/3500 3497/3497/3497 3499/3499/3499 
f 3497/3497/3497 3500/3500/3500 3501/3501/3501 
f 3498/3498/3498 3496/3496/3496 3502/3502/3502 
f 3502/3502/3502 3503/3503/3503 3498/3498/3498 
f 3502/3502/3502 3504/3504/3504 3503/3503/3503 
f 3505/3505/3505 3506/3506/3506 3507/3507/3507 
f 3505/3505/3505 3507/3507/3507 3508/3508/3508 
f 3506/3506/3506 3505/3505/3505 3509/3509/3509 
f 3506/3506/3506 3509/3509/3509 3510/3510/3510 
f 3510/3510/3510 3509/3509/3509 3511/3511/3511 
f 3512/3512/3512 3513/3513/3513 3514/3514/3514 
f 3515/3515/3515 3514/3514/3514 3513/3513/3513 
f 3514/3514/3514 3515/3515/3515 3516/3516/3516 
f 3513/3513/3513 3512/3512/3512 3517/3517/3517 
f 3512/3512/3512 3518/3518/3518 3517/3517/3517 

