# This file is brought to you by Roblox Corporation
# Generated by Roblox Studio

mtllib wow3.mtl

g Handle1

v -5.25055 14.6414 11.8289 
v -5.20577 14.5643 11.8158 
v -5.27384 14.6361 11.8203 
v -5.20943 14.5599 11.8278 
v -5.25233 14.6393 11.8348 
v -5.15324 14.379 11.7952 
v -5.14875 14.3826 11.7814 
v -5.1123 14.1974 11.7852 
v -5.25956 14.5545 11.7959 
v -5.26321 14.5501 11.8079 
v -5.27562 14.6339 11.8262 
v -5.20943 14.5599 11.8278 
v -5.25233 14.6393 11.8348 
v -5.15324 14.379 11.7952 
v -5.22763 14.3736 11.7678 
v -5.1123 14.1974 11.7852 
v -5.22313 14.3771 11.754 
v -5.20082 14.1919 11.7518 
v -5.0764 13.9999 11.8011 
v -5.1066 14.1983 11.7695 
v -5.0764 13.9999 11.8011 
v -5.19512 14.1927 11.7361 
v -5.06959 13.9974 11.7851 
v -5.06234 13.796 11.836 
v -5.17837 13.9918 11.7612 
v -5.06234 13.796 11.836 
v -5.17542 13.7851 11.7904 
v -5.17156 13.9893 11.7452 
v -5.16772 13.7794 11.7747 
v -5.17542 13.7851 11.7904 
v -5.05464 13.7903 11.8203 
v -5.2539 14.6416 11.8362 
v -5.22276 14.5587 11.8194 
v -5.27856 14.6398 11.8304 
v -5.2553 14.6398 11.8423 
v -5.22562 14.5549 11.8318 
v -5.21708 14.3718 11.7979 
v -5.2135 14.3749 11.7836 
v -5.21493 14.1889 11.7875 
v -5.27932 14.557 11.8059 
v -5.28218 14.5532 11.8183 
v -5.27995 14.6379 11.8364 
v -5.22562 14.5549 11.8318 
v -5.2553 14.6398 11.8423 
v -5.21708 14.3718 11.7979 
v -5.29445 14.3741 11.7793 
v -5.21493 14.1889 11.7875 
v -5.29086 14.3772 11.7649 
v -5.30703 14.1916 11.7646 
v -5.22138 13.99 11.8043 
v -5.328 13.9916 11.7765 
v -5.30302 14.1919 11.7483 
v -5.32373 13.9885 11.7599 
v -5.2171 13.9869 11.7877 
v -5.21093 14.1892 11.7713 
v -5.22138 13.99 11.8043 
v -5.32373 13.9885 11.7599 
v -5.328 13.9916 11.7765 
v -5.25378 16.7815 12.4405 
v -5.27562 16.7815 12.4187 
v -5.2647 16.7815 12.445 
v -5.24926 16.7815 12.4296 
v -5.28014 16.7815 12.4296 
v -5.27562 16.7815 12.4405 
v -5.2647 16.7815 12.4142 
v -5.25378 16.7815 12.4187 
v -5.3018 16.6708 12.4667 
v -5.31915 16.6941 12.4296 
v -5.31717 16.6708 12.4296 
v -5.3032 16.6941 12.3911 
v -5.2647 16.6941 12.3752 
v -5.2276 16.6708 12.3925 
v -5.2647 16.6708 12.3771 
v -5.2262 16.6941 12.3911 
v -5.21223 16.6708 12.4296 
v -5.3032 16.6941 12.4681 
v -5.2647 16.6708 12.4821 
v -5.2647 16.6941 12.4841 
v -5.2647 16.6999 12.4544 
v -5.21025 16.6941 12.4296 
v -5.2276 16.6708 12.4667 
v -5.2822 16.6999 12.4471 
v -5.28945 16.6999 12.4296 
v -5.28341 16.7209 12.4483 
v -5.2647 16.7209 12.4561 
v -5.29116 16.7209 12.4296 
v -5.2822 16.6999 12.4121 
v -5.29585 16.7523 12.4608 
v -5.2647 16.7523 12.4737 
v -5.2647 16.7815 12.445 
v -5.27562 16.7815 12.4405 
v -5.28014 16.7815 12.4296 
v -5.28341 16.7209 12.4109 
v -5.30876 16.7523 12.4296 
v -5.29585 16.7523 12.3985 
v -5.27562 16.7815 12.4187 
v -5.2647 16.7815 12.4142 
v -5.2647 16.7523 12.3855 
v -5.2647 16.6999 12.4049 
v -5.2647 16.7209 12.4031 
v -5.2472 16.6999 12.4121 
v -5.23355 16.7523 12.3985 
v -5.25378 16.7815 12.4187 
v -5.24926 16.7815 12.4296 
v -5.23995 16.6999 12.4296 
v -5.24599 16.7209 12.4109 
v -5.23824 16.7209 12.4296 
v -5.22064 16.7523 12.4296 
v -5.25378 16.7815 12.4405 
v -5.23355 16.7523 12.4608 
v -5.2647 16.7523 12.4737 
v -5.2647 16.7815 12.445 
v -5.24599 16.7209 12.4483 
v -5.2647 16.7209 12.4561 
v -5.2472 16.6999 12.4471 
v -5.2647 16.6999 12.4544 
v -5.2262 16.6941 12.4681 
v -5.2647 16.6941 12.4841 
v -5.35535 16.5193 12.5203 
v -5.2647 16.5834 12.5387 
v -5.34184 16.5834 12.5067 
v -5.2647 16.5193 12.5578 
v -5.2647 16.6195 12.4703 
v -5.37379 16.5834 12.4296 
v -5.3929 16.5193 12.4296 
v -5.2935 16.6195 12.4584 
v -5.30008 16.6335 12.465 
v -5.2647 16.6335 12.4796 
v -5.30542 16.6195 12.4296 
v -5.34184 16.5834 12.3525 
v -5.35535 16.5193 12.339 
v -5.2647 16.6475 12.4642 
v -5.2647 16.5193 12.3014 
v -5.28918 16.6475 12.4541 
v -5.2647 16.5834 12.3205 
v -5.17404 16.5193 12.339 
v -5.29931 16.6475 12.4296 
v -5.18756 16.5834 12.3525 
v -5.15561 16.5834 12.4296 
v -5.13649 16.5193 12.4296 
v -5.17404 16.5193 12.5203 
v -5.18756 16.5834 12.5067 
v -5.2647 16.5834 12.5387 
v -5.2647 16.5193 12.5578 
v -5.2359 16.6195 12.4584 
v -5.2647 16.6195 12.4703 
v -5.2647 16.6335 12.4796 
v -5.22397 16.6195 12.4296 
v -5.22932 16.6335 12.465 
v -5.2359 16.6195 12.4008 
v -5.21467 16.6335 12.4296 
v -5.24022 16.6475 12.4541 
v -5.2647 16.6475 12.4642 
v -5.2647 16.6708 12.4821 
v -5.22932 16.6335 12.3942 
v -5.2647 16.6195 12.3889 
v -5.23008 16.6475 12.4296 
v -5.24022 16.6475 12.4051 
v -5.2647 16.6475 12.395 
v -5.2647 16.6335 12.3796 
v -5.2935 16.6195 12.4008 
v -5.30008 16.6335 12.3942 
v -5.31473 16.6335 12.4296 
v -5.28918 16.6475 12.4051 
v -5.3018 16.6708 12.3925 
v -5.12659 16.6565 12.5677 
v -5.05105 16.5388 12.684 
v -5.03481 16.5587 12.6595 
v -5.49645 16.501 12.2958 
v -5.2647 16.5543 12.4296 
v -5.3985 16.501 12.1978 
v -5.69293 16.3494 12.1824 
v -5.53231 16.501 12.4296 
v -5.75917 16.3494 12.4296 
v -5.91076 16.1226 12.4296 
v -5.8242 16.1226 12.7526 
v -5.49645 16.501 12.5634 
v -5.69293 16.3494 12.6768 
v -5.58772 16.1226 12.9891 
v -5.3985 16.501 12.6614 
v -5.2647 16.501 12.6972 
v -5.13089 16.501 12.6614 
v -5.26469 16.3494 12.9241 
v -5.51193 16.3494 12.8578 
v -5.01035 16.5388 12.6433 
v -5.12659 16.6565 12.5677 
v -5.03481 16.5587 12.6595 
v -5.30008 16.6335 12.3942 
v -5.2647 16.6475 12.395 
v -5.2647 16.6335 12.3796 
v -5.61434 15.785 13.0352 
v -5.26468 15.785 13.1289 
v -5.8703 15.785 12.7793 
v -5.26469 16.1226 13.0757 
v -4.91504 15.785 13.0352 
v -5.96398 15.785 12.4296 
v -4.94166 16.1226 12.9891 
v -4.65907 15.785 12.7793 
v -5.8242 16.1226 12.1066 
v -5.8703 15.785 12.08 
v -4.70518 16.1226 12.7526 
v -5.58772 16.1226 11.8701 
v -5.61433 15.785 11.824 
v -5.26468 15.785 11.7303 
v -4.61862 16.1226 12.4296 
v -4.56538 15.785 12.4296 
v -4.83646 16.3494 12.6768 
v -4.70518 16.1226 12.1066 
v -4.65907 15.785 12.08 
v -4.77021 16.3494 12.4296 
v -5.01745 16.3494 12.8578 
v -5.03294 16.501 12.5634 
v -4.99709 16.501 12.4296 
v -4.83646 16.3494 12.1824 
v -5.03294 16.501 12.2958 
v -5.01745 16.3494 12.0014 
v -4.94166 16.1226 11.8701 
v -4.91503 15.785 11.824 
v -5.13089 16.501 12.1978 
v -5.26469 16.3494 11.9351 
v -5.26469 16.1226 11.7835 
v -5.51193 16.3494 12.0014 
v -5.2647 16.501 12.162 
v -5.93568 14.9497 12.287 
v -5.94954 15.1049 12.2989 
v -5.93011 14.9886 12.2309 
v -5.89007 14.9886 12.2309 
v -5.89397 14.8363 12.1822 
v -5.90586 14.9497 12.287 
v -5.83762 14.8363 12.1822 
v -5.89007 14.9886 12.2309 
v -5.82213 14.8764 12.1323 
v -5.87849 14.8764 12.1323 
v -5.82213 14.8764 12.1323 
v -5.81738 14.7654 12.1042 
v -5.76103 14.7654 12.1042 
v -5.76341 14.8064 12.0589 
v -5.81977 14.8064 12.0589 
v -5.76341 14.8064 12.0589 
v -5.67439 14.7194 12.0392 
v -5.72452 14.7154 12.0306 
v -5.66653 14.7589 11.9971 
v -5.5578 14.6952 11.9637 
v -5.53572 14.7277 11.9201 
v -5.4127 14.673 11.9196 
v -5.39424 14.7077 11.8761 
v -5.26467 14.6608 11.9107 
v -5.26467 14.699 11.8672 
v -5.1351 14.7077 11.8761 
v -5.11663 14.673 11.9196 
v -4.99362 14.7277 11.9201 
v -4.97154 14.6952 11.9637 
v -4.86281 14.7589 11.9971 
v -4.85494 14.7194 12.0392 
v -4.76592 14.8065 12.0589 
v -4.76831 14.7654 12.1042 
v -4.70721 14.8764 12.1323 
v -4.69172 14.8363 12.1822 
v -4.63928 14.9886 12.2309 
v -4.80481 14.7154 12.0306 
v -4.71195 14.7654 12.1042 
v -4.93488 14.6874 11.9473 
v -4.97154 14.6952 11.9637 
v -4.70957 14.8065 12.0589 
v -5.09962 14.667 11.8926 
v -5.11663 14.673 11.9196 
v -4.95696 14.7199 11.9036 
v -5.11808 14.7017 11.8491 
v -4.81132 14.754 11.9867 
v -5.26467 14.6581 11.8839 
v -5.26467 14.6608 11.9107 
v -5.26467 14.6937 11.8375 
v -5.4127 14.673 11.9196 
v -5.41126 14.7017 11.8491 
v -5.42972 14.667 11.8926 
v -5.5578 14.6952 11.9637 
v -5.57238 14.7199 11.9036 
v -5.59446 14.6874 11.9473 
v -5.71802 14.754 11.9867 
v -5.66653 14.7589 11.9971 
v -5.57238 14.7199 11.9036 
v -5.53572 14.7277 11.9201 
v -5.41126 14.7017 11.8491 
v -5.39424 14.7077 11.8761 
v -5.26467 14.6937 11.8375 
v -5.26467 14.699 11.8672 
v -5.1351 14.7077 11.8761 
v -5.11808 14.7017 11.8491 
v -4.99362 14.7277 11.9201 
v -4.95696 14.7199 11.9036 
v -4.86281 14.7589 11.9971 
v -4.76592 14.8065 12.0589 
v -4.70721 14.8764 12.1323 
v -4.65086 14.8764 12.1323 
v -4.63928 14.9886 12.2309 
v -4.59924 14.9886 12.2309 
v -4.6112 15.1049 12.2989 
v -4.63537 14.8363 12.1822 
v -4.59366 14.9498 12.287 
v -4.62348 14.9498 12.287 
v -4.60246 15.0803 12.3669 
v -4.6112 15.1049 12.2989 
v -4.57107 15.0803 12.3669 
v -4.57981 15.1049 12.2989 
v -4.60168 15.2351 12.3448 
v -4.59868 15.2193 12.4202 
v -4.60168 15.2351 12.3448 
v -4.59773 15.446 12.462 
v -4.59773 15.4548 12.3806 
v -4.60776 15.7418 12.3963 
v -4.60776 15.7418 12.4851 
v -4.56456 15.2193 12.4202 
v -4.56579 15.446 12.462 
v -4.57731 15.7418 12.4851 
v -4.57731 15.7418 12.3963 
v -4.56757 15.2351 12.3448 
v -4.59773 15.4548 12.3806 
v -4.56579 15.4548 12.3806 
v -4.60776 15.7418 12.3963 
v -5.28084 14.613 11.8339 
v -5.29742 14.6375 11.8204 
v -5.27124 14.6352 11.8133 
v -5.30094 14.671 11.8221 
v -5.26391 14.6678 11.812 
v -5.23809 14.6496 11.8363 
v -5.30535 14.627 11.8447 
v -5.31215 14.6562 11.8564 
v -5.28633 14.6381 11.8807 
v -5.25298 14.6224 11.8304 
v -5.2493 14.6348 11.8706 
v -5.26091 14.6119 11.8547 
v -5.28709 14.6142 11.8618 
v -5.279 14.6706 11.8794 
v -5.31215 14.6562 11.8564 
v -5.25282 14.6683 11.8723 
v -5.29726 14.6834 11.8622 
v -5.30094 14.671 11.8221 
v -5.2694 14.6928 11.8588 
v -5.24489 14.6788 11.848 
v -5.23809 14.6496 11.8363 
v -5.26391 14.6678 11.812 
v -5.28933 14.6939 11.838 
v -5.26315 14.6916 11.8308 
v -6.06944 15.9581 12.4296 
v -6.00488 15.8716 12.857 
v -5.96162 15.9581 12.832 
v -5.66706 15.7851 13.1265 
v -5.96162 15.7851 12.832 
v -6.06943 15.7851 12.4296 
v -5.69204 15.8716 13.1698 
v -5.26468 15.7851 13.2344 
v -6.11939 15.8716 12.4296 
v -5.96162 15.7851 12.0272 
v -5.66706 15.9581 13.1265 
v -6.00488 15.8716 12.0023 
v -5.66706 15.7851 11.7327 
v -5.96162 15.9581 12.0272 
v -5.69204 15.8716 11.6894 
v -5.61711 15.9581 13.04 
v -5.87511 15.9581 12.782 
v -5.96954 15.9581 12.4296 
v -5.66706 15.9581 11.7327 
v -5.26469 15.8716 11.5749 
v -5.26468 15.7851 11.6249 
v -4.83734 15.8716 11.6894 
v -4.86231 15.7851 11.7327 
v -4.56775 15.7851 12.0272 
v -5.26469 15.9581 11.6249 
v -4.52449 15.8716 12.0023 
v -4.45993 15.7851 12.4296 
v -4.86231 15.9581 11.7327 
v -4.40999 15.8716 12.4296 
v -4.56775 15.7851 12.832 
v -4.52449 15.8716 12.857 
v -4.56775 15.9581 12.832 
v -4.45994 15.9581 12.4296 
v -4.56775 15.9581 12.0272 
v -4.91226 15.9581 11.8192 
v -4.65427 15.9581 12.0772 
v -4.55984 15.9581 12.4296 
v -4.65427 15.9581 12.782 
v -4.69753 15.8716 12.7571 
v -4.60979 15.8716 12.4296 
v -4.55983 15.7851 12.4296 
v -4.65427 15.7851 12.782 
v -4.65427 15.7851 12.0772 
v -4.69753 15.8716 12.1022 
v -4.93724 15.8716 11.8624 
v -4.91226 15.7851 11.8192 
v -5.26469 15.8716 11.7747 
v -5.26468 15.7851 11.7248 
v -5.26469 15.9581 11.7248 
v -5.59214 15.8716 11.8624 
v -5.61711 15.7851 11.8192 
v -5.61711 15.9581 11.8192 
v -5.87511 15.9581 12.0772 
v -5.83185 15.8716 12.1022 
v -5.8751 15.7851 12.0772 
v -5.96953 15.7851 12.4296 
v -5.91959 15.8716 12.4296 
v -5.8751 15.7851 12.782 
v -5.83185 15.8716 12.7571 
v -5.61711 15.7851 13.04 
v -5.59214 15.8716 12.9968 
v -5.26469 15.8716 13.0845 
v -5.26468 15.7851 13.1345 
v -4.93724 15.8716 12.9968 
v -4.91226 15.7851 13.04 
v -4.69753 15.8716 12.7571 
v -4.65427 15.7851 12.782 
v -5.26469 15.9581 13.1345 
v -4.91226 15.9581 13.04 
v -4.65427 15.9581 12.782 
v -4.56775 15.9581 12.832 
v -4.86231 15.9581 13.1265 
v -5.26469 15.9581 13.2344 
v -5.26469 15.8716 13.2843 
v -4.86231 15.7851 13.1265 
v -4.83734 15.8716 13.1698 
v -4.52449 15.8716 12.857 
v -4.56775 15.7851 12.832 
v -6.02226 15.749 13.7418 
v -5.26469 15.785 13.9145 
v -6.00711 15.785 13.7155 
v -5.26468 15.749 13.9448 
v -5.61434 15.785 13.0352 
v -6.5506 15.785 13.172 
v -6.57684 15.749 13.1872 
v -5.26468 15.785 13.1289 
v -5.8703 15.785 12.7793 
v -6.74953 15.785 12.4296 
v -6.77983 15.749 12.4296 
v -5.96398 15.785 12.4296 
v -6.57684 15.749 11.672 
v -6.5506 15.785 11.6872 
v -5.8703 15.785 12.08 
v -6.02226 15.749 11.1174 
v -6.00711 15.785 11.1437 
v -5.61433 15.785 11.824 
v -5.26468 15.785 11.7303 
v -5.26468 15.785 10.9448 
v -5.26468 15.749 10.9145 
v -4.91503 15.785 11.824 
v -4.50711 15.749 11.1174 
v -4.52226 15.785 11.1437 
v -3.95253 15.749 11.672 
v -3.97877 15.7851 11.6872 
v -4.65907 15.785 12.08 
v -3.77984 15.7851 12.4296 
v -3.74953 15.749 12.4296 
v -4.56538 15.785 12.4296 
v -3.97877 15.7851 13.172 
v -3.95253 15.749 13.1872 
v -4.65907 15.785 12.7793 
v -4.52226 15.785 13.7155 
v -4.50711 15.749 13.7418 
v -4.91504 15.785 13.0352 
v -5.54292 14.4474 11.7363 
v -5.52204 14.405 11.8113 
v -5.54025 14.4049 11.732 
v -5.52397 14.4476 11.8089 
v -5.56089 14.4543 11.7344 
v -5.51457 14.4936 11.7467 
v -5.49431 14.4941 11.8075 
v -5.55932 14.3988 11.7297 
v -5.52547 14.5107 11.7459 
v -5.50552 14.3649 11.7347 
v -5.48731 14.3649 11.814 
v -5.51825 14.3494 11.7329 
v -5.46055 14.3474 11.7392 
v -5.45703 14.3282 11.7391 
v -5.44235 14.3475 11.8185 
v -5.40587 14.3672 11.7484 
v -5.42108 14.3817 11.7472 
v -5.42108 14.3817 11.7472 
v -5.40205 14.3819 11.8191 
v -5.38103 14.4425 11.7613 
v -5.39804 14.454 11.7598 
v -5.39804 14.454 11.7598 
v -5.3779 14.4545 11.8217 
v -5.32934 14.5459 11.7861 
v -5.34602 14.5532 11.7851 
v -5.34602 14.5532 11.7851 
v -5.33572 14.5453 11.8299 
v -5.29471 14.6255 11.8194 
v -5.29295 14.6077 11.8518 
v -5.29471 14.6255 11.8194 
v -5.28159 14.62 11.821 
v -5.27269 14.6452 11.8281 
v -5.28582 14.6507 11.8266 
v -5.29295 14.6077 11.8518 
v -5.38663 14.5553 11.8209 
v -5.4062 14.5637 11.7741 
v -5.42057 14.5744 11.7743 
v -5.30596 14.6355 11.8194 
v -5.29323 14.6573 11.8266 
v -5.29443 14.6405 11.8587 
v -5.28768 14.6326 11.8579 
v -5.27269 14.6452 11.8281 
v -5.27079 14.6276 11.8603 
v -5.51825 14.3494 11.7329 
v -5.54111 14.3988 11.809 
v -5.55932 14.3988 11.7297 
v -5.56089 14.4543 11.7344 
v -5.50004 14.3494 11.8122 
v -5.54194 14.4545 11.8071 
v -5.52547 14.5107 11.7459 
v -5.52397 14.4476 11.8089 
v -5.52204 14.405 11.8113 
v -5.48731 14.3649 11.814 
v -5.49431 14.4941 11.8075 
v -5.44235 14.3475 11.8185 
v -5.50521 14.5112 11.8067 
v -5.38663 14.5553 11.8209 
v -5.42057 14.5744 11.7743 
v -5.401 14.5659 11.8211 
v -5.30596 14.6355 11.8194 
v -5.30681 14.6193 11.852 
v -5.29295 14.6077 11.8518 
v -5.29443 14.6405 11.8587 
v -5.29323 14.6573 11.8266 
v -5.28768 14.6326 11.8579 
v -5.27079 14.6276 11.8603 
v -5.27968 14.6024 11.8532 
v -5.31904 14.5379 11.8308 
v -5.33572 14.5453 11.8299 
v -5.3779 14.4545 11.8217 
v -5.36089 14.443 11.8232 
v -5.40205 14.3819 11.8191 
v -5.38685 14.3674 11.8204 
v -5.43882 14.3282 11.8184 
v -5.45703 14.3282 11.7391 
v -5.51825 14.3494 11.7329 
v -5.40587 14.3672 11.7484 
v -5.38685 14.3674 11.8204 
v -5.38103 14.4425 11.7613 
v -5.36089 14.443 11.8232 
v -5.32934 14.5459 11.7861 
v -5.31904 14.5379 11.8308 
v -5.28159 14.62 11.821 
v -5.27968 14.6024 11.8532 
v -5.27079 14.6276 11.8603 
v -5.27269 14.6452 11.8281 
v -5.21892 16.6253 12.4754 
v -5.24012 16.658 12.4542 
v -5.2016 16.6486 12.4418 
v -5.21892 16.6253 12.4754 
v -5.25247 16.6486 12.4927 
v -5.23896 16.6991 12.4553 
v -5.21892 16.6253 12.4754 
v -5.22631 16.6297 12.5189 
v -5.25643 16.6858 12.5098 
v -5.21942 16.6591 12.5468 
v -5.22847 16.7152 12.5167 
v -5.2023 16.6963 12.5429 
v -5.18498 16.7195 12.5093 
v -5.21612 16.7246 12.4782 
v -5.18498 16.7195 12.5093 
v -5.1776 16.7152 12.4658 
v -5.18498 16.7195 12.5093 
v -5.18449 16.6858 12.4379 
v -5.14748 16.6591 12.4749 
v -5.15143 16.6963 12.492 
v -5.18498 16.7195 12.5093 
v -5.17543 16.6297 12.468 
v -5.21892 16.6253 12.4754 
v -5.16494 16.6458 12.5294 
v -5.18498 16.7195 12.5093 
v -5.16378 16.6869 12.5305 
v -5.21892 16.6253 12.4754 
v -5.18778 16.6203 12.5065 
v -5.22631 16.6297 12.5189 
v -5.21892 16.6253 12.4754 
v -5.21942 16.6591 12.5468 
v -5.2023 16.6963 12.5429 
v -5.18498 16.7195 12.5093 
v -4.52226 15.7384 11.1437 
v -3.97877 15.7384 11.6872 
v -5.26468 15.7384 12.4296 
v -3.77984 15.7384 12.4296 
v -5.26468 15.7384 10.9448 
v -3.97877 15.7384 13.172 
v -6.00711 15.7384 11.1437 
v -4.52226 15.7384 13.7155 
v -6.5506 15.7384 11.6872 
v -5.26468 15.7384 13.9145 
v -6.74953 15.7384 12.4296 
v -6.00711 15.7384 13.7155 
v -6.5506 15.7384 13.172 
v -5.26468 15.7384 13.9145 
v -4.50711 15.749 13.7418 
v -5.26468 15.749 13.9448 
v -4.52226 15.7384 13.7155 
v -6.00711 15.7384 13.7155 
v -3.95253 15.749 13.1872 
v -6.02226 15.749 13.7418 
v -3.97877 15.7384 13.172 
v -6.5506 15.7384 13.172 
v -3.77984 15.7384 12.4296 
v -6.57684 15.749 13.1872 
v -3.74953 15.749 12.4296 
v -6.74953 15.7384 12.4296 
v -3.97877 15.7384 11.6872 
v -6.77983 15.749 12.4296 
v -3.95253 15.749 11.672 
v -6.57684 15.749 11.672 
v -4.52226 15.7384 11.1437 
v -6.5506 15.7384 11.6872 
v -4.50711 15.749 11.1174 
v -6.02226 15.749 11.1174 
v -5.26468 15.7384 10.9448 
v -6.00711 15.7384 11.1437 
v -5.26468 15.749 10.9145 
v -5.95205 15.7417 12.3963 
v -5.96357 15.4548 12.3806 
v -5.96357 15.4459 12.462 
v -5.93163 15.4548 12.3806 
v -5.92161 15.7417 12.3963 
v -5.92767 15.2351 12.3448 
v -5.95205 15.7417 12.4851 
v -5.96178 15.2351 12.3448 
v -5.91814 15.1049 12.2989 
v -5.93163 15.446 12.462 
v -5.92161 15.7417 12.4851 
v -5.92161 15.7417 12.3963 
v -5.93163 15.4548 12.3806 
v -5.92767 15.2351 12.3448 
v -5.93067 15.2192 12.4202 
v -5.96479 15.2192 12.4202 
v -5.92689 15.0802 12.3669 
v -5.91814 15.1049 12.2989 
v -5.95828 15.0802 12.3669 
v -5.07081 16.4912 12.6235 
v -5.18704 16.6089 12.548 
v -5.16258 16.589 12.5317 
v -5.16258 16.589 12.5317 
v -5.17608 16.6189 12.5182 
v -5.14635 16.6089 12.5073 
v -5.07081 16.4912 12.6235 
v -5.16258 16.589 12.5317 
v -5.0358 16.4911 12.6178 
v -5.07081 16.4912 12.6235 
v -5.04677 16.4811 12.6475 
v -5.07081 16.4912 12.6235 
v -5.0765 16.4911 12.6585 
v -5.02627 16.4967 12.668 
v -5.06832 16.5108 12.6835 
v -5.05105 16.5388 12.684 
v -5.02132 16.5288 12.673 
v -5.03481 16.5587 12.6595 
v -5.01076 16.5108 12.626 
v -5.01035 16.5388 12.6433 
v -5.03481 16.5587 12.6595 
v -5.12908 16.6369 12.5077 
v -5.17113 16.651 12.5232 
v -5.1209 16.6566 12.5327 
v -5.12659 16.6565 12.5677 
v -5.15063 16.6666 12.5437 
v -5.12659 16.6565 12.5677 
v -5.16159 16.6566 12.5734 
v -5.12659 16.6565 12.5677 
v -5.18704 16.6089 12.548 
v -5.16258 16.589 12.5317 
v -5.18663 16.6369 12.5652 
v -5.05105 16.5388 12.684 
v -5.12659 16.6565 12.5677 
v -5.06832 16.5108 12.6835 
v -5.0765 16.4911 12.6585 
v -5.07081 16.4912 12.6235 
v -5.17404 16.5193 12.5203 
v -5.3929 16.5193 12.4296 
v -5.35535 16.5193 12.339 
v -5.2647 16.5193 12.5578 
v -5.35535 16.5193 12.5203 
v -5.13649 16.5193 12.4296 
v -5.2647 16.5193 12.3014 
v -5.17404 16.5193 12.339 
v -5.02436 16.4417 12.6699 
v -5.03786 16.4716 12.6564 
v -5.00813 16.4616 12.6455 
v -5.03291 16.5037 12.6614 
v -4.99086 16.4896 12.6459 
v -4.72612 16.1811 12.8889 
v -5.04882 16.4616 12.6862 
v -5.04841 16.4896 12.7034 
v -4.87133 16.1811 13.0341 
v -4.77473 16.1314 12.8828 
v -4.53606 15.9686 12.9692 
v -4.87741 16.1314 12.9855 
v -4.7251 15.9686 13.1582 
v -4.83851 16.112 12.9217 
v -4.73401 15.9081 13.0939 
v -4.62358 15.8013 13.2354 
v -4.61183 15.8727 13.3153 
v -4.68789 15.8889 13.0064 
v -4.57023 15.7824 13.1241 
v -4.60035 15.9081 12.9603 
v -4.45893 15.8013 13.0707 
v -4.37897 15.8727 13.0825 
v -4.34958 15.7859 13.2788 
v -4.24139 15.7983 13.2075 
v -4.17698 15.8387 13.1976 
v -4.12912 15.7904 13.3447 
v -4.07015 15.8137 13.32 
v -3.9747 15.5679 13.339 
v -4.42087 15.7983 13.387 
v -4.4308 15.8387 13.4514 
v -4.24309 15.7814 13.4327 
v -4.33112 15.7904 13.5467 
v -4.35582 15.8136 13.6057 
v -4.30588 15.5679 13.6701 
v -4.27312 15.5687 13.584 
v -4.0608 15.5687 13.3717 
v -3.97988 15.3332 13.3667 
v -4.18689 15.5472 13.4579 
v -4.29156 15.3476 13.6104 
v -4.32761 15.3332 13.7144 
v -4.08393 15.3476 13.4027 
v -4.21183 15.3159 13.4824 
v -4.26667 15.1259 13.6241 
v -4.33157 15.098 13.7354 
v -4.03718 15.1259 13.3946 
v -3.92588 15.098 13.3297 
v -4.16778 15.0814 13.4935 
v -4.22653 15.1332 13.6643 
v -4.33157 15.098 13.7354 
v -3.99704 15.1332 13.4348 
v -3.92588 15.098 13.3297 
v -4.32761 15.3332 13.7144 
v -3.97988 15.3332 13.3667 
v -4.10525 15.0999 13.5561 
v -4.12047 15.3398 13.5738 
v -4.23357 15.3608 13.6684 
v -4.30588 15.5679 13.6701 
v -4.22868 15.5907 13.6285 
v -4.35582 15.8136 13.6057 
v -4.02593 15.3608 13.4607 
v -3.9747 15.5679 13.339 
v -4.11562 15.5807 13.5292 
v -4.01636 15.5907 13.4162 
v -4.07015 15.8137 13.32 
v -4.10071 15.8375 13.3731 
v -4.19845 15.8471 13.4774 
v -4.30271 15.8375 13.5751 
v -4.4308 15.8387 13.4514 
v -4.19408 15.8834 13.2548 
v -4.17698 15.8387 13.1976 
v -4.28009 15.9058 13.3483 
v -4.37356 15.8834 13.4343 
v -4.3772 15.9547 13.1524 
v -4.37897 15.8727 13.0825 
v -4.45465 15.9993 13.2396 
v -4.54186 15.9547 13.3171 
v -4.61183 15.8727 13.3153 
v -4.53269 16.0351 13.0279 
v -4.53606 15.9686 12.9692 
v -4.72612 16.1811 12.8889 
v -4.66636 16.0351 13.1616 
v -4.7251 15.9686 13.1582 
v -4.87133 16.1811 13.0341 
v -4.5922 16.0685 13.1021 
v -4.72115 16.232 12.9364 
v -4.98267 16.5093 12.6709 
v -4.99086 16.4896 12.6459 
v -5.03291 16.5037 12.6614 
v -4.76272 16.2543 12.9975 
v -4.98837 16.5092 12.7059 
v -5.01241 16.5193 12.6819 
v -5.02337 16.5093 12.7116 
v -5.04841 16.4896 12.7034 
v -4.82382 16.232 13.0391 

vn 0.771654 0.511811 -0.377953 
vn 0.834646 0.433071 -0.330709 
vn -0.417323 0.188976 -0.889764 
vn 0.448819 0.0629921 0.889764 
vn 0.385827 0.125984 0.913386 
vn 0.456693 0.015748 0.889764 
vn 0.866142 0.283465 -0.401575 
vn 0.433071 0.102362 0.897638 
vn -0.472441 0.141732 -0.874016 
vn -0.88189 -0.244094 0.409449 
vn -0.858268 -0.228346 0.456693 
vn 0.448819 0.0629921 0.889764 
vn 0.385827 0.125984 0.913386 
vn 0.456693 0.015748 0.889764 
vn -0.897638 -0.212598 0.385827 
vn 0.433071 0.102362 0.897638 
vn -0.433071 0.0708661 -0.897638 
vn -0.913386 -0.125984 0.377953 
vn 0.417323 0.165354 0.889764 
vn 0.889764 0.181102 -0.417323 
vn 0.417323 0.165354 0.889764 
vn -0.409449 -0.0314961 -0.913386 
vn 0.913386 0.0708661 -0.393701 
vn 0.330709 -0.354331 0.874016 
vn -0.929134 -0.023622 0.370079 
vn 0.330709 -0.354331 0.874016 
vn -0.771654 -0.503937 0.377953 
vn -0.370079 -0.110236 -0.92126 
vn -0.307087 -0.76378 -0.566929 
vn -0.771654 -0.503937 0.377953 
vn 0.732283 -0.653543 -0.181102 
vn 0.787402 0.393701 -0.480315 
vn 0.858268 0.267717 -0.440945 
vn -0.488189 0.251969 -0.834646 
vn 0.488189 0.0629921 0.866142 
vn 0.559055 -0.023622 0.826772 
vn 0.543307 -0.0866142 0.834646 
vn 0.850394 0.0944882 -0.519685 
vn 0.535433 0 0.84252 
vn -0.519685 0.228346 -0.818898 
vn -0.84252 -0.0708661 0.527559 
vn -0.826772 -0.0944882 0.559055 
vn 0.559055 -0.023622 0.826772 
vn 0.488189 0.0629921 0.866142 
vn 0.543307 -0.0866142 0.834646 
vn -0.866142 -0.00787402 0.503937 
vn 0.535433 0 0.84252 
vn -0.511811 0.165354 -0.84252 
vn -0.866142 0.0708661 0.496063 
vn 0.401575 -0.503937 0.771654 
vn -0.748031 -0.496063 0.440945 
vn -0.496063 0.0472441 -0.866142 
vn -0.503937 0 -0.866142 
vn 0.629921 -0.692913 -0.354331 
vn 0.850394 -0.00787402 -0.527559 
vn 0.401575 -0.503937 0.771654 
vn -0.0551181 -0.984252 0.165354 
vn -0.748031 -0.496063 0.440945 
vn 0.330709 0.889764 0.330709 
vn -0.322835 0.889764 -0.322835 
vn 0.00787402 0.889764 0.456693 
vn 0.456693 0.889764 0.00787402 
vn -0.448819 0.889764 0.00787402 
vn -0.314961 0.889764 0.330709 
vn 0.00787402 0.889764 -0.448819 
vn 0.330709 0.889764 -0.314961 
vn -0.669291 -0.346457 0.661417 
vn -0.834646 0.551181 0.00787402 
vn -0.937008 -0.346457 -0.00787402 
vn -0.598425 0.535433 -0.598425 
vn 0.00787402 0.551181 -0.834646 
vn 0.661417 -0.346457 -0.669291 
vn -0.00787402 -0.346457 -0.937008 
vn 0.590551 0.566929 -0.574803 
vn 0.944882 -0.338583 0 
vn -0.574803 0.566929 0.590551 
vn 0 -0.338583 0.944882 
vn 0.015748 0.566929 0.818898 
vn -0.00787402 0.716535 0.700787 
vn 0.818898 0.574803 0.015748 
vn 0.669291 -0.338583 0.669291 
vn -0.496063 0.716535 0.488189 
vn -0.700787 0.716535 -0.00787402 
vn -0.677165 -0.307087 0.669291 
vn 0 -0.307087 0.952756 
vn -0.952756 -0.307087 0 
vn -0.496063 0.716535 -0.496063 
vn -0.700787 0.125984 0.700787 
vn 0.00787402 0.149606 0.992126 
vn 0.00787402 0.889764 0.456693 
vn -0.314961 0.889764 0.330709 
vn -0.448819 0.889764 0.00787402 
vn -0.669291 -0.307087 -0.669291 
vn -0.992126 0.0944882 0 
vn -0.700787 0.0866142 -0.700787 
vn -0.322835 0.889764 -0.322835 
vn 0.00787402 0.889764 -0.448819 
vn 0 0.0944882 -0.992126 
vn -0.00787402 0.716535 -0.700787 
vn 0 -0.307087 -0.952756 
vn 0.488189 0.716535 -0.496063 
vn 0.700787 0.125984 -0.700787 
vn 0.330709 0.889764 -0.314961 
vn 0.456693 0.889764 0.00787402 
vn 0.700787 0.716535 -0.00787402 
vn 0.669291 -0.307087 -0.677165 
vn 0.952756 -0.307087 0 
vn 0.992126 0.149606 0.00787402 
vn 0.330709 0.889764 0.330709 
vn 0.700787 0.15748 0.700787 
vn 0.00787402 0.149606 0.992126 
vn 0.00787402 0.889764 0.456693 
vn 0.669291 -0.307087 0.669291 
vn 0 -0.307087 0.952756 
vn 0.496063 0.716535 0.496063 
vn -0.00787402 0.716535 0.700787 
vn 0.582677 0.566929 0.582677 
vn 0.015748 0.566929 0.818898 
vn -0.692913 0.283465 0.661417 
vn 0.00787402 0.606299 0.795276 
vn -0.559055 0.606299 0.574803 
vn -0.00787402 0.283465 0.96063 
vn -0.00787402 0.346457 0.937008 
vn -0.80315 0.598425 0.00787402 
vn -0.96063 0.283465 -0.015748 
vn -0.677165 0.322835 0.661417 
vn -0.700787 0.11811 0.708661 
vn 0.00787402 0.141732 0.992126 
vn -0.952756 0.307087 -0.00787402 
vn -0.566929 0.590551 -0.566929 
vn -0.677165 0.283465 -0.677165 
vn 0 0.133858 0.992126 
vn -0.015748 0.283465 -0.96063 
vn -0.700787 0.11811 0.700787 
vn 0.00787402 0.598425 -0.80315 
vn 0.661417 0.283465 -0.692913 
vn -0.992126 0.0944882 0 
vn 0.574803 0.606299 -0.559055 
vn 0.795276 0.606299 0.00787402 
vn 0.96063 0.283465 -0.00787402 
vn 0.677165 0.283465 0.677165 
vn 0.566929 0.606299 0.566929 
vn 0.00787402 0.606299 0.795276 
vn -0.00787402 0.283465 0.96063 
vn 0.661417 0.354331 0.661417 
vn -0.00787402 0.346457 0.937008 
vn 0.00787402 0.141732 0.992126 
vn 0.937008 0.346457 -0.00787402 
vn 0.700787 0.15748 0.700787 
vn 0.661417 0.322835 -0.677165 
vn 0.992126 0.141732 0.00787402 
vn 0.700787 0.141732 0.700787 
vn 0 0.133858 0.992126 
vn 0 -0.338583 0.944882 
vn 0.708661 0.11811 -0.700787 
vn -0.00787402 0.307087 -0.952756 
vn 0.992126 0.133858 0 
vn 0.700787 0.11811 -0.700787 
vn 0 0.0944882 -0.992126 
vn 0 0.0866142 -1 
vn -0.677165 0.291339 -0.677165 
vn -0.708661 0.0708661 -0.708661 
vn -1 0.0866142 0 
vn -0.700787 0.0866142 -0.700787 
vn -0.661417 -0.354331 -0.661417 
vn 0.354331 0.866142 0.354331 
vn 0.0472441 0.330709 0.944882 
vn 0.488189 0.724409 0.488189 
vn -0.354331 0.913386 -0.204724 
vn 0 1 0 
vn -0.204724 0.913386 -0.354331 
vn -0.622047 0.692913 -0.362205 
vn -0.409449 0.913386 0 
vn -0.724409 0.692913 0 
vn -0.937008 0.354331 0 
vn -0.811024 0.354331 0.472441 
vn -0.346457 0.913386 0.204724 
vn -0.622047 0.692913 0.362205 
vn -0.464567 0.354331 0.811024 
vn -0.204724 0.913386 0.354331 
vn 0 0.913386 0.409449 
vn 0.204724 0.913386 0.354331 
vn 0.00787402 0.692913 0.716535 
vn -0.354331 0.692913 0.622047 
vn 0.944882 0.330709 0.0472441 
vn 0.354331 0.866142 0.354331 
vn 0.488189 0.724409 0.488189 
vn -0.708661 0.0708661 -0.708661 
vn 0 0.0944882 -0.992126 
vn 0 0.0866142 -1 
vn -0.283465 0.834646 0.480315 
vn -0.00787402 0.826772 0.559055 
vn -0.480315 0.834646 0.267717 
vn 0.00787402 0.362205 0.937008 
vn 0.283465 0.826772 0.488189 
vn -0.551181 0.834646 -0.00787402 
vn 0.464567 0.362205 0.811024 
vn 0.488189 0.826772 0.283465 
vn -0.811024 0.346457 -0.464567 
vn -0.472441 0.834646 -0.275591 
vn 0.811024 0.362205 0.464567 
vn -0.464567 0.346457 -0.811024 
vn -0.275591 0.834646 -0.472441 
vn -0.00787402 0.834646 -0.551181 
vn 0.937008 0.362205 0.00787402 
vn 0.559055 0.826772 -0.00787402 
vn 0.622047 0.692913 0.362205 
vn 0.811024 0.354331 -0.464567 
vn 0.480315 0.834646 -0.283465 
vn 0.716535 0.692913 0.00787402 
vn 0.362205 0.692913 0.622047 
vn 0.354331 0.913386 0.204724 
vn 0.409449 0.913386 0 
vn 0.622047 0.692913 -0.354331 
vn 0.354331 0.913386 -0.204724 
vn 0.362205 0.692913 -0.622047 
vn 0.472441 0.354331 -0.811024 
vn 0.267717 0.834646 -0.480315 
vn 0.204724 0.913386 -0.346457 
vn 0 0.692913 -0.724409 
vn 0 0.354331 -0.937008 
vn -0.362205 0.692913 -0.622047 
vn 0 0.913386 -0.409449 
vn -0.724409 -0.527559 0.440945 
vn -0.700787 0.228346 -0.677165 
vn -0.692913 0.283465 -0.661417 
vn 0 0.598425 -0.80315 
vn -0.700787 -0.677165 0.228346 
vn 0.566929 -0.354331 0.740157 
vn 0.566929 -0.338583 0.755906 
vn 0.937008 0.125984 0.314961 
vn 0.653543 0.724409 -0.212598 
vn -0.645669 0.251969 -0.724409 
vn 0.653543 0.724409 -0.212598 
vn -0.543307 -0.834646 0.0944882 
vn 0.527559 -0.291339 0.795276 
vn 0.503937 0.858268 -0.11811 
vn -0.590551 0.133858 -0.795276 
vn 0.503937 0.858268 -0.11811 
vn 0.480315 -0.338583 0.80315 
vn -0.409449 -0.913386 -0.0629921 
vn 0.377953 0.92126 0.110236 
vn 0.456693 0.598425 0.661417 
vn 0.220472 0.96063 0.173228 
vn 0.228346 0.708661 0.661417 
vn 0.11811 0.968504 0.204724 
vn 0 0.755906 0.653543 
vn 0 0.968504 0.23622 
vn -0.11811 0.968504 0.204724 
vn -0.220472 0.716535 0.661417 
vn -0.220472 0.96063 0.15748 
vn -0.448819 0.598425 0.661417 
vn -0.370079 0.929134 0.0944882 
vn -0.472441 -0.370079 0.80315 
vn -0.488189 0.858268 -0.133858 
vn -0.519685 -0.314961 0.795276 
vn -0.637795 0.732283 -0.228346 
vn -0.559055 -0.346457 0.755906 
vn -0.944882 0.125984 0.314961 
vn 0.393701 -0.92126 -0.0393701 
vn 0.527559 -0.84252 0.11811 
vn 0.275591 -0.937008 -0.212598 
vn 0.00787402 -0.944882 0.338583 
vn 0.566929 0.165354 -0.80315 
vn 0.149606 -0.952756 -0.251969 
vn 0.0472441 -0.968504 0.23622 
vn 0.370079 -0.653543 -0.661417 
vn 0.165354 -0.748031 -0.645669 
vn 0.464567 0.173228 -0.866142 
vn 0 -0.968504 -0.259843 
vn 0 -0.984252 0.173228 
vn 0 -0.779528 -0.629921 
vn -0.0472441 -0.968504 0.23622 
vn -0.165354 -0.748031 -0.645669 
vn -0.15748 -0.952756 -0.259843 
vn -0.00787402 -0.944882 0.338583 
vn -0.370079 -0.653543 -0.661417 
vn -0.283465 -0.929134 -0.228346 
vn -0.472441 0.141732 -0.866142 
vn 0.377953 0.92126 0.110236 
vn -0.00787402 0.929134 -0.370079 
vn 0.220472 0.96063 0.173228 
vn 0.023622 0.96063 -0.275591 
vn 0.11811 0.968504 0.204724 
vn 0 0.976378 -0.204724 
vn 0 0.968504 0.23622 
vn -0.11811 0.968504 0.204724 
vn -0.023622 0.96063 -0.275591 
vn -0.220472 0.96063 0.15748 
vn 0.00787402 0.929134 -0.370079 
vn -0.370079 0.929134 0.0944882 
vn -0.488189 0.858268 -0.133858 
vn -0.637795 0.732283 -0.228346 
vn 0.629921 0.267717 -0.732283 
vn 0 0.598425 -0.795276 
vn 0.685039 0.283465 -0.669291 
vn -0.755906 0.354331 -0.551181 
vn 0.685039 -0.685039 0.251969 
vn 0.716535 -0.527559 0.448819 
vn -0.566929 -0.362205 0.740157 
vn -0.629921 -0.291339 0.716535 
vn -0.755906 0.354331 -0.551181 
vn 0.724409 -0.362205 0.582677 
vn 0.700787 0.228346 -0.677165 
vn -0.740157 0.188976 -0.645669 
vn -0.669291 -0.188976 0.716535 
vn -0.740157 0.188976 -0.645669 
vn -0.692913 -0.102362 0.716535 
vn -0.716535 0.0708661 -0.692913 
vn -0.724409 0.015748 -0.685039 
vn -0.669291 -0.0787402 0.740157 
vn 0.708661 -0.204724 0.669291 
vn 0.708661 -0.0787402 0.700787 
vn 0.685039 -0.0314961 0.732283 
vn 0.740157 0.0629921 -0.669291 
vn 0.716535 0.149606 -0.685039 
vn -0.716535 0.0708661 -0.692913 
vn 0.724409 0.0866142 -0.685039 
vn -0.724409 0.015748 -0.685039 
vn -0.19685 -0.889764 -0.409449 
vn -0.614173 -0.307087 -0.724409 
vn 0.102362 -0.346457 -0.929134 
vn -0.677165 0.330709 -0.653543 
vn 0.291339 0.275591 -0.913386 
vn 0.96063 -0.0551181 -0.259843 
vn -0.850394 -0.527559 -0.0551181 
vn -0.96063 0.0551181 0.259843 
vn -0.291339 -0.275591 0.913386 
vn 0.622047 -0.629921 -0.464567 
vn 0.677165 -0.330709 0.653543 
vn 0.401575 -0.88189 0.244094 
vn -0.354331 -0.826772 0.440945 
vn -0.102362 0.346457 0.929134 
vn -0.96063 0.0551181 0.259843 
vn 0.614173 0.307087 0.724409 
vn -0.622047 0.629921 0.464567 
vn -0.677165 0.330709 -0.653543 
vn 0.19685 0.889764 0.409449 
vn 0.850394 0.527559 0.0551181 
vn 0.96063 -0.0551181 -0.259843 
vn 0.291339 0.275591 -0.913386 
vn -0.401575 0.88189 -0.244094 
vn 0.354331 0.826772 -0.440945 
vn -0.535433 0.84252 0.00787402 
vn -0.866142 -0.00787402 0.496063 
vn -0.464567 0.84252 0.275591 
vn -0.440945 -0.496063 0.748031 
vn -0.755906 -0.496063 0.425197 
vn -0.866142 -0.496063 -0.00787402 
vn -0.496063 0.00787402 0.866142 
vn -0.00787402 -0.496063 0.866142 
vn -1 -0.015748 0 
vn -0.748031 -0.496063 -0.433071 
vn -0.267717 0.84252 0.472441 
vn -0.866142 -0.023622 -0.503937 
vn -0.433071 -0.496063 -0.748031 
vn -0.472441 0.84252 -0.267717 
vn -0.503937 -0.023622 -0.866142 
vn 0.204724 0.905512 -0.362205 
vn 0.362205 0.905512 -0.212598 
vn 0.425197 0.905512 0 
vn -0.267717 0.84252 -0.472441 
vn 0 -0.015748 -1 
vn -0.00787402 -0.496063 -0.866142 
vn 0.496063 -0.00787402 -0.866142 
vn 0.425197 -0.496063 -0.755906 
vn 0.748031 -0.496063 -0.440945 
vn 0.00787402 0.84252 -0.535433 
vn 0.866142 0.00787402 -0.496063 
vn 0.866142 -0.496063 -0.00787402 
vn 0.275591 0.84252 -0.464567 
vn 1 0.015748 0 
vn 0.748031 -0.496063 0.433071 
vn 0.866142 0.023622 0.503937 
vn 0.480315 0.834646 0.275591 
vn 0.551181 0.834646 0.00787402 
vn 0.472441 0.84252 -0.267717 
vn -0.212598 0.905512 0.362205 
vn -0.362205 0.905512 0.204724 
vn -0.409449 0.913386 -0.00787402 
vn -0.354331 0.913386 -0.204724 
vn -0.866142 -0.015748 -0.496063 
vn -1 -0.00787402 0 
vn -0.866142 -0.496063 0.00787402 
vn -0.748031 -0.496063 -0.433071 
vn -0.748031 -0.496063 0.440945 
vn -0.866142 0 0.496063 
vn -0.496063 0 0.866142 
vn -0.425197 -0.503937 0.755906 
vn 0 0.00787402 1 
vn 0.00787402 -0.496063 0.866142 
vn 0 0.905512 0.425197 
vn 0.496063 0.015748 0.866142 
vn 0.433071 -0.496063 0.748031 
vn 0.212598 0.905512 0.370079 
vn 0.370079 0.905512 0.212598 
vn 0.866142 0.015748 0.496063 
vn 0.748031 -0.496063 0.433071 
vn 0.866142 -0.496063 0.00787402 
vn 1 0.00787402 0 
vn 0.755906 -0.503937 -0.425197 
vn 0.866142 0 -0.496063 
vn 0.440945 -0.496063 -0.748031 
vn 0.496063 0 -0.866142 
vn 0 -0.00787402 -1 
vn 0.00787402 -0.496063 -0.866142 
vn -0.496063 -0.015748 -0.866142 
vn -0.433071 -0.496063 -0.748031 
vn -0.866142 -0.015748 -0.496063 
vn -0.748031 -0.496063 -0.433071 
vn -0.00787402 0.913386 -0.409449 
vn -0.204724 0.913386 -0.354331 
vn -0.354331 0.913386 -0.204724 
vn 0.480315 0.834646 0.275591 
vn 0.275591 0.834646 0.480315 
vn 0.00787402 0.834646 0.551181 
vn 0 0.015748 1 
vn 0.433071 -0.496063 0.748031 
vn 0.503937 0.023622 0.866142 
vn 0.866142 0.023622 0.503937 
vn 0.748031 -0.496063 0.433071 
vn -0.385827 0.645669 0.661417 
vn 0 0.88189 0.472441 
vn -0.228346 0.88189 0.409449 
vn 0 0.645669 0.76378 
vn -0.283465 0.834646 0.480315 
vn -0.401575 0.889764 0.23622 
vn -0.669291 0.645669 0.377953 
vn -0.00787402 0.826772 0.559055 
vn -0.480315 0.834646 0.267717 
vn -0.464567 0.889764 0.00787402 
vn -0.76378 0.645669 -0.00787402 
vn -0.551181 0.834646 -0.00787402 
vn -0.661417 0.645669 -0.385827 
vn -0.401575 0.889764 -0.228346 
vn -0.472441 0.834646 -0.275591 
vn -0.385827 0.645669 -0.661417 
vn -0.228346 0.889764 -0.401575 
vn -0.275591 0.834646 -0.472441 
vn -0.00787402 0.834646 -0.551181 
vn 0.00787402 0.889764 -0.464567 
vn -0.00787402 0.645669 -0.76378 
vn 0.267717 0.834646 -0.480315 
vn 0.377953 0.645669 -0.669291 
vn 0.23622 0.889764 -0.401575 
vn 0.661417 0.645669 -0.385827 
vn 0.409449 0.88189 -0.228346 
vn 0.480315 0.834646 -0.283465 
vn 0.472441 0.88189 0 
vn 0.76378 0.645669 0 
vn 0.559055 0.826772 -0.00787402 
vn 0.409449 0.88189 0.23622 
vn 0.661417 0.645669 0.385827 
vn 0.488189 0.826772 0.283465 
vn 0.23622 0.88189 0.409449 
vn 0.385827 0.645669 0.661417 
vn 0.283465 0.826772 0.488189 
vn 0.590551 -0.023622 -0.80315 
vn 0.897638 0.385827 -0.212598 
vn 0.543307 0.23622 -0.811024 
vn 0.937008 -0.244094 -0.251969 
vn 0.141732 0.102362 -0.984252 
vn 0.535433 -0.275591 -0.795276 
vn 0.669291 -0.700787 -0.259843 
vn 0.110236 0.0629921 -0.992126 
vn 0.173228 0.125984 -0.976378 
vn 0.425197 0.480315 -0.76378 
vn 0.543307 0.826772 -0.125984 
vn 0.110236 0.0314961 -0.992126 
vn 0.0944882 0.574803 -0.811024 
vn 0.0944882 -0.787402 -0.606299 
vn -0.188976 0.496063 0.84252 
vn 0.614173 -0.377953 -0.692913 
vn -0.787402 0.582677 0.212598 
vn 0.165354 0.0866142 -0.984252 
vn -0.511811 0.275591 0.811024 
vn 0.629921 -0.102362 -0.76378 
vn -0.905512 0.314961 0.275591 
vn 0.165354 0.141732 -0.976378 
vn -0.614173 0.19685 0.76378 
vn 0.629921 -0.0787402 -0.771654 
vn -0.866142 0.417323 0.283465 
vn 0.181102 0.220472 -0.96063 
vn -0.629921 0.204724 0.748031 
vn -0.834646 0.464567 0.283465 
vn -0.370079 -0.0708661 0.929134 
vn 0.322835 0.0314961 -0.944882 
vn 0.708661 -0.0787402 -0.700787 
vn 0.661417 -0.023622 -0.748031 
vn 0.535433 0.732283 -0.425197 
vn 0.551181 -0.732283 -0.393701 
vn 0.551181 -0.76378 -0.346457 
vn 0.472441 -0.346457 -0.811024 
vn 0.188976 0.19685 -0.96063 
vn 0.204724 0.244094 -0.944882 
vn 0.645669 0.637795 -0.409449 
vn -0.125984 0.622047 0.771654 
vn 0.133858 0.322835 0.937008 
vn 0.23622 0.850394 0.480315 
vn 0.023622 0.393701 0.92126 
vn -0.598425 -0.787402 0.133858 
vn -0.692913 -0.244094 0.677165 
vn -0.913386 -0.346457 0.212598 
vn -0.944882 0.204724 0.251969 
vn -0.448819 -0.629921 0.637795 
vn -0.669291 0.204724 0.716535 
vn -0.732283 0.629921 0.251969 
vn -0.0787402 0.0472441 0.992126 
vn -0.110236 0.00787402 0.992126 
vn -0.110236 -0.0314961 0.992126 
vn -0.0629921 0 1 
vn -0.188976 0.496063 0.84252 
vn -0.496063 0.480315 0.724409 
vn -0.141732 -0.173228 0.976378 
vn -0.527559 0.80315 0.291339 
vn -0.425197 0.417323 0.80315 
vn -0.732283 0.614173 0.291339 
vn -0.519685 0.19685 0.826772 
vn -0.370079 -0.0708661 0.929134 
vn -0.125984 0.622047 0.771654 
vn -0.874016 0.448819 0.19685 
vn 0.133858 0.322835 0.937008 
vn 0.023622 0.393701 0.92126 
vn -0.181102 -0.212598 0.96063 
vn -0.133858 -0.133858 0.984252 
vn -0.629921 0.204724 0.748031 
vn -0.614173 0.19685 0.76378 
vn -0.0944882 -0.023622 0.992126 
vn -0.511811 0.275591 0.811024 
vn -0.0629921 0.00787402 1 
vn 0.149606 -0.811024 0.566929 
vn 0.0944882 -0.787402 -0.606299 
vn -0.598425 -0.787402 0.133858 
vn 0.614173 -0.377953 -0.692913 
vn 0.826772 -0.519685 -0.228346 
vn 0.629921 -0.102362 -0.76378 
vn 0.905512 -0.338583 -0.275591 
vn 0.629921 -0.0787402 -0.771654 
vn 0.874016 -0.401575 -0.275591 
vn 0.708661 -0.0787402 -0.700787 
vn 0.897638 -0.362205 -0.244094 
vn 0.937008 -0.275591 -0.204724 
vn 0.661417 -0.023622 -0.748031 
vn -0.322835 -0.889764 -0.322835 
vn -0.677165 -0.283465 -0.677165 
vn -0.00787402 -0.448819 -0.889764 
vn -0.322835 -0.889764 -0.322835 
vn -0.889764 -0.448819 -0.00787402 
vn -0.629921 0.456693 -0.629921 
vn -0.322835 -0.889764 -0.322835 
vn -0.440945 -0.779528 0.448819 
vn -0.929134 0.228346 0.299213 
vn -0.299213 -0.228346 0.929134 
vn -0.448819 0.779528 0.433071 
vn 0.00787402 0.448819 0.889764 
vn 0.322835 0.889764 0.322835 
vn -0.23622 0.944882 -0.23622 
vn 0.322835 0.889764 0.322835 
vn 0.433071 0.779528 -0.448819 
vn 0.322835 0.889764 0.322835 
vn 0.299213 0.228346 -0.929134 
vn 0.929134 -0.228346 -0.299213 
vn 0.889764 0.448819 0.00787402 
vn 0.322835 0.889764 0.322835 
vn 0.448819 -0.779528 -0.440945 
vn -0.322835 -0.889764 -0.322835 
vn 0.629921 -0.456693 0.629921 
vn 0.322835 0.889764 0.322835 
vn 0.677165 0.283465 0.677165 
vn -0.322835 -0.889764 -0.322835 
vn 0.23622 -0.944882 0.23622 
vn -0.440945 -0.779528 0.448819 
vn -0.322835 -0.889764 -0.322835 
vn -0.299213 -0.228346 0.929134 
vn 0.00787402 0.448819 0.889764 
vn 0.322835 0.889764 0.322835 
vn 0.0944882 -0.984252 -0.165354 
vn 0.165354 -0.984252 -0.0944882 
vn 0 -1 0 
vn 0.188976 -0.984252 0 
vn 0 -0.984252 -0.19685 
vn 0.165354 -0.984252 0.0944882 
vn -0.0944882 -0.984252 -0.173228 
vn 0.0944882 -0.984252 0.165354 
vn -0.173228 -0.984252 -0.0944882 
vn 0 -0.984252 0.188976 
vn -0.19685 -0.984252 0 
vn -0.0944882 -0.984252 0.165354 
vn -0.165354 -0.984252 0.0944882 
vn 0 -0.984252 0.188976 
vn 0.165354 -0.944882 0.283465 
vn 0 -0.944882 0.330709 
vn 0.0944882 -0.984252 0.165354 
vn -0.0944882 -0.984252 0.165354 
vn 0.283465 -0.944882 0.165354 
vn -0.165354 -0.944882 0.283465 
vn 0.165354 -0.984252 0.0944882 
vn -0.165354 -0.984252 0.0944882 
vn 0.188976 -0.984252 0 
vn -0.283465 -0.944882 0.165354 
vn 0.330709 -0.944882 0 
vn -0.19685 -0.984252 0 
vn 0.165354 -0.984252 -0.0944882 
vn -0.330709 -0.944882 0 
vn 0.283465 -0.944882 -0.165354 
vn -0.283465 -0.944882 -0.165354 
vn 0.0944882 -0.984252 -0.165354 
vn -0.173228 -0.984252 -0.0944882 
vn 0.165354 -0.944882 -0.283465 
vn -0.165354 -0.944882 -0.283465 
vn 0 -0.984252 -0.19685 
vn -0.0944882 -0.984252 -0.173228 
vn 0 -0.944882 -0.330709 
vn -0.708661 0.0629921 -0.700787 
vn -0.724409 0.0866142 -0.685039 
vn -0.708661 -0.0787402 0.700787 
vn 0.716535 0.0629921 -0.692913 
vn 0.748031 0.00787402 -0.661417 
vn 0.740157 0.181102 -0.645669 
vn -0.653543 -0.0314961 0.755906 
vn -0.716535 0.149606 -0.677165 
vn 0.755906 0.346457 -0.551181 
vn 0.692913 -0.102362 0.716535 
vn 0.700787 -0.0787402 0.716535 
vn 0.748031 0.00787402 -0.661417 
vn 0.716535 0.0629921 -0.692913 
vn 0.740157 0.181102 -0.645669 
vn 0.677165 -0.181102 0.716535 
vn -0.716535 -0.212598 0.669291 
vn 0.637795 -0.283465 0.716535 
vn 0.755906 0.346457 -0.551181 
vn -0.732283 -0.370079 0.574803 
vn -0.354331 -0.866142 -0.354331 
vn -0.944882 -0.330709 -0.0472441 
vn -0.488189 -0.724409 -0.488189 
vn -0.488189 -0.724409 -0.488189 
vn -0.700787 -0.110236 -0.700787 
vn -0.0472441 -0.330709 -0.944882 
vn -0.354331 -0.866142 -0.354331 
vn -0.488189 -0.724409 -0.488189 
vn 0.354331 -0.771654 -0.527559 
vn -0.354331 -0.866142 -0.354331 
vn 0.11811 -0.984252 0.11811 
vn -0.354331 -0.866142 -0.354331 
vn -0.527559 -0.771654 0.354331 
vn 0.559055 -0.606299 0.559055 
vn -0.330709 -0.307087 0.889764 
vn 0.0472441 0.330709 0.944882 
vn 0.700787 0.110236 0.700787 
vn 0.488189 0.724409 0.488189 
vn 0.889764 -0.307087 -0.330709 
vn 0.944882 0.330709 0.0472441 
vn 0.488189 0.724409 0.488189 
vn 0.330709 0.307087 -0.889764 
vn -0.559055 0.606299 -0.559055 
vn 0.527559 0.771654 -0.354331 
vn 0.354331 0.866142 0.354331 
vn -0.11811 0.984252 -0.11811 
vn 0.354331 0.866142 0.354331 
vn -0.354331 0.771654 0.527559 
vn 0.354331 0.866142 0.354331 
vn -0.944882 -0.330709 -0.0472441 
vn -0.488189 -0.724409 -0.488189 
vn -0.889764 0.307087 0.330709 
vn 0.0472441 0.330709 0.944882 
vn 0.354331 0.866142 0.354331 
vn -0.330709 -0.307087 0.889764 
vn -0.527559 -0.771654 0.354331 
vn -0.354331 -0.866142 -0.354331 
vn 0 -1 0 
vn 0 -1 0 
vn 0 -1 0 
vn 0 -1 0 
vn 0 -1 0 
vn 0 -1 0 
vn 0 -1 0 
vn 0 -1 0 
vn -0.527559 -0.645669 -0.551181 
vn -0.700787 -0.110236 -0.700787 
vn -0.0787402 -0.307087 -0.944882 
vn -0.559055 0.606299 -0.559055 
vn 0.322835 0.322835 -0.889764 
vn 0.622047 0.110236 -0.771654 
vn -0.952756 -0.267717 -0.141732 
vn -0.897638 0.370079 0.251969 
vn -0.740157 0.0629921 0.669291 
vn 0.015748 -0.448819 -0.897638 
vn 0.559055 0.0787402 -0.826772 
vn -0.88189 -0.472441 0.0787402 
vn -0.755906 -0.015748 0.653543 
vn -0.559055 -0.645669 -0.519685 
vn -0.80315 -0.590551 0.0708661 
vn -0.551181 -0.80315 0.244094 
vn -0.685039 -0.110236 0.724409 
vn -0.472441 -0.724409 -0.496063 
vn -0.23622 -0.944882 -0.228346 
vn 0.0393701 -0.519685 -0.850394 
vn 0.188976 -0.795276 -0.582677 
vn 0.582677 0 -0.811024 
vn 0 -1 -0.023622 
vn 0.251969 -0.874016 -0.417323 
vn 0.685039 -0.0393701 -0.724409 
vn -0.141732 -0.716535 -0.685039 
vn -0.015748 -0.614173 -0.787402 
vn -0.338583 -0.149606 -0.929134 
vn -0.291339 -0.929134 0.244094 
vn -0.708661 -0.0708661 0.700787 
vn -0.425197 -0.80315 -0.409449 
vn -0.740157 -0.661417 -0.141732 
vn -0.84252 -0.527559 -0.0944882 
vn -0.937008 -0.110236 -0.330709 
vn -0.88189 -0.141732 -0.448819 
vn -0.433071 -0.15748 -0.889764 
vn -0.393701 -0.0472441 -0.92126 
vn -0.692913 -0.133858 -0.716535 
vn -0.889764 -0.0393701 -0.464567 
vn -0.92126 -0.0314961 -0.393701 
vn -0.472441 -0.0708661 -0.88189 
vn -0.716535 -0.0866142 -0.692913 
vn -0.598425 -0.740157 -0.291339 
vn -0.897638 -0.0708661 -0.433071 
vn -0.299213 -0.724409 -0.622047 
vn -0.425197 -0.00787402 -0.905512 
vn -0.393701 -0.826772 -0.401575 
vn 0.480315 -0.574803 0.661417 
vn 0.559055 -0.314961 0.771654 
vn 0.685039 -0.551181 0.480315 
vn 0.76378 -0.322835 0.559055 
vn 0.472441 0.0708661 0.88189 
vn 0.88189 0.0708661 0.472441 
vn 0.511811 -0.692913 0.503937 
vn 0.700787 0.0551181 0.708661 
vn 0.551181 0.0787402 0.826772 
vn 0.401575 0.204724 0.889764 
vn 0.535433 0.23622 0.811024 
vn 0.0629921 0.637795 0.771654 
vn 0.818898 0.0629921 0.574803 
vn 0.897638 0.173228 0.409449 
vn 0.692913 0.220472 0.685039 
vn 0.818898 0.228346 0.519685 
vn 0.787402 0.614173 0.0787402 
vn 0.669291 0.692913 0.275591 
vn 0.480315 0.724409 0.496063 
vn 0.204724 0.724409 0.653543 
vn -0.708661 -0.0708661 0.700787 
vn 0.488189 0.858268 -0.181102 
vn 0.685039 -0.0393701 -0.724409 
vn 0.267717 0.937008 0.228346 
vn -0.102362 0.866142 0.480315 
vn 0.543307 0.787402 -0.283465 
vn 0.582677 0 -0.811024 
vn 0.244094 0.937008 0.267717 
vn -0.244094 0.724409 0.653543 
vn -0.685039 -0.110236 0.724409 
vn 0.685039 0.669291 -0.291339 
vn 0.559055 0.0787402 -0.826772 
vn 0.622047 0.110236 -0.771654 
vn -0.19685 0.622047 0.755906 
vn -0.755906 -0.015748 0.653543 
vn -0.740157 0.0629921 0.669291 
vn 0.393701 0.850394 0.362205 
vn 0.771654 0.622047 -0.133858 
vn 0.519685 0.779528 -0.338583 
vn 0.322835 0.322835 -0.889764 
vn -0.559055 0.606299 -0.559055 
vn 0.425197 0.779528 0.464567 
vn 0.354331 0.874016 0.330709 
vn -0.11811 0.984252 -0.11811 
vn -0.346457 0.818898 0.464567 
vn -0.897638 0.370079 0.251969 
vn -0.149606 0.590551 0.795276 

vt 0.986 0.588037 
vt 0.985436 0.584813 
vt 0.986522 0.587818 
vt 0.985189 0.584893 
vt 0.985877 0.58811 
vt 0.984473 0.573936 
vt 0.98476 0.573965 
vt 0.98388 0.564079 
vt 0.986507 0.584352 
vt 0.986759 0.584312 
vt 0.986647 0.587809 
vt 0.987874 0.584796 
vt 0.987143 0.588087 
vt 0.988064 0.573579 
vt 0.98654 0.573334 
vt 0.988147 0.563635 
vt 0.986259 0.573449 
vt 0.986334 0.563438 
vt 0.988147 0.552003 
vt 0.984189 0.564019 
vt 0.983224 0.552619 
vt 0.986029 0.563466 
vt 0.983522 0.552462 
vt 0.983426 0.5437 
vt 0.986099 0.55175 
vt 0.987767 0.541852 
vt 0.985521 0.54159 
vt 0.985774 0.55165 
vt 0.98518 0.54136 
vt 0.98485 0.540791 
vt 0.983734 0.543815 
vt 0.991116 0.616594 
vt 0.99167 0.619913 
vt 0.990599 0.616788 
vt 0.99124 0.616522 
vt 0.991918 0.619834 
vt 0.992592 0.631008 
vt 0.992304 0.630984 
vt 0.993181 0.64094 
vt 0.990602 0.620316 
vt 0.990348 0.620346 
vt 0.990473 0.616793 
vt 0.989242 0.619896 
vt 0.989981 0.61653 
vt 0.989009 0.631306 
vt 0.99052 0.631503 
vt 0.988899 0.64139 
vt 0.990803 0.631402 
vt 0.990645 0.641484 
vt 0.989098 0.652671 
vt 0.991097 0.652746 
vt 0.990946 0.641462 
vt 0.991421 0.652879 
vt 0.992885 0.65077 
vt 0.992897 0.640979 
vt 0.993181 0.650955 
vt 0.991421 0.652879 
vt 0.991702 0.65349 
vt 0.948955 0.680969 
vt 0.953457 0.701956 
vt 0.945771 0.687116 
vt 0.953457 0.680969 
vt 0.948955 0.701957 
vt 0.945771 0.695809 
vt 0.95664 0.695809 
vt 0.95664 0.687116 
vt 0.943097 0.623556 
vt 0.943097 0.629472 
vt 0.943097 0.629472 
vt 0.943097 0.635388 
vt 0.943097 0.641304 
vt 0.943097 0.647219 
vt 0.943097 0.641304 
vt 0.943097 0.647219 
vt 0.943097 0.653135 
vt 0.943097 0.623556 
vt 0.943097 0.61764 
vt 0.943097 0.61764 
vt 0.943097 0.61764 
vt 0.943097 0.653135 
vt 0.943097 0.659051 
vt 0.943097 0.623556 
vt 0.943097 0.629472 
vt 0.943097 0.623556 
vt 0.943097 0.61764 
vt 0.943097 0.629472 
vt 0.943097 0.635388 
vt 0.943097 0.623556 
vt 0.943097 0.61764 
vt 0.943097 0.61764 
vt 0.943097 0.623556 
vt 0.943097 0.629472 
vt 0.943097 0.635388 
vt 0.943097 0.629472 
vt 0.943097 0.635388 
vt 0.943097 0.635388 
vt 0.943097 0.641304 
vt 0.943097 0.641304 
vt 0.943097 0.641304 
vt 0.943097 0.641304 
vt 0.943097 0.647219 
vt 0.943097 0.647219 
vt 0.943097 0.647219 
vt 0.943097 0.653135 
vt 0.943097 0.653135 
vt 0.943097 0.647219 
vt 0.943097 0.653135 
vt 0.943097 0.653135 
vt 0.943097 0.659051 
vt 0.943097 0.659051 
vt 0.943097 0.664967 
vt 0.943097 0.664967 
vt 0.943097 0.659051 
vt 0.943097 0.664967 
vt 0.943097 0.659051 
vt 0.943097 0.664967 
vt 0.943097 0.659051 
vt 0.943097 0.664967 
vt 0.930843 0.623556 
vt 0.943097 0.61764 
vt 0.943097 0.623556 
vt 0.930843 0.61764 
vt 0.943097 0.61764 
vt 0.943097 0.629472 
vt 0.930843 0.629472 
vt 0.943097 0.623556 
vt 0.943097 0.623556 
vt 0.943097 0.61764 
vt 0.943097 0.629472 
vt 0.943097 0.635388 
vt 0.930843 0.635388 
vt 0.943097 0.61764 
vt 0.930843 0.641304 
vt 0.943097 0.623556 
vt 0.943097 0.641304 
vt 0.930843 0.647219 
vt 0.943097 0.629472 
vt 0.943097 0.647219 
vt 0.943097 0.653135 
vt 0.930843 0.653135 
vt 0.930843 0.659051 
vt 0.943097 0.659051 
vt 0.943097 0.664967 
vt 0.930843 0.664967 
vt 0.943097 0.659051 
vt 0.943097 0.664967 
vt 0.943097 0.664967 
vt 0.943097 0.653135 
vt 0.943097 0.659051 
vt 0.943097 0.647219 
vt 0.943097 0.653135 
vt 0.943097 0.659051 
vt 0.943097 0.664967 
vt 0.943097 0.664967 
vt 0.943097 0.647219 
vt 0.943097 0.641304 
vt 0.943097 0.653135 
vt 0.943097 0.647219 
vt 0.943097 0.641304 
vt 0.943097 0.641304 
vt 0.943097 0.635388 
vt 0.943097 0.635388 
vt 0.943097 0.629472 
vt 0.943097 0.635388 
vt 0.943097 0.635388 
vt 0.90574 0.655723 
vt 0.911661 0.659534 
vt 0.90574 0.655723 
vt 0.95817 0.642566 
vt 0.960549 0.64346 
vt 0.958269 0.644925 
vt 0.955487 0.641579 
vt 0.958755 0.640476 
vt 0.956708 0.637249 
vt 0.95411 0.633419 
vt 0.957577 0.628959 
vt 0.9598 0.639244 
vt 0.958878 0.634653 
vt 0.961785 0.628414 
vt 0.96101 0.639176 
vt 0.962053 0.640244 
vt 0.962661 0.642105 
vt 0.963604 0.63674 
vt 0.961414 0.634482 
vt 0.911661 0.629047 
vt 0.90574 0.632858 
vt 0.90574 0.632858 
vt 0.943097 0.635388 
vt 0.943097 0.641304 
vt 0.943097 0.641304 
vt 0.962166 0.616522 
vt 0.969298 0.622028 
vt 0.954874 0.618653 
vt 0.965536 0.632056 
vt 0.974178 0.634478 
vt 0.949391 0.627041 
vt 0.967695 0.6388 
vt 0.974178 0.649909 
vt 0.952228 0.640421 
vt 0.946853 0.638631 
vt 0.968024 0.646621 
vt 0.95253 0.64822 
vt 0.946991 0.65097 
vt 0.950325 0.662364 
vt 0.966186 0.653712 
vt 0.970312 0.662594 
vt 0.965063 0.645228 
vt 0.962691 0.658101 
vt 0.963786 0.669671 
vt 0.964025 0.649459 
vt 0.96484 0.640683 
vt 0.962758 0.644277 
vt 0.962264 0.646296 
vt 0.961972 0.652179 
vt 0.961288 0.647604 
vt 0.959446 0.652574 
vt 0.958491 0.658517 
vt 0.95643 0.669447 
vt 0.960082 0.647817 
vt 0.957145 0.650484 
vt 0.954772 0.654845 
vt 0.955701 0.646471 
vt 0.958973 0.646843 
vt 0.945095 0.652987 
vt 0.944623 0.654965 
vt 0.944642 0.653009 
vt 0.944372 0.652919 
vt 0.945023 0.651047 
vt 0.945288 0.652917 
vt 0.945336 0.650773 
vt 0.945754 0.652881 
vt 0.945765 0.650644 
vt 0.944625 0.650942 
vt 0.944275 0.650658 
vt 0.945032 0.649569 
vt 0.945305 0.64913 
vt 0.945715 0.649046 
vt 0.944655 0.64952 
vt 0.944377 0.649074 
vt 0.945262 0.647658 
vt 0.945015 0.648069 
vt 0.945626 0.64741 
vt 0.945223 0.64577 
vt 0.945573 0.645316 
vt 0.945208 0.643607 
vt 0.945601 0.643294 
vt 0.945194 0.641528 
vt 0.945607 0.641509 
vt 0.945605 0.639697 
vt 0.945211 0.639416 
vt 0.945582 0.637604 
vt 0.945229 0.637175 
vt 0.945643 0.635412 
vt 0.945273 0.635198 
vt 0.945731 0.633676 
vt 0.945316 0.633625 
vt 0.945775 0.631999 
vt 0.945349 0.631873 
vt 0.945766 0.629676 
vt 0.945033 0.634769 
vt 0.945054 0.633143 
vt 0.944999 0.63683 
vt 0.945229 0.637175 
vt 0.944668 0.633161 
vt 0.944996 0.639273 
vt 0.945211 0.639416 
vt 0.944648 0.637226 
vt 0.944609 0.639553 
vt 0.944655 0.63493 
vt 0.945012 0.641538 
vt 0.945194 0.641528 
vt 0.944586 0.641521 
vt 0.945208 0.643607 
vt 0.944608 0.64346 
vt 0.944991 0.643775 
vt 0.945223 0.64577 
vt 0.944643 0.645703 
vt 0.944987 0.646125 
vt 0.944646 0.647876 
vt 0.944368 0.64743 
vt 0.944643 0.645703 
vt 0.944405 0.645361 
vt 0.944608 0.64346 
vt 0.944385 0.64331 
vt 0.944586 0.641521 
vt 0.944372 0.641506 
vt 0.944388 0.639677 
vt 0.944609 0.639553 
vt 0.944416 0.637554 
vt 0.944648 0.637226 
vt 0.944385 0.635385 
vt 0.944402 0.633643 
vt 0.944308 0.631983 
vt 0.944645 0.63164 
vt 0.944408 0.62964 
vt 0.944669 0.629492 
vt 0.944435 0.627601 
vt 0.945046 0.631538 
vt 0.945119 0.629513 
vt 0.945307 0.629625 
vt 0.945349 0.627501 
vt 0.94583 0.627659 
vt 0.945141 0.627428 
vt 0.944652 0.627523 
vt 0.944405 0.62551 
vt 0.945405 0.625435 
vt 0.94593 0.625584 
vt 0.945453 0.622116 
vt 0.946037 0.622228 
vt 0.946158 0.617865 
vt 0.945513 0.617664 
vt 0.945173 0.625383 
vt 0.945226 0.622083 
vt 0.945289 0.61764 
vt 0.944633 0.617781 
vt 0.944645 0.625456 
vt 0.944412 0.622152 
vt 0.944641 0.622129 
vt 0.944413 0.617793 
vt 0.93833 0.69832 
vt 0.939432 0.701744 
vt 0.937325 0.702046 
vt 0.940976 0.70893 
vt 0.935692 0.708673 
vt 0.932726 0.699773 
vt 0.940172 0.69825 
vt 0.944081 0.699457 
vt 0.941028 0.689101 
vt 0.936434 0.69834 
vt 0.935187 0.689895 
vt 0.937493 0.695429 
vt 0.939094 0.695688 
vt 0.93905 0.681925 
vt 0.944081 0.678967 
vt 0.936711 0.681793 
vt 0.93994 0.677738 
vt 0.941102 0.668272 
vt 0.937842 0.677898 
vt 0.935802 0.677998 
vt 0.931507 0.679711 
vt 0.934618 0.667956 
vt 0.938693 0.674618 
vt 0.936928 0.67506 
vt 0.886358 0.606929 
vt 0.885604 0.588924 
vt 0.887916 0.589587 
vt 0.885933 0.57079 
vt 0.883306 0.588183 
vt 0.88159 0.606294 
vt 0.888194 0.571929 
vt 0.889321 0.554067 
vt 0.883929 0.606666 
vt 0.880898 0.62477 
vt 0.890389 0.573049 
vt 0.883255 0.62476 
vt 0.881386 0.643339 
vt 0.885746 0.624664 
vt 0.883621 0.642941 
vt 0.892304 0.574365 
vt 0.89004 0.590548 
vt 0.888607 0.607429 
vt 0.886182 0.642521 
vt 0.885274 0.660857 
vt 0.882962 0.661657 
vt 0.887818 0.678251 
vt 0.885535 0.67939 
vt 0.888941 0.696707 
vt 0.887685 0.660154 
vt 0.891213 0.695137 
vt 0.893315 0.713474 
vt 0.890129 0.677157 
vt 0.895563 0.711323 
vt 0.898602 0.729616 
vt 0.901135 0.727434 
vt 0.903055 0.724273 
vt 0.89758 0.709278 
vt 0.893407 0.693576 
vt 0.892131 0.675941 
vt 0.895429 0.691839 
vt 0.899531 0.706974 
vt 0.904585 0.720501 
vt 0.906311 0.717081 
vt 0.901703 0.704178 
vt 0.90372 0.701698 
vt 0.90824 0.715052 
vt 0.899752 0.687397 
vt 0.897613 0.689579 
vt 0.894424 0.674239 
vt 0.896711 0.672513 
vt 0.892291 0.658201 
vt 0.894744 0.657062 
vt 0.889908 0.659263 
vt 0.891069 0.641648 
vt 0.893658 0.641167 
vt 0.888623 0.642094 
vt 0.888067 0.624742 
vt 0.890484 0.62482 
vt 0.893234 0.624926 
vt 0.893538 0.608727 
vt 0.891029 0.608048 
vt 0.894694 0.592995 
vt 0.892361 0.591766 
vt 0.896742 0.577816 
vt 0.894552 0.576139 
vt 0.897741 0.561351 
vt 0.899814 0.563412 
vt 0.90181 0.547394 
vt 0.903763 0.549722 
vt 0.906148 0.534479 
vt 0.90824 0.53644 
vt 0.895571 0.55913 
vt 0.899616 0.544709 
vt 0.904386 0.531474 
vt 0.902959 0.528096 
vt 0.897677 0.542397 
vt 0.893614 0.557342 
vt 0.891543 0.555728 
vt 0.893624 0.538011 
vt 0.895776 0.540312 
vt 0.901159 0.524903 
vt 0.898763 0.522536 
vt 0.90317 0.561368 
vt 0.908728 0.544353 
vt 0.903824 0.561611 
vt 0.908233 0.543505 
vt 0.913605 0.566705 
vt 0.903836 0.5814 
vt 0.903192 0.581827 
vt 0.91595 0.558559 
vt 0.913609 0.576078 
vt 0.908871 0.598524 
vt 0.908406 0.599523 
vt 0.91599 0.584204 
vt 0.917362 0.609678 
vt 0.91753 0.608382 
vt 0.920108 0.588887 
vt 0.927698 0.609728 
vt 0.927529 0.608402 
vt 0.924875 0.588873 
vt 0.928998 0.584137 
vt 0.936196 0.598366 
vt 0.936667 0.59936 
vt 0.931353 0.57599 
vt 0.94178 0.581521 
vt 0.941134 0.581102 
vt 0.94178 0.561058 
vt 0.941126 0.56131 
vt 0.931358 0.566623 
vt 0.936123 0.544206 
vt 0.936611 0.543354 
vt 0.92899 0.558498 
vt 0.927468 0.534284 
vt 0.927654 0.533066 
vt 0.924869 0.5538 
vt 0.917399 0.534238 
vt 0.917212 0.532986 
vt 0.920082 0.553806 
vt 0.986732 0.625632 
vt 0.982992 0.626796 
vt 0.985291 0.621445 
vt 0.983847 0.629197 
vt 0.987729 0.625261 
vt 0.986827 0.63194 
vt 0.983894 0.633246 
vt 0.986053 0.6197 
vt 0.987729 0.632947 
vt 0.982411 0.618802 
vt 0.981391 0.625852 
vt 0.982694 0.616522 
vt 0.979266 0.619231 
vt 0.978713 0.616925 
vt 0.980033 0.626489 
vt 0.975993 0.623642 
vt 0.976953 0.624834 
vt 0.976953 0.624834 
vt 0.979278 0.628992 
vt 0.975767 0.632549 
vt 0.976669 0.632878 
vt 0.976669 0.632878 
vt 0.979407 0.634485 
vt 0.976498 0.643399 
vt 0.977247 0.643004 
vt 0.977247 0.643004 
vt 0.979153 0.64336 
vt 0.978637 0.654404 
vt 0.979541 0.647203 
vt 0.978637 0.654404 
vt 0.977853 0.654959 
vt 0.978297 0.658021 
vt 0.978955 0.657824 
vt 0.979541 0.647203 
vt 0.981433 0.642506 
vt 0.983607 0.643033 
vt 0.984428 0.643575 
vt 0.97944 0.65498 
vt 0.97947 0.657962 
vt 0.979295 0.660927 
vt 0.978804 0.660784 
vt 0.978297 0.658021 
vt 0.977969 0.66094 
vt 0.978345 0.664977 
vt 0.978135 0.672681 
vt 0.975747 0.668185 
vt 0.974238 0.672862 
vt 0.980609 0.670885 
vt 0.97693 0.676215 
vt 0.973816 0.679784 
vt 0.977607 0.676578 
vt 0.978605 0.673914 
vt 0.98058 0.67274 
vt 0.977349 0.680975 
vt 0.982259 0.674017 
vt 0.976555 0.681532 
vt 0.979104 0.691543 
vt 0.975869 0.690864 
vt 0.978299 0.691556 
vt 0.978509 0.702999 
vt 0.980043 0.703504 
vt 0.980917 0.703173 
vt 0.980166 0.706085 
vt 0.978645 0.705397 
vt 0.980568 0.705664 
vt 0.98134 0.706054 
vt 0.981565 0.703421 
vt 0.982255 0.693997 
vt 0.981393 0.693695 
vt 0.982129 0.68389 
vt 0.982999 0.683723 
vt 0.982634 0.67762 
vt 0.983335 0.677247 
vt 0.98278 0.673156 
vt 0.984501 0.668101 
vt 0.98226 0.664099 
vt 0.986097 0.674224 
vt 0.983335 0.677247 
vt 0.986097 0.682686 
vt 0.982999 0.683723 
vt 0.984468 0.694094 
vt 0.982255 0.693997 
vt 0.983032 0.703033 
vt 0.981565 0.703421 
vt 0.98134 0.706054 
vt 0.982818 0.7057 
vt 0.90574 0.678696 
vt 0.911661 0.674885 
vt 0.911661 0.682507 
vt 0.90574 0.671074 
vt 0.911661 0.667263 
vt 0.917581 0.674885 
vt 0.90574 0.663452 
vt 0.911661 0.659641 
vt 0.917581 0.667263 
vt 0.917581 0.659641 
vt 0.923502 0.667263 
vt 0.923502 0.659641 
vt 0.929422 0.663452 
vt 0.923502 0.674885 
vt 0.929422 0.671074 
vt 0.923502 0.682507 
vt 0.929422 0.678696 
vt 0.917581 0.682507 
vt 0.917581 0.690129 
vt 0.923502 0.690129 
vt 0.929422 0.686318 
vt 0.911661 0.690129 
vt 0.90574 0.686318 
vt 0.917581 0.69775 
vt 0.929422 0.69394 
vt 0.923502 0.69775 
vt 0.90574 0.69394 
vt 0.911661 0.69775 
vt 0.911661 0.705372 
vt 0.90574 0.701561 
vt 0.917581 0.705372 
vt 0.923502 0.705372 
vt 0.929422 0.701561 
vt 0.981223 0.560867 
vt 0.981222 0.5807 
vt 0.962505 0.570787 
vt 0.976203 0.59787 
vt 0.976198 0.543681 
vt 0.967516 0.607776 
vt 0.967513 0.533772 
vt 0.957498 0.607779 
vt 0.957495 0.533774 
vt 0.94882 0.59789 
vt 0.948799 0.543699 
vt 0.943794 0.580733 
vt 0.943781 0.560901 
vt 0.94882 0.59789 
vt 0.957389 0.60861 
vt 0.94852 0.598508 
vt 0.957498 0.607779 
vt 0.943794 0.580733 
vt 0.967625 0.60861 
vt 0.943383 0.580977 
vt 0.967516 0.607776 
vt 0.943781 0.560901 
vt 0.976203 0.59787 
vt 0.943369 0.560709 
vt 0.976503 0.598489 
vt 0.948799 0.543699 
vt 0.981222 0.5807 
vt 0.948496 0.543127 
vt 0.981633 0.580943 
vt 0.957385 0.532986 
vt 0.981223 0.560867 
vt 0.957495 0.533774 
vt 0.981635 0.560675 
vt 0.967623 0.532987 
vt 0.976198 0.543681 
vt 0.967513 0.533772 
vt 0.976501 0.543108 
vt 0.944622 0.6648 
vt 0.944621 0.660389 
vt 0.945211 0.660432 
vt 0.944388 0.660423 
vt 0.944399 0.664843 
vt 0.944376 0.657043 
vt 0.945284 0.664936 
vt 0.94462 0.657035 
vt 0.9444 0.65494 
vt 0.94544 0.660453 
vt 0.945508 0.664964 
vt 0.946158 0.664756 
vt 0.946029 0.660338 
vt 0.945918 0.656963 
vt 0.945387 0.657109 
vt 0.945154 0.657103 
vt 0.945331 0.655023 
vt 0.945819 0.654876 
vt 0.945117 0.655045 
vt 0.929422 0.655723 
vt 0.923502 0.651913 
vt 0.929422 0.655723 
vt 0.929422 0.64048 
vt 0.923502 0.644291 
vt 0.923502 0.636669 
vt 0.929422 0.632858 
vt 0.929422 0.632858 
vt 0.923502 0.629047 
vt 0.929422 0.625236 
vt 0.923502 0.621425 
vt 0.929422 0.617614 
vt 0.923502 0.613803 
vt 0.917581 0.621425 
vt 0.917581 0.613803 
vt 0.911661 0.613803 
vt 0.911661 0.621425 
vt 0.90574 0.617614 
vt 0.917581 0.629047 
vt 0.911661 0.629047 
vt 0.90574 0.625236 
vt 0.917581 0.636669 
vt 0.917581 0.644291 
vt 0.911661 0.636669 
vt 0.90574 0.632858 
vt 0.911661 0.644291 
vt 0.90574 0.64048 
vt 0.911661 0.651913 
vt 0.90574 0.648102 
vt 0.923502 0.651913 
vt 0.929422 0.648102 
vt 0.917581 0.651913 
vt 0.911661 0.659534 
vt 0.90574 0.655723 
vt 0.917581 0.659534 
vt 0.923502 0.659534 
vt 0.929422 0.655723 
vt 0.958237 0.695809 
vt 0.969106 0.695809 
vt 0.969106 0.687116 
vt 0.96142 0.701956 
vt 0.965922 0.701956 
vt 0.958237 0.687116 
vt 0.965922 0.680969 
vt 0.96142 0.680969 
vt 0.99203 0.587401 
vt 0.992042 0.587729 
vt 0.9919 0.5876 
vt 0.992052 0.588114 
vt 0.991763 0.587911 
vt 0.991238 0.58339 
vt 0.992178 0.587569 
vt 0.992327 0.587855 
vt 0.992866 0.583188 
vt 0.991633 0.583145 
vt 0.990865 0.580389 
vt 0.992465 0.583044 
vt 0.992757 0.5802 
vt 0.992051 0.58304 
vt 0.992262 0.580234 
vt 0.992279 0.578452 
vt 0.992784 0.57801 
vt 0.991801 0.580343 
vt 0.991767 0.578765 
vt 0.991348 0.580284 
vt 0.991235 0.578517 
vt 0.990689 0.578215 
vt 0.991501 0.576228 
vt 0.990761 0.576099 
vt 0.990348 0.575811 
vt 0.990636 0.573955 
vt 0.990203 0.574006 
vt 0.989967 0.570756 
vt 0.992236 0.575922 
vt 0.99266 0.575574 
vt 0.991639 0.573866 
vt 0.992649 0.573753 
vt 0.993087 0.573693 
vt 0.992915 0.570544 
vt 0.992391 0.570696 
vt 0.990523 0.570835 
vt 0.990126 0.567947 
vt 0.991454 0.570574 
vt 0.992438 0.567991 
vt 0.99305 0.567758 
vt 0.990751 0.56811 
vt 0.991587 0.567723 
vt 0.992321 0.565211 
vt 0.993087 0.564858 
vt 0.990514 0.565319 
vt 0.989735 0.565044 
vt 0.99143 0.565357 
vt 0.992313 0.564512 
vt 0.993087 0.564858 
vt 0.990502 0.564611 
vt 0.989735 0.565044 
vt 0.992912 0.561988 
vt 0.990098 0.562139 
vt 0.991417 0.564564 
vt 0.991503 0.561979 
vt 0.992313 0.561702 
vt 0.992584 0.559255 
vt 0.992089 0.559085 
vt 0.992427 0.556354 
vt 0.990687 0.561791 
vt 0.989976 0.559376 
vt 0.99128 0.559258 
vt 0.990466 0.559157 
vt 0.990289 0.556501 
vt 0.990638 0.556385 
vt 0.991351 0.556273 
vt 0.992069 0.556279 
vt 0.992327 0.554431 
vt 0.990401 0.554862 
vt 0.989961 0.554828 
vt 0.991117 0.554643 
vt 0.991868 0.554598 
vt 0.990511 0.552374 
vt 0.989824 0.552209 
vt 0.99126 0.55212 
vt 0.992 0.552158 
vt 0.992668 0.551922 
vt 0.990498 0.549738 
vt 0.989889 0.549741 
vt 0.990398 0.546307 
vt 0.991877 0.549524 
vt 0.992494 0.549462 
vt 0.992175 0.54612 
vt 0.99117 0.549541 
vt 0.990835 0.546256 
vt 0.990839 0.541417 
vt 0.990644 0.541161 
vt 0.990979 0.540791 
vt 0.991289 0.546154 
vt 0.991001 0.541605 
vt 0.990994 0.541275 
vt 0.99116 0.541389 
vt 0.991334 0.54108 
vt 0.991745 0.546141 

usemtl Handle1Mtl

f 1/1/1 2/2/2 3/3/3 
f 4/4/4 1/1/1 5/5/5 
f 1/1/1 4/4/4 2/2/2 
f 6/6/6 2/2/2 4/4/4 
f 2/2/2 6/6/6 7/7/7 
f 6/6/6 8/8/8 7/7/7 
f 9/9/9 3/3/3 2/2/2 
f 2/2/2 7/7/7 9/9/9 
f 10/10/10 3/3/3 9/9/9 
f 3/3/3 10/10/10 11/11/11 
f 12/12/12 11/11/11 10/10/10 
f 11/11/11 12/12/12 13/13/13 
f 10/10/10 14/14/14 12/12/12 
f 14/14/14 10/10/10 15/15/15 
f 9/9/9 15/15/15 10/10/10 
f 15/15/15 16/16/16 14/14/14 
f 17/17/17 9/9/9 7/7/7 
f 15/15/15 9/9/9 17/17/17 
f 16/16/16 15/15/15 18/18/18 
f 17/17/17 18/18/18 15/15/15 
f 18/18/18 19/19/19 16/16/16 
f 7/7/7 20/20/20 17/17/17 
f 7/7/7 8/8/8 20/20/20 
f 8/8/8 21/21/21 20/20/20 
f 22/22/22 17/17/17 20/20/20 
f 18/18/18 17/17/17 22/22/22 
f 23/23/23 20/20/20 21/21/21 
f 20/20/20 23/23/23 22/22/22 
f 21/21/21 24/24/24 23/23/23 
f 19/19/19 18/18/18 25/25/25 
f 22/22/22 25/25/25 18/18/18 
f 25/25/25 26/26/26 19/19/19 
f 26/26/26 25/25/25 27/27/27 
f 25/25/25 22/22/22 28/28/28 
f 28/28/28 27/27/27 25/25/25 
f 28/28/28 22/22/22 23/23/23 
f 27/27/27 28/28/28 29/29/29 
f 24/24/24 30/30/30 29/29/29 
f 23/23/23 31/31/31 28/28/28 
f 31/31/31 23/23/23 24/24/24 
f 29/29/29 28/28/28 31/31/31 
f 29/29/29 31/31/31 24/24/24 
f 32/32/32 33/33/33 34/34/34 
f 35/35/35 36/36/36 32/32/32 
f 32/32/32 36/36/36 33/33/33 
f 36/36/36 37/37/37 33/33/33 
f 33/33/33 37/37/37 38/38/38 
f 37/37/37 39/39/39 38/38/38 
f 40/40/40 34/34/34 33/33/33 
f 33/33/33 38/38/38 40/40/40 
f 41/41/41 34/34/34 40/40/40 
f 34/34/34 41/41/41 42/42/42 
f 43/43/43 42/42/42 41/41/41 
f 42/42/42 43/43/43 44/44/44 
f 41/41/41 45/45/45 43/43/43 
f 45/45/45 41/41/41 46/46/46 
f 40/40/40 46/46/46 41/41/41 
f 46/46/46 47/47/47 45/45/45 
f 48/48/48 40/40/40 38/38/38 
f 46/46/46 40/40/40 48/48/48 
f 47/47/47 46/46/46 49/49/49 
f 48/48/48 49/49/49 46/46/46 
f 49/49/49 50/50/50 47/47/47 
f 50/50/50 49/49/49 51/51/51 
f 52/52/52 51/51/51 49/49/49 
f 49/49/49 48/48/48 52/52/52 
f 51/51/51 52/52/52 53/53/53 
f 53/53/53 52/52/52 54/54/54 
f 52/52/52 48/48/48 55/55/55 
f 38/38/38 55/55/55 48/48/48 
f 55/55/55 54/54/54 52/52/52 
f 38/38/38 39/39/39 55/55/55 
f 39/39/39 56/56/56 55/55/55 
f 54/54/54 55/55/55 56/56/56 
f 56/56/56 57/57/57 54/54/54 
f 57/57/57 56/56/56 58/58/58 
f 59/59/59 60/60/60 61/61/61 
f 62/62/62 60/60/60 59/59/59 
f 63/63/63 61/61/61 60/60/60 
f 61/61/61 63/63/63 64/64/64 
f 60/60/60 62/62/62 65/65/65 
f 65/65/65 62/62/62 66/66/66 
f 67/67/67 68/68/68 69/69/69 
f 70/70/70 69/69/69 68/68/68 
f 71/71/71 72/72/72 73/73/73 
f 70/70/70 71/71/71 73/73/73 
f 72/72/72 71/71/71 74/74/74 
f 74/74/74 75/75/75 72/72/72 
f 68/68/68 67/67/67 76/76/76 
f 77/77/77 76/76/76 67/67/67 
f 76/76/76 77/77/77 78/78/78 
f 78/78/78 79/79/79 76/76/76 
f 75/75/75 74/74/74 80/80/80 
f 80/80/80 81/81/81 75/75/75 
f 68/68/68 76/76/76 82/82/82 
f 76/76/76 79/79/79 82/82/82 
f 68/68/68 82/82/82 83/83/83 
f 83/83/83 70/70/70 68/68/68 
f 79/79/79 84/84/84 82/82/82 
f 84/84/84 79/79/79 85/85/85 
f 82/82/82 86/86/86 83/83/83 
f 86/86/86 82/82/82 84/84/84 
f 70/70/70 83/83/83 87/87/87 
f 85/85/85 88/88/88 84/84/84 
f 86/86/86 84/84/84 88/88/88 
f 88/88/88 85/85/85 89/89/89 
f 89/89/89 90/90/90 88/88/88 
f 91/91/91 88/88/88 90/90/90 
f 92/92/92 88/88/88 91/91/91 
f 93/93/93 83/83/83 86/86/86 
f 83/83/83 93/93/93 87/87/87 
f 94/94/94 86/86/86 88/88/88 
f 88/88/88 92/92/92 94/94/94 
f 93/93/93 86/86/86 94/94/94 
f 95/95/95 94/94/94 92/92/92 
f 93/93/93 94/94/94 95/95/95 
f 96/96/96 95/95/95 92/92/92 
f 97/97/97 95/95/95 96/96/96 
f 98/98/98 93/93/93 95/95/95 
f 95/95/95 97/97/97 98/98/98 
f 93/93/93 99/99/99 87/87/87 
f 99/99/99 70/70/70 87/87/87 
f 70/70/70 99/99/99 71/71/71 
f 93/93/93 100/100/100 99/99/99 
f 93/93/93 98/98/98 100/100/100 
f 101/101/101 71/71/71 99/99/99 
f 100/100/100 101/101/101 99/99/99 
f 71/71/71 101/101/101 74/74/74 
f 102/102/102 98/98/98 97/97/97 
f 102/102/102 100/100/100 98/98/98 
f 102/102/102 97/97/97 103/103/103 
f 104/104/104 102/102/102 103/103/103 
f 105/105/105 74/74/74 101/101/101 
f 101/101/101 100/100/100 106/106/106 
f 100/100/100 102/102/102 106/106/106 
f 106/106/106 105/105/105 101/101/101 
f 74/74/74 105/105/105 80/80/80 
f 102/102/102 107/107/107 106/106/106 
f 105/105/105 106/106/106 107/107/107 
f 102/102/102 104/104/104 108/108/108 
f 102/102/102 108/108/108 107/107/107 
f 109/109/109 108/108/108 104/104/104 
f 108/108/108 109/109/109 110/110/110 
f 109/109/109 111/111/111 110/110/110 
f 111/111/111 109/109/109 112/112/112 
f 108/108/108 110/110/110 113/113/113 
f 111/111/111 113/113/113 110/110/110 
f 108/108/108 113/113/113 107/107/107 
f 113/113/113 111/111/111 114/114/114 
f 107/107/107 113/113/113 115/115/115 
f 114/114/114 115/115/115 113/113/113 
f 107/107/107 115/115/115 105/105/105 
f 115/115/115 114/114/114 116/116/116 
f 115/115/115 117/117/117 105/105/105 
f 116/116/116 117/117/117 115/115/115 
f 117/117/117 80/80/80 105/105/105 
f 117/117/117 116/116/116 118/118/118 
f 80/80/80 117/117/117 81/81/81 
f 118/118/118 81/81/81 117/117/117 
f 119/119/119 120/120/120 121/121/121 
f 120/120/120 119/119/119 122/122/122 
f 120/120/120 123/123/123 121/121/121 
f 124/124/124 119/119/119 121/121/121 
f 124/124/124 125/125/125 119/119/119 
f 121/121/121 123/123/123 126/126/126 
f 124/124/124 121/121/121 126/126/126 
f 123/123/123 127/127/127 126/126/126 
f 127/127/127 123/123/123 128/128/128 
f 129/129/129 124/124/124 126/126/126 
f 129/129/129 126/126/126 127/127/127 
f 130/130/130 125/125/125 124/124/124 
f 130/130/130 124/124/124 129/129/129 
f 125/125/125 130/130/130 131/131/131 
f 128/128/128 132/132/132 127/127/127 
f 130/130/130 133/133/133 131/131/131 
f 127/127/127 132/132/132 134/134/134 
f 133/133/133 130/130/130 135/135/135 
f 135/135/135 136/136/136 133/133/133 
f 132/132/132 67/67/67 134/134/134 
f 67/67/67 132/132/132 77/77/77 
f 137/137/137 127/127/127 134/134/134 
f 137/137/137 134/134/134 67/67/67 
f 136/136/136 135/135/135 138/138/138 
f 139/139/139 136/136/136 138/138/138 
f 136/136/136 139/139/139 140/140/140 
f 139/139/139 141/141/141 140/140/140 
f 141/141/141 139/139/139 142/142/142 
f 143/143/143 141/141/141 142/142/142 
f 141/141/141 143/143/143 144/144/144 
f 145/145/145 143/143/143 142/142/142 
f 139/139/139 145/145/145 142/142/142 
f 143/143/143 145/145/145 146/146/146 
f 145/145/145 147/147/147 146/146/146 
f 145/145/145 139/139/139 148/148/148 
f 138/138/138 148/148/148 139/139/139 
f 147/147/147 145/145/145 149/149/149 
f 148/148/148 138/138/138 150/150/150 
f 135/135/135 150/150/150 138/138/138 
f 151/151/151 145/145/145 148/148/148 
f 151/151/151 149/149/149 145/145/145 
f 152/152/152 147/147/147 149/149/149 
f 151/151/151 152/152/152 149/149/149 
f 147/147/147 152/152/152 153/153/153 
f 152/152/152 154/154/154 153/153/153 
f 155/155/155 148/148/148 150/150/150 
f 155/155/155 151/151/151 148/148/148 
f 150/150/150 135/135/135 156/156/156 
f 156/156/156 155/155/155 150/150/150 
f 130/130/130 156/156/156 135/135/135 
f 154/154/154 152/152/152 81/81/81 
f 81/81/81 118/118/118 154/154/154 
f 152/152/152 151/151/151 157/157/157 
f 155/155/155 157/157/157 151/151/151 
f 75/75/75 81/81/81 152/152/152 
f 75/75/75 152/152/152 157/157/157 
f 157/157/157 155/155/155 158/158/158 
f 72/72/72 75/75/75 157/157/157 
f 72/72/72 157/157/157 158/158/158 
f 155/155/155 159/159/159 158/158/158 
f 159/159/159 72/72/72 158/158/158 
f 155/155/155 160/160/160 159/159/159 
f 155/155/155 156/156/156 160/160/160 
f 161/161/161 160/160/160 156/156/156 
f 156/156/156 130/130/130 161/161/161 
f 161/161/161 130/130/130 129/129/129 
f 160/160/160 161/161/161 162/162/162 
f 161/161/161 129/129/129 163/163/163 
f 161/161/161 163/163/163 162/162/162 
f 127/127/127 163/163/163 129/129/129 
f 127/127/127 137/137/137 163/163/163 
f 162/162/162 163/163/163 137/137/137 
f 137/137/137 164/164/164 162/162/162 
f 159/159/159 162/162/162 164/164/164 
f 164/164/164 137/137/137 69/69/69 
f 69/69/69 137/137/137 67/67/67 
f 164/164/164 73/73/73 159/159/159 
f 72/72/72 159/159/159 73/73/73 
f 164/164/164 69/69/69 165/165/165 
f 73/73/73 164/164/164 165/165/165 
f 69/69/69 70/70/70 165/165/165 
f 70/70/70 73/73/73 165/165/165 
f 166/166/166 167/167/167 168/168/168 
f 169/169/169 170/170/170 171/171/171 
f 172/172/172 173/173/173 169/169/169 
f 173/173/173 170/170/170 169/169/169 
f 173/173/173 172/172/172 174/174/174 
f 172/172/172 175/175/175 174/174/174 
f 174/174/174 175/175/175 176/176/176 
f 174/174/174 177/177/177 173/173/173 
f 177/177/177 170/170/170 173/173/173 
f 174/174/174 176/176/176 178/178/178 
f 177/177/177 174/174/174 178/178/178 
f 178/178/178 176/176/176 179/179/179 
f 180/180/180 170/170/170 177/177/177 
f 178/178/178 180/180/180 177/177/177 
f 181/181/181 170/170/170 180/180/180 
f 182/182/182 170/170/170 181/181/181 
f 183/183/183 182/182/182 181/181/181 
f 184/184/184 181/181/181 180/180/180 
f 181/181/181 184/184/184 183/183/183 
f 180/180/180 178/178/178 184/184/184 
f 179/179/179 183/183/183 184/184/184 
f 178/178/178 179/179/179 184/184/184 
f 185/185/185 186/186/186 187/187/187 
f 188/188/188 189/189/189 190/190/190 
f 179/179/179 191/191/191 192/192/192 
f 176/176/176 191/191/191 179/179/179 
f 176/176/176 193/193/193 191/191/191 
f 179/179/179 192/192/192 194/194/194 
f 195/195/195 194/194/194 192/192/192 
f 175/175/175 193/193/193 176/176/176 
f 175/175/175 196/196/196 193/193/193 
f 194/194/194 195/195/195 197/197/197 
f 198/198/198 197/197/197 195/195/195 
f 199/199/199 196/196/196 175/175/175 
f 196/196/196 199/199/199 200/200/200 
f 197/197/197 198/198/198 201/201/201 
f 202/202/202 200/200/200 199/199/199 
f 200/200/200 202/202/202 203/203/203 
f 175/175/175 172/172/172 199/199/199 
f 172/172/172 202/202/202 199/199/199 
f 202/202/202 204/204/204 203/203/203 
f 198/198/198 205/205/205 201/201/201 
f 205/205/205 198/198/198 206/206/206 
f 207/207/207 201/201/201 205/205/205 
f 207/207/207 197/197/197 201/201/201 
f 206/206/206 208/208/208 205/205/205 
f 208/208/208 206/206/206 209/209/209 
f 207/207/207 205/205/205 210/210/210 
f 208/208/208 210/210/210 205/205/205 
f 197/197/197 207/207/207 211/211/211 
f 211/211/211 194/194/194 197/197/197 
f 212/212/212 207/207/207 210/210/210 
f 212/212/212 211/211/211 207/207/207 
f 194/194/194 211/211/211 183/183/183 
f 183/183/183 179/179/179 194/194/194 
f 211/211/211 212/212/212 182/182/182 
f 182/182/182 183/183/183 211/211/211 
f 212/212/212 210/210/210 213/213/213 
f 212/212/212 170/170/170 182/182/182 
f 213/213/213 170/170/170 212/212/212 
f 213/213/213 210/210/210 214/214/214 
f 214/214/214 210/210/210 208/208/208 
f 214/214/214 215/215/215 213/213/213 
f 215/215/215 170/170/170 213/213/213 
f 208/208/208 216/216/216 214/214/214 
f 214/214/214 216/216/216 215/215/215 
f 216/216/216 208/208/208 217/217/217 
f 209/209/209 217/217/217 208/208/208 
f 217/217/217 209/209/209 218/218/218 
f 216/216/216 219/219/219 215/215/215 
f 219/219/219 170/170/170 215/215/215 
f 217/217/217 220/220/220 216/216/216 
f 220/220/220 219/219/219 216/216/216 
f 218/218/218 221/221/221 217/217/217 
f 220/220/220 217/217/217 221/221/221 
f 221/221/221 218/218/218 204/204/204 
f 204/204/204 202/202/202 221/221/221 
f 222/222/222 221/221/221 202/202/202 
f 221/221/221 222/222/222 220/220/220 
f 220/220/220 223/223/223 219/219/219 
f 222/222/222 223/223/223 220/220/220 
f 223/223/223 170/170/170 219/219/219 
f 202/202/202 172/172/172 222/222/222 
f 223/223/223 222/222/222 171/171/171 
f 171/171/171 170/170/170 223/223/223 
f 222/222/222 169/169/169 171/171/171 
f 169/169/169 222/222/222 172/172/172 
f 224/224/224 225/225/225 226/226/226 
f 226/226/226 225/225/225 227/227/227 
f 228/228/228 229/229/229 224/224/224 
f 226/226/226 228/228/228 224/224/224 
f 230/230/230 231/231/231 229/229/229 
f 230/230/230 229/229/229 228/228/228 
f 231/231/231 230/230/230 232/232/232 
f 227/227/227 233/233/233 226/226/226 
f 228/228/228 226/226/226 233/233/233 
f 233/233/233 227/227/227 234/234/234 
f 235/235/235 230/230/230 228/228/228 
f 235/235/235 228/228/228 233/233/233 
f 236/236/236 232/232/232 230/230/230 
f 230/230/230 235/235/235 236/236/236 
f 232/232/232 236/236/236 237/237/237 
f 238/238/238 233/233/233 234/234/234 
f 233/233/233 238/238/238 235/235/235 
f 238/238/238 234/234/234 239/239/239 
f 240/240/240 237/237/237 236/236/236 
f 235/235/235 241/241/241 236/236/236 
f 241/241/241 235/235/235 238/238/238 
f 240/240/240 236/236/236 241/241/241 
f 237/237/237 240/240/240 242/242/242 
f 243/243/243 242/242/242 240/240/240 
f 242/242/242 243/243/243 244/244/244 
f 245/245/245 244/244/244 243/243/243 
f 246/246/246 244/244/244 245/245/245 
f 247/247/247 246/246/246 245/245/245 
f 246/246/246 247/247/247 248/248/248 
f 249/249/249 248/248/248 247/247/247 
f 247/247/247 250/250/250 249/249/249 
f 251/251/251 249/249/249 250/250/250 
f 250/250/250 252/252/252 251/251/251 
f 252/252/252 253/253/253 251/251/251 
f 253/253/253 252/252/252 254/254/254 
f 254/254/254 255/255/255 253/253/253 
f 255/255/255 254/254/254 256/256/256 
f 256/256/256 257/257/257 255/255/255 
f 256/256/256 258/258/258 257/257/257 
f 259/259/259 257/257/257 258/258/258 
f 256/256/256 254/254/254 260/260/260 
f 258/258/258 256/256/256 261/261/261 
f 260/260/260 261/261/261 256/256/256 
f 262/262/262 260/260/260 254/254/254 
f 254/254/254 263/263/263 262/262/262 
f 261/261/261 260/260/260 264/264/264 
f 265/265/265 262/262/262 263/263/263 
f 263/263/263 266/266/266 265/265/265 
f 265/265/265 267/267/267 262/262/262 
f 267/267/267 265/265/265 268/268/268 
f 267/267/267 269/269/269 262/262/262 
f 260/260/260 262/262/262 269/269/269 
f 269/269/269 264/264/264 260/260/260 
f 270/270/270 265/265/265 266/266/266 
f 270/270/270 268/268/268 265/265/265 
f 270/270/270 266/266/266 271/271/271 
f 268/268/268 270/270/270 272/272/272 
f 273/273/273 270/270/270 271/271/271 
f 270/270/270 274/274/274 272/272/272 
f 275/275/275 270/270/270 273/273/273 
f 274/274/274 270/270/270 275/275/275 
f 276/276/276 275/275/275 273/273/273 
f 275/275/275 277/277/277 274/274/274 
f 278/278/278 275/275/275 276/276/276 
f 277/277/277 275/275/275 278/278/278 
f 276/276/276 240/240/240 278/278/278 
f 278/278/278 240/240/240 241/241/241 
f 279/279/279 277/277/277 278/278/278 
f 278/278/278 241/241/241 279/279/279 
f 238/238/238 279/279/279 241/241/241 
f 239/239/239 279/279/279 238/238/238 
f 279/279/279 239/239/239 280/280/280 
f 280/280/280 281/281/281 279/279/279 
f 281/281/281 280/280/280 282/282/282 
f 282/282/282 283/283/283 281/281/281 
f 283/283/283 282/282/282 284/284/284 
f 284/284/284 285/285/285 283/283/283 
f 285/285/285 284/284/284 286/286/286 
f 287/287/287 285/285/285 286/286/286 
f 285/285/285 287/287/287 288/288/288 
f 289/289/289 288/288/288 287/287/287 
f 288/288/288 289/289/289 290/290/290 
f 291/291/291 290/290/290 289/289/289 
f 290/290/290 291/291/291 269/269/269 
f 292/292/292 269/269/269 291/291/291 
f 269/269/269 292/292/292 264/264/264 
f 293/293/293 264/264/264 292/292/292 
f 264/264/264 293/293/293 294/294/294 
f 295/295/295 294/294/294 293/293/293 
f 294/294/294 261/261/261 264/264/264 
f 294/294/294 295/295/295 296/296/296 
f 297/297/297 296/296/296 295/295/295 
f 261/261/261 294/294/294 298/298/298 
f 261/261/261 298/298/298 258/258/258 
f 299/299/299 294/294/294 296/296/296 
f 299/299/299 298/298/298 294/294/294 
f 300/300/300 258/258/258 298/298/298 
f 298/298/298 299/299/299 300/300/300 
f 258/258/258 300/300/300 259/259/259 
f 301/301/301 259/259/259 300/300/300 
f 301/301/301 300/300/300 299/299/299 
f 259/259/259 301/301/301 302/302/302 
f 303/303/303 299/299/299 296/296/296 
f 299/299/299 303/303/303 301/301/301 
f 296/296/296 297/297/297 304/304/304 
f 296/296/296 304/304/304 303/303/303 
f 305/305/305 304/304/304 297/297/297 
f 306/306/306 302/302/302 301/301/301 
f 306/306/306 301/301/301 303/303/303 
f 302/302/302 306/306/306 307/307/307 
f 306/306/306 308/308/308 307/307/307 
f 309/309/309 307/307/307 308/308/308 
f 308/308/308 310/310/310 309/309/309 
f 310/310/310 308/308/308 311/311/311 
f 303/303/303 312/312/312 306/306/306 
f 312/312/312 308/308/308 306/306/306 
f 312/312/312 303/303/303 304/304/304 
f 313/313/313 311/311/311 308/308/308 
f 308/308/308 312/312/312 313/313/313 
f 311/311/311 313/313/313 314/314/314 
f 313/313/313 315/315/315 314/314/314 
f 304/304/304 316/316/316 312/312/312 
f 316/316/316 313/313/313 312/312/312 
f 304/304/304 305/305/305 316/316/316 
f 317/317/317 316/316/316 305/305/305 
f 313/313/313 316/316/316 318/318/318 
f 318/318/318 316/316/316 317/317/317 
f 315/315/315 313/313/313 318/318/318 
f 319/319/319 318/318/318 317/317/317 
f 315/315/315 318/318/318 319/319/319 
f 320/320/320 321/321/321 322/322/322 
f 323/323/323 322/322/322 321/321/321 
f 322/322/322 323/323/323 324/324/324 
f 325/325/325 322/322/322 324/324/324 
f 326/326/326 323/323/323 321/321/321 
f 320/320/320 326/326/326 321/321/321 
f 323/323/323 326/326/326 327/327/327 
f 326/326/326 328/328/328 327/327/327 
f 322/322/322 325/325/325 329/329/329 
f 320/320/320 322/322/322 329/329/329 
f 330/330/330 329/329/329 325/325/325 
f 320/320/320 329/329/329 331/331/331 
f 329/329/329 330/330/330 331/331/331 
f 320/320/320 332/332/332 326/326/326 
f 320/320/320 331/331/331 332/332/332 
f 328/328/328 326/326/326 332/332/332 
f 330/330/330 332/332/332 331/331/331 
f 332/332/332 330/330/330 328/328/328 
f 330/330/330 333/333/333 328/328/328 
f 333/333/333 334/334/334 328/328/328 
f 333/333/333 330/330/330 335/335/335 
f 334/334/334 333/333/333 336/336/336 
f 336/336/336 337/337/337 334/334/334 
f 335/335/335 338/338/338 333/333/333 
f 333/333/333 338/338/338 336/336/336 
f 330/330/330 339/339/339 335/335/335 
f 339/339/339 338/338/338 335/335/335 
f 339/339/339 330/330/330 340/340/340 
f 341/341/341 339/339/339 340/340/340 
f 337/337/337 336/336/336 342/342/342 
f 336/336/336 338/338/338 342/342/342 
f 337/337/337 343/343/343 341/341/341 
f 339/339/339 341/341/341 343/343/343 
f 343/343/343 337/337/337 342/342/342 
f 343/343/343 338/338/338 339/339/339 
f 342/342/342 338/338/338 343/343/343 
f 344/344/344 345/345/345 346/346/346 
f 347/347/347 345/345/345 348/348/348 
f 349/349/349 348/348/348 345/345/345 
f 345/345/345 347/347/347 350/350/350 
f 351/351/351 350/350/350 347/347/347 
f 350/350/350 346/346/346 345/345/345 
f 345/345/345 352/352/352 349/349/349 
f 345/345/345 344/344/344 352/352/352 
f 353/353/353 349/349/349 352/352/352 
f 346/346/346 350/350/350 354/354/354 
f 352/352/352 355/355/355 353/353/353 
f 356/356/356 353/353/353 355/355/355 
f 357/357/357 352/352/352 344/344/344 
f 352/352/352 357/357/357 355/355/355 
f 356/356/356 355/355/355 358/358/358 
f 346/346/346 354/354/354 359/359/359 
f 344/344/344 346/346/346 360/360/360 
f 359/359/359 360/360/360 346/346/346 
f 361/361/361 357/357/357 344/344/344 
f 344/344/344 360/360/360 361/361/361 
f 362/362/362 355/355/355 357/357/357 
f 355/355/355 362/362/362 358/358/358 
f 363/363/363 356/356/356 358/358/358 
f 362/362/362 363/363/363 358/358/358 
f 356/356/356 363/363/363 364/364/364 
f 365/365/365 364/364/364 363/363/363 
f 364/364/364 365/365/365 366/366/366 
f 365/365/365 367/367/367 366/366/366 
f 368/368/368 365/365/365 363/363/363 
f 363/363/363 362/362/362 368/368/368 
f 367/367/367 365/365/365 369/369/369 
f 369/369/369 370/370/370 367/367/367 
f 365/365/365 368/368/368 371/371/371 
f 371/371/371 369/369/369 365/365/365 
f 369/369/369 372/372/372 370/370/370 
f 372/372/372 373/373/373 370/370/370 
f 372/372/372 374/374/374 373/373/373 
f 372/372/372 375/375/375 374/374/374 
f 369/369/369 376/376/376 372/372/372 
f 375/375/375 372/372/372 376/376/376 
f 369/369/369 371/371/371 377/377/377 
f 376/376/376 369/369/369 377/377/377 
f 378/378/378 377/377/377 371/371/371 
f 368/368/368 378/378/378 371/371/371 
f 376/376/376 377/377/377 379/379/379 
f 377/377/377 378/378/378 379/379/379 
f 375/375/375 376/376/376 380/380/380 
f 376/376/376 379/379/379 380/380/380 
f 380/380/380 381/381/381 375/375/375 
f 380/380/380 382/382/382 381/381/381 
f 379/379/379 383/383/383 380/380/380 
f 382/382/382 380/380/380 383/383/383 
f 384/384/384 382/382/382 383/383/383 
f 384/384/384 385/385/385 382/382/382 
f 383/383/383 386/386/386 384/384/384 
f 383/383/383 379/379/379 387/387/387 
f 386/386/386 383/383/383 387/387/387 
f 378/378/378 387/387/387 379/379/379 
f 388/388/388 386/386/386 387/387/387 
f 387/387/387 378/378/378 388/388/388 
f 386/386/386 388/388/388 389/389/389 
f 390/390/390 389/389/389 388/388/388 
f 378/378/378 390/390/390 388/388/388 
f 389/389/389 390/390/390 391/391/391 
f 390/390/390 378/378/378 392/392/392 
f 378/378/378 368/368/368 392/392/392 
f 393/393/393 391/391/391 390/390/390 
f 393/393/393 390/390/390 392/392/392 
f 362/362/362 392/392/392 368/368/368 
f 391/391/391 393/393/393 394/394/394 
f 392/392/392 362/362/362 395/395/395 
f 392/392/392 395/395/395 393/393/393 
f 362/362/362 396/396/396 395/395/395 
f 396/396/396 393/393/393 395/395/395 
f 362/362/362 357/357/357 396/396/396 
f 397/397/397 394/394/394 393/393/393 
f 393/393/393 396/396/396 397/397/397 
f 357/357/357 361/361/361 396/396/396 
f 361/361/361 397/397/397 396/396/396 
f 394/394/394 397/397/397 398/398/398 
f 397/397/397 399/399/399 398/398/398 
f 397/397/397 361/361/361 400/400/400 
f 397/397/397 400/400/400 399/399/399 
f 360/360/360 400/400/400 361/361/361 
f 401/401/401 399/399/399 400/400/400 
f 400/400/400 402/402/402 401/401/401 
f 400/400/400 360/360/360 402/402/402 
f 403/403/403 401/401/401 402/402/402 
f 404/404/404 402/402/402 360/360/360 
f 402/402/402 404/404/404 403/403/403 
f 360/360/360 359/359/359 404/404/404 
f 405/405/405 403/403/403 404/404/404 
f 405/405/405 404/404/404 359/359/359 
f 403/403/403 405/405/405 406/406/406 
f 407/407/407 406/406/406 405/405/405 
f 406/406/406 407/407/407 408/408/408 
f 409/409/409 408/408/408 407/407/407 
f 408/408/408 409/409/409 410/410/410 
f 411/411/411 407/407/407 405/405/405 
f 359/359/359 411/411/411 405/405/405 
f 412/412/412 409/409/409 407/407/407 
f 411/411/411 412/412/412 407/407/407 
f 412/412/412 413/413/413 409/409/409 
f 412/412/412 414/414/414 413/413/413 
f 411/411/411 415/415/415 412/412/412 
f 414/414/414 412/412/412 415/415/415 
f 359/359/359 416/416/416 411/411/411 
f 415/415/415 411/411/411 416/416/416 
f 416/416/416 359/359/359 354/354/354 
f 416/416/416 354/354/354 350/350/350 
f 350/350/350 417/417/417 416/416/416 
f 417/417/417 415/415/415 416/416/416 
f 350/350/350 351/351/351 417/417/417 
f 418/418/418 417/417/417 351/351/351 
f 415/415/415 417/417/417 419/419/419 
f 414/414/414 415/415/415 419/419/419 
f 417/417/417 418/418/418 419/419/419 
f 414/414/414 419/419/419 420/420/420 
f 420/420/420 419/419/419 418/418/418 
f 420/420/420 418/418/418 421/421/421 
f 422/422/422 423/423/423 424/424/424 
f 423/423/423 422/422/422 425/425/425 
f 423/423/423 426/426/426 424/424/424 
f 427/427/427 422/422/422 424/424/424 
f 426/426/426 427/427/427 424/424/424 
f 428/428/428 422/422/422 427/427/427 
f 426/426/426 423/423/423 429/429/429 
f 427/427/427 426/426/426 430/430/430 
f 431/431/431 428/428/428 427/427/427 
f 430/430/430 431/431/431 427/427/427 
f 432/432/432 428/428/428 431/431/431 
f 433/433/433 431/431/431 430/430/430 
f 431/431/431 434/434/434 432/432/432 
f 431/431/431 433/433/433 435/435/435 
f 434/434/434 431/431/431 435/435/435 
f 433/433/433 436/436/436 435/435/435 
f 435/435/435 437/437/437 434/434/434 
f 438/438/438 435/435/435 436/436/436 
f 437/437/437 435/435/435 438/438/438 
f 438/438/438 436/436/436 439/439/439 
f 440/440/440 438/438/438 439/439/439 
f 441/441/441 437/437/437 438/438/438 
f 438/438/438 440/440/440 441/441/441 
f 437/437/437 441/441/441 442/442/442 
f 443/443/443 441/441/441 440/440/440 
f 441/441/441 444/444/444 442/442/442 
f 444/444/444 441/441/441 445/445/445 
f 441/441/441 443/443/443 445/445/445 
f 445/445/445 446/446/446 444/444/444 
f 445/445/445 443/443/443 447/447/447 
f 446/446/446 445/445/445 447/447/447 
f 443/443/443 448/448/448 447/447/447 
f 447/447/447 449/449/449 446/446/446 
f 449/449/449 447/447/447 448/448/448 
f 450/450/450 446/446/446 449/449/449 
f 449/449/449 448/448/448 451/451/451 
f 452/452/452 450/450/450 449/449/449 
f 451/451/451 452/452/452 449/449/449 
f 453/453/453 450/450/450 452/452/452 
f 452/452/452 451/451/451 454/454/454 
f 455/455/455 453/453/453 452/452/452 
f 454/454/454 455/455/455 452/452/452 
f 453/453/453 455/455/455 456/456/456 
f 457/457/457 455/455/455 454/454/454 
f 455/455/455 425/425/425 456/456/456 
f 429/429/429 455/455/455 457/457/457 
f 425/425/425 455/455/455 423/423/423 
f 455/455/455 429/429/429 423/423/423 
f 458/458/458 459/459/459 460/460/460 
f 459/459/459 458/458/458 461/461/461 
f 460/460/460 462/462/462 458/458/458 
f 463/463/463 461/461/461 458/458/458 
f 463/463/463 458/458/458 462/462/462 
f 461/461/461 463/463/463 464/464/464 
f 462/462/462 460/460/460 465/465/465 
f 462/462/462 466/466/466 463/463/463 
f 459/459/459 467/467/467 460/460/460 
f 467/467/467 465/465/465 460/460/460 
f 468/468/468 467/467/467 459/459/459 
f 465/465/465 467/467/467 469/469/469 
f 468/468/468 470/470/470 467/467/467 
f 470/470/470 469/469/469 467/467/467 
f 469/469/469 470/470/470 471/471/471 
f 470/470/470 468/468/468 472/472/472 
f 473/473/473 471/471/471 470/470/470 
f 474/474/474 470/470/470 472/472/472 
f 473/473/473 470/470/470 475/475/475 
f 472/472/472 476/476/476 474/474/474 
f 475/475/475 477/477/477 473/473/473 
f 478/478/478 474/474/474 476/476/476 
f 477/477/477 475/475/475 479/479/479 
f 478/478/478 476/476/476 480/480/480 
f 479/479/479 481/481/481 477/477/477 
f 482/482/482 478/478/478 480/480/480 
f 481/481/481 479/479/479 483/483/483 
f 482/482/482 480/480/480 484/484/484 
f 484/484/484 485/485/485 482/482/482 
f 485/485/485 484/484/484 486/486/486 
f 483/483/483 487/487/487 481/481/481 
f 488/488/488 481/481/481 487/487/487 
f 487/487/487 489/489/489 488/488/488 
f 489/489/489 487/487/487 490/490/490 
f 491/491/491 492/492/492 487/487/487 
f 493/493/493 487/487/487 492/492/492 
f 464/464/464 493/493/493 492/492/492 
f 463/463/463 493/493/493 464/464/464 
f 466/466/466 493/493/493 463/463/463 
f 493/493/493 466/466/466 494/494/494 
f 495/495/495 493/493/493 494/494/494 
f 493/493/493 495/495/495 487/487/487 
f 490/490/490 487/487/487 495/495/495 
f 490/490/490 495/495/495 496/496/496 
f 497/497/497 490/490/490 496/496/496 
f 490/490/490 497/497/497 498/498/498 
f 498/498/498 499/499/499 490/490/490 
f 499/499/499 498/498/498 500/500/500 
f 501/501/501 502/502/502 503/503/503 
f 503/503/503 502/502/502 504/504/504 
f 502/502/502 501/501/501 505/505/505 
f 504/504/504 502/502/502 506/506/506 
f 507/507/507 504/504/504 506/506/506 
f 502/502/502 508/508/508 506/506/506 
f 508/508/508 502/502/502 509/509/509 
f 502/502/502 510/510/510 509/509/509 
f 510/510/510 502/502/502 505/505/505 
f 511/511/511 506/506/506 508/508/508 
f 512/512/512 510/510/510 505/505/505 
f 506/506/506 511/511/511 513/513/513 
f 513/513/513 507/507/507 506/506/506 
f 514/514/514 513/513/513 511/511/511 
f 513/513/513 515/515/515 507/507/507 
f 515/515/515 513/513/513 516/516/516 
f 513/513/513 514/514/514 516/516/516 
f 516/516/516 517/517/517 515/515/515 
f 514/514/514 518/518/518 516/516/516 
f 517/517/517 516/516/516 518/518/518 
f 514/514/514 519/519/519 518/518/518 
f 520/520/520 517/517/517 518/518/518 
f 517/517/517 520/520/520 521/521/521 
f 518/518/518 522/522/522 520/520/520 
f 522/522/522 518/518/518 519/519/519 
f 519/519/519 523/523/523 522/522/522 
f 523/523/523 519/519/519 524/524/524 
f 519/519/519 525/525/525 524/524/524 
f 525/525/525 519/519/519 526/526/526 
f 526/526/526 527/527/527 525/525/525 
f 525/525/525 527/527/527 528/528/528 
f 527/527/527 529/529/529 528/528/528 
f 530/530/530 528/528/528 529/529/529 
f 512/512/512 530/530/530 529/529/529 
f 530/530/530 512/512/512 531/531/531 
f 505/505/505 531/531/531 512/512/512 
f 505/505/505 532/532/532 531/531/531 
f 532/532/532 505/505/505 533/533/533 
f 534/534/534 531/531/531 532/532/532 
f 531/531/531 534/534/534 535/535/535 
f 536/536/536 535/535/535 534/534/534 
f 535/535/535 536/536/536 537/537/537 
f 538/538/538 537/537/537 536/536/536 
f 537/537/537 538/538/538 539/539/539 
f 540/540/540 539/539/539 538/538/538 
f 539/539/539 540/540/540 541/541/541 
f 540/540/540 542/542/542 541/541/541 
f 542/542/542 540/540/540 543/543/543 
f 544/544/544 545/545/545 546/546/546 
f 547/547/547 548/548/548 545/545/545 
f 548/548/548 549/549/549 545/545/545 
f 549/549/549 546/546/546 545/545/545 
f 550/550/550 551/551/551 548/548/548 
f 551/551/551 552/552/552 548/548/548 
f 549/549/549 548/548/548 552/552/552 
f 552/552/552 551/551/551 553/553/553 
f 553/553/553 554/554/554 552/552/552 
f 554/554/554 549/549/549 552/552/552 
f 554/554/554 553/553/553 555/555/555 
f 555/555/555 556/556/556 554/554/554 
f 549/549/549 554/554/554 557/557/557 
f 554/554/554 558/558/558 557/557/557 
f 559/559/559 549/549/549 557/557/557 
f 557/557/557 560/560/560 559/559/559 
f 549/549/549 559/559/559 561/561/561 
f 546/546/546 549/549/549 561/561/561 
f 559/559/559 562/562/562 561/561/561 
f 562/562/562 546/546/546 561/561/561 
f 562/562/562 559/559/559 563/563/563 
f 559/559/559 564/564/564 563/563/563 
f 546/546/546 562/562/562 565/565/565 
f 566/566/566 546/546/546 565/565/565 
f 563/563/563 567/567/567 562/562/562 
f 567/567/567 565/565/565 562/562/562 
f 563/563/563 568/568/568 569/569/569 
f 567/567/567 563/563/563 569/569/569 
f 570/570/570 565/565/565 571/571/571 
f 565/565/565 567/567/567 571/571/571 
f 567/567/567 572/572/572 571/571/571 
f 573/573/573 571/571/571 572/572/572 
f 572/572/572 567/567/567 574/574/574 
f 567/567/567 575/575/575 574/574/574 
f 575/575/575 567/567/567 569/569/569 
f 569/569/569 576/576/576 575/575/575 
f 577/577/577 578/578/578 579/579/579 
f 578/578/578 580/580/580 579/579/579 
f 581/581/581 577/577/577 579/579/579 
f 580/580/580 582/582/582 579/579/579 
f 583/583/583 581/581/581 579/579/579 
f 582/582/582 584/584/584 579/579/579 
f 585/585/585 583/583/583 579/579/579 
f 584/584/584 586/586/586 579/579/579 
f 587/587/587 585/585/585 579/579/579 
f 586/586/586 588/588/588 579/579/579 
f 589/589/589 587/587/587 579/579/579 
f 588/588/588 589/589/589 579/579/579 
f 590/590/590 591/591/591 592/592/592 
f 591/591/591 590/590/590 593/593/593 
f 592/592/592 594/594/594 590/590/590 
f 593/593/593 595/595/595 591/591/591 
f 594/594/594 592/592/592 596/596/596 
f 595/595/595 593/593/593 597/597/597 
f 596/596/596 598/598/598 594/594/594 
f 599/599/599 595/595/595 597/597/597 
f 598/598/598 596/596/596 600/600/600 
f 601/601/601 595/595/595 599/599/599 
f 600/600/600 602/602/602 598/598/598 
f 599/599/599 603/603/603 601/601/601 
f 602/602/602 600/600/600 604/604/604 
f 605/605/605 601/601/601 603/603/603 
f 604/604/604 606/606/606 602/602/602 
f 603/603/603 607/607/607 605/605/605 
f 608/608/608 602/602/602 606/606/606 
f 605/605/605 607/607/607 609/609/609 
f 606/606/606 610/610/610 608/608/608 
f 611/611/611 609/609/609 607/607/607 
f 608/608/608 610/610/610 612/612/612 
f 610/610/610 611/611/611 612/612/612 
f 609/609/609 611/611/611 613/613/613 
f 611/611/611 610/610/610 613/613/613 
f 614/614/614 615/615/615 616/616/616 
f 614/614/614 617/617/617 615/615/615 
f 617/617/617 614/614/614 618/618/618 
f 619/619/619 615/615/615 617/617/617 
f 614/614/614 616/616/616 620/620/620 
f 615/615/615 619/619/619 621/621/621 
f 621/621/621 616/616/616 615/615/615 
f 619/619/619 622/622/622 621/621/621 
f 620/620/620 616/616/616 623/623/623 
f 620/620/620 623/623/623 624/624/624 
f 623/623/623 625/625/625 624/624/624 
f 625/625/625 623/623/623 626/626/626 
f 623/623/623 627/627/627 626/626/626 
f 225/225/225 621/621/621 622/622/622 
f 616/616/616 628/628/628 623/623/623 
f 627/627/627 623/623/623 628/628/628 
f 622/622/622 227/227/227 225/225/225 
f 616/616/616 621/621/621 629/629/629 
f 616/616/616 629/629/629 628/628/628 
f 628/628/628 630/630/630 627/627/627 
f 629/629/629 630/630/630 628/628/628 
f 627/627/627 630/630/630 631/631/631 
f 621/621/621 632/632/632 629/629/629 
f 630/630/630 629/629/629 632/632/632 
f 632/632/632 621/621/621 225/225/225 
f 630/630/630 229/229/229 631/631/631 
f 632/632/632 229/229/229 630/630/630 
f 631/631/631 229/229/229 231/231/231 
f 225/225/225 224/224/224 632/632/632 
f 229/229/229 632/632/632 224/224/224 
f 633/633/633 634/634/634 635/635/635 
f 636/636/636 637/637/637 638/638/638 
f 638/638/638 639/639/639 640/640/640 
f 639/639/639 638/638/638 641/641/641 
f 642/642/642 641/641/641 643/643/643 
f 644/644/644 643/643/643 645/645/645 
f 646/646/646 645/645/645 643/643/643 
f 641/641/641 646/646/646 643/643/643 
f 645/645/645 646/646/646 647/647/647 
f 646/646/646 648/648/648 647/647/647 
f 648/648/648 646/646/646 649/649/649 
f 649/649/649 650/650/650 648/648/648 
f 646/646/646 641/641/641 651/651/651 
f 638/638/638 651/651/651 641/641/641 
f 646/646/646 652/652/652 649/649/649 
f 652/652/652 646/646/646 651/651/651 
f 652/652/652 653/653/653 649/649/649 
f 651/651/651 638/638/638 654/654/654 
f 654/654/654 652/652/652 651/651/651 
f 638/638/638 655/655/655 654/654/654 
f 652/652/652 654/654/654 656/656/656 
f 655/655/655 656/656/656 654/654/654 
f 652/652/652 656/656/656 657/657/657 
f 655/655/655 638/638/638 637/637/637 
f 658/658/658 659/659/659 656/656/656 
f 656/656/656 655/655/655 658/658/658 
f 655/655/655 660/660/660 658/658/658 
f 660/660/660 661/661/661 658/658/658 
f 662/662/662 655/655/655 637/637/637 
f 663/663/663 662/662/662 637/637/637 
f 660/660/660 655/655/655 664/664/664 
f 655/655/655 662/662/662 664/664/664 
f 664/664/664 665/665/665 660/660/660 
f 665/665/665 666/666/666 660/660/660 
f 665/665/665 664/664/664 667/667/667 
f 667/667/667 664/664/664 662/662/662 
f 667/667/667 662/662/662 668/668/668 
f 662/662/662 669/669/669 668/668/668 
f 670/670/670 671/671/671 672/672/672 
f 671/671/671 670/670/670 673/673/673 
f 671/671/671 673/673/673 674/674/674 
f 670/670/670 672/672/672 675/675/675 
f 676/676/676 675/675/675 672/672/672 
f 675/675/675 676/676/676 677/677/677 
f 678/678/678 679/679/679 680/680/680 
f 681/681/681 680/680/680 679/679/679 
f 680/680/680 681/681/681 682/682/682 
f 683/683/683 680/680/680 682/682/682 
f 684/684/684 681/681/681 679/679/679 
f 678/678/678 684/684/684 679/679/679 
f 681/681/681 684/684/684 685/685/685 
f 686/686/686 685/685/685 684/684/684 
f 680/680/680 683/683/683 687/687/687 
f 687/687/687 678/678/678 680/680/680 
f 688/688/688 687/687/687 683/683/683 
f 686/686/686 684/684/684 689/689/689 
f 689/689/689 684/684/684 678/678/678 
f 690/690/690 686/686/686 689/689/689 
f 678/678/678 687/687/687 691/691/691 
f 689/689/689 678/678/678 691/691/691 
f 690/690/690 689/689/689 692/692/692 
f 691/691/691 692/692/692 689/689/689 
f 693/693/693 690/690/690 692/692/692 
f 690/690/690 693/693/693 694/694/694 
f 692/692/692 691/691/691 695/695/695 
f 687/687/687 695/695/695 691/691/691 
f 692/692/692 696/696/696 693/693/693 
f 696/696/696 692/692/692 695/695/695 
f 695/695/695 687/687/687 697/697/697 
f 697/697/697 696/696/696 695/695/695 
f 687/687/687 688/688/688 697/697/697 
f 688/688/688 698/698/698 697/697/697 
f 696/696/696 697/697/697 698/698/698 
f 688/688/688 699/699/699 698/698/698 
f 700/700/700 693/693/693 696/696/696 
f 698/698/698 700/700/700 696/696/696 
f 699/699/699 701/701/701 698/698/698 
f 700/700/700 698/698/698 701/701/701 
f 701/701/701 699/699/699 702/702/702 
f 702/702/702 703/703/703 701/701/701 
f 703/703/703 700/700/700 701/701/701 
f 703/703/703 702/702/702 704/704/704 
f 704/704/704 705/705/705 703/703/703 
f 693/693/693 700/700/700 706/706/706 
f 693/693/693 706/706/706 694/694/694 
f 707/707/707 694/694/694 706/706/706 
f 706/706/706 700/700/700 708/708/708 
f 703/703/703 708/708/708 700/700/700 
f 707/707/707 706/706/706 709/709/709 
f 708/708/708 709/709/709 706/706/706 
f 710/710/710 707/707/707 709/709/709 
f 709/709/709 711/711/711 710/710/710 
f 708/708/708 712/712/712 709/709/709 
f 711/711/711 709/709/709 712/712/712 
f 703/703/703 713/713/713 708/708/708 
f 703/703/703 705/705/705 713/713/713 
f 705/705/705 714/714/714 713/713/713 
f 708/708/708 713/713/713 715/715/715 
f 712/712/712 708/708/708 715/715/715 
f 716/716/716 711/711/711 712/712/712 
f 715/715/715 716/716/716 712/712/712 
f 711/711/711 716/716/716 717/717/717 
f 713/713/713 718/718/718 715/715/715 
f 713/713/713 714/714/714 718/718/718 
f 716/716/716 715/715/715 719/719/719 
f 715/715/715 718/718/718 719/719/719 
f 720/720/720 717/717/717 716/716/716 
f 719/719/719 720/720/720 716/716/716 
f 717/717/717 720/720/720 721/721/721 
f 714/714/714 722/722/722 718/718/718 
f 718/718/718 722/722/722 719/719/719 
f 722/722/722 714/714/714 723/723/723 
f 720/720/720 719/719/719 724/724/724 
f 719/719/719 722/722/722 724/724/724 
f 720/720/720 724/724/724 725/725/725 
f 720/720/720 725/725/725 726/726/726 
f 727/727/727 724/724/724 722/722/722 
f 728/728/728 727/727/727 722/722/722 
f 725/725/725 729/729/729 726/726/726 
f 730/730/730 727/727/727 728/728/728 
f 731/731/731 725/725/725 724/724/724 
f 727/727/727 731/731/731 724/724/724 
f 732/732/732 725/725/725 731/731/731 
f 727/727/727 732/732/732 731/731/731 
f 729/729/729 725/725/725 733/733/733 
f 733/733/733 725/725/725 732/732/732 
f 733/733/733 734/734/734 729/729/729 
f 734/734/734 733/733/733 735/735/735 
f 732/732/732 735/735/735 733/733/733 
f 735/735/735 736/736/736 734/734/734 
f 737/737/737 727/727/727 730/730/730 
f 732/732/732 727/727/727 737/737/737 
f 730/730/730 738/738/738 737/737/737 
f 735/735/735 732/732/732 739/739/739 
f 737/737/737 739/739/739 732/732/732 
f 740/740/740 737/737/737 738/738/738 
f 739/739/739 737/737/737 740/740/740 
f 741/741/741 740/740/740 738/738/738 
f 742/742/742 739/739/739 740/740/740 
f 742/742/742 740/740/740 741/741/741 
f 743/743/743 735/735/735 739/739/739 
f 743/743/743 739/739/739 742/742/742 
f 736/736/736 735/735/735 744/744/744 
f 735/735/735 743/743/743 744/744/744 
f 744/744/744 745/745/745 736/736/736 
f 741/741/741 746/746/746 742/742/742 
f 746/746/746 741/741/741 747/747/747 
f 742/742/742 748/748/748 743/743/743 
f 748/748/748 742/742/742 746/746/746 
f 743/743/743 749/749/749 744/744/744 
f 749/749/749 743/743/743 748/748/748 
f 745/745/745 744/744/744 749/749/749 
f 747/747/747 750/750/750 746/746/746 
f 750/750/750 748/748/748 746/746/746 
f 750/750/750 747/747/747 751/751/751 
f 752/752/752 749/749/749 748/748/748 
f 752/752/752 748/748/748 750/750/750 
f 749/749/749 753/753/753 745/745/745 
f 749/749/749 752/752/752 753/753/753 
f 754/754/754 745/745/745 753/753/753 
f 755/755/755 750/750/750 751/751/751 
f 755/755/755 752/752/752 750/750/750 
f 755/755/755 751/751/751 756/756/756 
f 757/757/757 755/755/755 756/756/756 
f 758/758/758 754/754/754 753/753/753 
f 758/758/758 753/753/753 752/752/752 
f 754/754/754 758/758/758 759/759/759 
f 758/758/758 760/760/760 759/759/759 
f 752/752/752 755/755/755 761/761/761 
f 752/752/752 761/761/761 758/758/758 
f 755/755/755 757/757/757 762/762/762 
f 762/762/762 761/761/761 755/755/755 
f 757/757/757 763/763/763 762/762/762 
f 763/763/763 757/757/757 764/764/764 
f 765/765/765 763/763/763 764/764/764 
f 761/761/761 762/762/762 766/766/766 
f 766/766/766 758/758/758 761/761/761 
f 762/762/762 763/763/763 767/767/767 
f 767/767/767 766/766/766 762/762/762 
f 763/763/763 765/765/765 768/768/768 
f 768/768/768 767/767/767 763/763/763 
f 765/765/765 769/769/769 768/768/768 
f 769/769/769 767/767/767 768/768/768 
f 769/769/769 765/765/765 770/770/770 
f 760/760/760 769/769/769 770/770/770 
f 771/771/771 767/767/767 769/769/769 
f 769/769/769 760/760/760 771/771/771 
f 767/767/767 771/771/771 766/766/766 
f 758/758/758 771/771/771 760/760/760 
f 758/758/758 766/766/766 771/771/771 

